format,gender,cricinfo_id,name,country,Span,Mat,Inns,NO,Runs,HS,Ave,100,50,0,BF,SR,4s,6s,snapshot
Test,male,35320,SR Tendulkar,IND,1989-2013,200,329,33,15921,248*,53.78,51,68,14,,,,,2026-10-06
Test,male,303669,JE Root,ENG,2012-2026,169,309,26,14278,262,50.45,41,69,15,,,,,2026-10-06
Test,male,7133,RT Ponting,AUS,1995-2012,168,287,29,13378,257,51.85,41,62,17,,,,,2026-10-06
Test,male,45789,JH Kallis,ICC/SA,1995-2013,166,280,40,13289,224,55.37,45,58,16,,,,,2026-10-06
Test,male,28114,R Dravid,ICC/IND,1996-2012,164,286,32,13288,270,52.31,36,63,8,,,,,2026-10-06
Test,male,11728,AN Cook,ENG,2006-2018,161,291,16,12472,294,45.35,33,57,9,,,,,2026-10-06
Test,male,50710,KC Sangakkara,SL,2000-2015,134,233,17,12400,319,57.4,38,52,11,,,,,2026-10-06
Test,male,52337,BC Lara,ICC/WI,1990-2006,131,232,6,11953,400*,52.88,34,48,17,,,,,2026-10-06
Test,male,51469,S Chanderpaul,WI,1994-2015,164,280,49,11867,203*,51.37,30,66,15,,,,,2026-10-06
Test,male,49289,DPMD Jayawardene,SL,1997-2014,149,252,15,11814,374,49.84,34,50,15,,,,,2026-10-06
Test,male,4174,AR Border,AUS,1978-1994,156,265,44,11174,205,50.56,27,63,11,,,,,2026-10-06
Test,male,8192,SR Waugh,AUS,1985-2004,168,260,46,10927,200,51.06,32,50,22,,,,,2026-10-06
Test,male,267192,SPD Smith,AUS,2010-2026,125,223,28,10920,239,56,37,45,11,,,,,2026-10-06
Test,male,28794,SM Gavaskar,IND,1971-1987,125,214,16,10122,236*,51.12,34,45,12,,,,,2026-10-06
Test,male,43652,Younis Khan,PAK,2000-2017,118,213,19,10099,313,52.05,34,33,19,,,,,2026-10-06
Test,male,277906,KS Williamson,NZ,2010-2026,110,195,19,9515,251,54.06,33,38,12,,,,,2026-10-06
Test,male,43906,HM Amla,SA,2004-2019,124,215,16,9282,311*,46.64,28,41,13,,,,,2026-10-06
Test,male,47270,GC Smith,ICC/SA,2002-2014,117,205,13,9265,277,48.25,27,38,11,,,,,2026-10-06
Test,male,253802,V Kohli,IND,2011-2025,123,210,13,9230,254*,46.85,30,31,15,,,,,2026-10-06
Test,male,13399,GA Gooch,ENG,1975-1995,118,215,6,8900,333,42.58,20,46,13,,,,,2026-10-06
Test,male,40879,Javed Miandad,PAK,1976-1993,124,189,21,8832,280*,52.57,23,43,6,,,,,2026-10-06
Test,male,40570,Inzamam-ul-Haq,ICC/PAK,1992-2007,120,200,22,8830,329,49.6,25,46,15,,,,,2026-10-06
Test,male,219889,DA Warner,AUS,2011-2024,112,205,8,8786,335*,44.59,26,37,13,,,,,2026-10-06
Test,male,30750,VVS Laxman,IND,1996-2012,134,225,34,8781,281,45.97,17,56,14,,,,,2026-10-06
Test,male,44936,AB de Villiers,SA,2004-2018,114,191,18,8765,278*,50.66,22,46,8,,,,,2026-10-06
Test,male,4578,MJ Clarke,AUS,2004-2015,115,198,22,8643,329*,49.1,28,27,9,,,,,2026-10-06
Test,male,5616,ML Hayden,AUS,1994-2009,103,184,14,8625,380,50.73,30,29,14,,,,,2026-10-06
Test,male,35263,V Sehwag,ICC/IND,2001-2013,104,180,6,8586,319,49.34,23,32,16,,,,,2026-10-06
Test,male,52812,IVA Richards,WI,1974-1991,121,182,12,8540,291,50.23,24,45,10,,,,,2026-10-06
Test,male,20372,AJ Stewart,ENG,1990-2003,133,235,21,8463,190,39.54,15,45,14,,,,,2026-10-06
Test,male,13418,DI Gower,ENG,1978-1992,117,204,18,8231,215,44.25,18,39,7,,,,,2026-10-06
Test,male,49764,AD Mathews,SL,2009-2025,119,212,27,8214,200*,44.4,16,45,6,,,,,2026-10-06
Test,male,19296,KP Pietersen,ENG,2005-2014,104,181,8,8181,227,47.28,23,35,10,,,,,2026-10-06
Test,male,9187,G Boycott,ENG,1964-1982,108,193,23,8114,246*,47.72,22,42,10,,,,,2026-10-06
Test,male,52946,GS Sobers,WI,1954-1974,93,160,21,8032,365*,57.78,26,30,12,,,,,2026-10-06
Test,male,8189,ME Waugh,AUS,1991-2002,128,209,17,8029,153*,41.81,20,47,19,,,,,2026-10-06
Test,male,8579,MA Atherton,ENG,1989-2001,115,212,7,7728,185*,37.69,16,46,20,,,,,2026-10-06
Test,male,9062,IR Bell,ENG,2004-2015,118,205,24,7727,235,42.69,22,46,14,,,,,2026-10-06
Test,male,6256,JL Langer,AUS,1993-2007,105,182,12,7696,250,45.27,23,30,11,,,,,2026-10-06
Test,male,38699,LRPL Taylor,NZ,2007-2022,112,196,24,7683,290,44.66,19,35,14,,,,,2026-10-06
Test,male,10846,MC Cowdrey,ENG,1954-1975,114,188,15,7624,182,44.06,22,38,9,,,,,2026-10-06
Test,male,51901,CG Greenidge,WI,1974-1991,108,185,16,7558,226,44.72,19,34,11,,,,,2026-10-06
Test,male,43650,Mohammad Yousuf,PAK,1998-2010,90,156,12,7530,223,52.29,24,33,11,,,,,2026-10-06
Test,male,7924,MA Taylor,AUS,1989-1999,104,186,13,7525,334*,43.49,19,40,5,,,,,2026-10-06
Test,male,52345,CH Lloyd,WI,1966-1985,110,175,14,7515,242*,46.67,19,39,4,,,,,2026-10-06
Test,male,52047,DL Haynes,WI,1978-1994,116,202,25,7487,184,42.29,18,39,10,,,,,2026-10-06
Test,male,4169,DC Boon,AUS,1984-1996,107,190,20,7422,200,43.65,21,32,16,,,,,2026-10-06
Test,male,45813,G Kirsten,SA,1993-2004,101,176,15,7289,275,45.27,21,34,13,,,,,2026-10-06
Test,male,311158,BA Stokes,ENG,2013-2026,122,220,9,7273,258,34.46,14,37,18,,,,,2026-10-06
Test,male,14022,WR Hammond,ENG,1927-1947,85,140,16,7249,336*,58.45,22,24,4,,,,,2026-10-06
Test,male,227772,FDM Karunaratne,SL,2012-2025,100,191,7,7222,244,39.25,16,39,13,,,,,2026-10-06
Test,male,51880,CH Gayle,WI,2000-2014,103,182,11,7214,333,42.18,15,37,15,,,,,2026-10-06
Test,male,28779,SC Ganguly,IND,1996-2008,113,188,17,7212,239,42.17,16,35,13,,,,,2026-10-06
Test,male,32540,CA Pujara,IND,2010-2023,103,176,11,7195,206*,43.6,19,35,12,,,,,2026-10-06
Test,male,37000,SP Fleming,NZ,1994-2008,111,189,10,7172,274*,40.06,9,46,16,,,,,2026-10-06
Test,male,39037,Azhar Ali,PAK,2010-2022,97,180,11,7142,302*,42.26,19,35,19,,,,,2026-10-06
Test,male,4558,GS Chappell,AUS,1970-1984,87,151,19,7110,247*,53.86,24,31,12,,,,,2026-10-06
Test,male,20387,AJ Strauss,ENG,2004-2012,100,178,6,7037,177,40.91,21,27,15,,,,,2026-10-06
Test,male,4188,DG Bradman,AUS,1928-1948,52,80,10,6996,334,99.94,29,13,7,,,,,2026-10-06
Test,male,49209,ST Jayasuriya,SL,1991-2007,110,188,14,6973,340,40.07,14,31,15,,,,,2026-10-06
Test,male,14334,L Hutton,ENG,1937-1955,79,138,15,6971,364,56.67,19,33,5,,,,,2026-10-06
Test,male,56029,Mushfiqur Rahim,BAN,2005-2026,105,193,17,6876,219*,39.06,14,29,13,,,,,2026-10-06
Test,male,35654,DB Vengsarkar,IND,1976-1992,116,185,22,6868,166,42.13,17,35,15,,,,,2026-10-06
Test,male,9014,KF Barrington,ENG,1955-1968,82,131,15,6806,256,58.67,20,35,5,,,,,2026-10-06
Test,male,21537,GP Thorpe,ENG,1993-2005,100,179,28,6744,200*,44.66,16,39,12,,,,,2026-10-06
Test,male,300628,LD Chandimal,SL,2011-2026,93,166,15,6534,206*,43.27,16,36,8,,,,,2026-10-06
Test,male,37737,BB McCullum,NZ,2004-2016,101,176,9,6453,302,38.64,12,31,14,,,,,2026-10-06
Test,male,388802,TWM Latham,NZ,2014-2026,95,171,6,6450,264*,39.09,17,31,15,,,,,2026-10-06
Test,male,48462,PA de Silva,SL,1984-2002,93,159,11,6361,267,42.97,20,22,7,,,,,2026-10-06
Test,male,5939,MEK Hussey,AUS,2005-2013,79,137,16,6235,195,51.52,19,29,12,,,,,2026-10-06
Test,male,215155,UT Khawaja,AUS,2011-2026,88,159,14,6229,232,42.95,16,28,10,,,,,2026-10-06
Test,male,52287,RB Kanhai,WI,1957-1974,79,137,6,6227,256,47.53,15,28,7,,,,,2026-10-06
Test,male,26329,M Azharuddin,IND,1984-2000,99,147,9,6215,199,45.03,22,21,5,,,,,2026-10-06
Test,male,45224,HH Gibbs,SA,1996-2008,90,154,7,6167,228,41.95,14,26,11,,,,,2026-10-06
Test,male,5603,RN Harvey,AUS,1948-1963,79,137,10,6149,205,48.41,21,24,7,,,,,2026-10-06
Test,male,35712,GR Viswanath,IND,1969-1983,91,155,10,6080,222,41.93,14,35,10,,,,,2026-10-06
Test,male,297433,JM Bairstow,ENG,2012-2024,100,178,12,6042,167*,36.39,12,26,17,,,,,2026-10-06
Test,male,348024,KC Brathwaite,WI,2011-2025,100,193,10,5950,212,32.51,12,31,19,,,,,2026-10-06
Test,male,52810,RB Richardson,WI,1983-1995,86,146,12,5949,194,44.39,16,27,8,,,,,2026-10-06
Test,male,52969,RR Sarwan,WI,2000-2011,87,154,8,5842,291,40.01,15,31,12,,,,,2026-10-06
Test,male,21585,ME Trescothick,ENG,2000-2006,76,143,10,5825,219,43.79,14,29,12,,,,,2026-10-06
Test,male,10777,DCS Compton,ENG,1937-1957,78,131,15,5807,278,50.06,17,28,10,,,,,2026-10-06
Test,male,42623,Saleem Malik,PAK,1982-1999,103,154,22,5768,237,43.69,15,29,12,,,,,2026-10-06
Test,male,14325,N Hussain,ENG,1990-2004,96,171,16,5764,207,37.18,14,33,14,,,,,2026-10-06
Test,male,52066,CL Hooper,WI,1987-2002,102,173,15,5762,233,36.46,13,27,13,,,,,2026-10-06
Test,male,22182,MP Vaughan,ENG,1999-2008,82,147,9,5719,197,41.44,18,18,9,,,,,2026-10-06
Test,male,5390,AC Gilchrist,AUS,1999-2008,96,137,20,5570,204*,47.6,17,26,14,,,,,2026-10-06
Test,male,44111,MV Boucher,ICC/SA,1997-2012,147,206,24,5515,125,30.3,5,35,17,,,,,2026-10-06
Test,male,48124,MS Atapattu,SL,1990-2007,90,156,15,5502,249,39.02,16,17,22,,,,,2026-10-06
Test,male,48472,TM Dilshan,SL,1999-2013,87,145,11,5492,193,40.98,16,23,14,,,,,2026-10-06
Test,male,50424,TT Samaraweera,SL,2001-2013,81,132,20,5462,231,48.76,14,30,11,,,,,2026-10-06
Test,male,36622,MD Crowe,NZ,1982-1995,77,131,11,5444,299,45.36,17,18,9,,,,,2026-10-06
Test,male,14225,JB Hobbs,ENG,1908-1930,61,102,7,5410,211,56.94,15,28,4,,,,,2026-10-06
Test,male,8151,KD Walters,AUS,1965-1981,74,125,14,5357,250,48.26,15,33,4,,,,,2026-10-06
Test,male,230852,D Elgar,SA,2012-2024,86,152,11,5347,199,37.92,14,23,13,,,,,2026-10-06
Test,male,4560,IM Chappell,AUS,1964-1980,75,136,10,5345,196,42.42,14,26,11,,,,,2026-10-06
Test,male,38757,JG Wright,NZ,1978-1993,82,148,7,5334,185,37.82,12,23,7,,,,,2026-10-06
Test,male,7629,MJ Slater,AUS,1993-2001,74,131,7,5312,219,42.83,14,21,9,,,,,2026-10-06
Test,male,30028,N Kapil Dev,IND,1978-1994,131,184,15,5248,163,31.05,8,27,16,,,,,2026-10-06
Test,male,6270,WM Lawry,AUS,1961-1971,67,123,12,5234,210,47.15,13,27,6,,,,,2026-10-06
Test,male,41378,Misbah-ul-Haq,PAK,2001-2017,75,132,20,5222,161*,46.62,10,39,9,,,,,2026-10-06
Test,male,373696,Mominul Haque,BAN,2013-2026,80,149,11,5219,181,37.81,13,28,19,,,,,2026-10-06
Test,male,9163,IT Botham,ENG,1977-1992,102,161,6,5200,208,33.54,14,22,14,,,,,2026-10-06
Test,male,12490,JH Edrich,ENG,1963-1976,77,127,9,5138,310*,43.54,12,24,6,,,,,2026-10-06
Test,male,56194,Tamim Iqbal,BAN,2008-2023,70,134,2,5134,206,38.89,10,31,11,,,,,2026-10-06
Test,male,50244,A Ranatunga,SL,1982-2000,93,155,12,5105,135*,35.69,4,38,12,,,,,2026-10-06
Test,male,277916,AM Rahane,IND,2013-2023,85,144,12,5077,188,38.46,12,26,10,,,,,2026-10-06
Test,male,43695,Zaheer Abbas,PAK,1969-1985,78,124,11,5062,274,44.79,12,20,10,,,,,2026-10-06
Test,male,13434,TW Graveney,ENG,1951-1969,79,123,13,4882,258,44.38,11,20,8,,,,,2026-10-06
Test,male,28081,MS Dhoni,IND,2005-2014,90,144,16,4876,224,38.09,6,33,10,,,,,2026-10-06
Test,male,7619,RB Simpson,AUS,1957-1978,62,111,7,4869,311,46.81,10,27,8,,,,,2026-10-06
Test,male,629074,BKG Mendis,SL,2015-2026,75,139,6,4836,245,36.36,10,23,15,,,,,2026-10-06
Test,male,55427,A Flower,ZIM,1992-2002,63,112,19,4794,232*,51.54,12,27,5,,,,,2026-10-06
Test,male,348144,Babar Azam,PAK,2016-2026,66,122,11,4771,196,42.98,9,34,8,,,,,2026-10-06
Test,male,7314,IR Redpath,AUS,1964-1976,66,120,11,4737,171,43.45,8,31,9,,,,,2026-10-06
Test,male,787987,M Labuschagne,AUS,2018-2026,65,117,9,4730,215,43.79,11,25,4,,,,,2026-10-06
Test,male,36185,NJ Astle,NZ,1996-2006,81,137,10,4702,222,37.02,11,24,11,,,,,2026-10-06
Test,male,316397,Asad Shafiq,PAK,2010-2020,77,128,6,4660,137,38.19,12,27,13,,,,,2026-10-06
Test,male,16178,AJ Lamb,ENG,1982-1992,79,139,10,4656,142,36.09,14,18,9,,,,,2026-10-06
Test,male,530011,TM Head,AUS,2018-2026,67,114,6,4653,175,43.08,12,20,7,,,,,2026-10-06
Test,male,56143,Shakib Al Hasan,BAN,2007-2024,71,130,8,4609,217,37.77,5,31,6,,,,,2026-10-06
Test,male,20413,H Sutcliffe,ENG,1924-1935,54,84,9,4555,194,60.73,16,23,2,,,,,2026-10-06
Test,male,44489,DJ Cullinan,SA,1993-2001,70,115,12,4554,275*,44.21,14,20,10,,,,,2026-10-06
Test,male,50744,HP Tillakaratne,SL,1989-2004,83,131,25,4545,204*,42.87,11,20,9,,,,,2026-10-06
Test,male,16956,PBH May,ENG,1951-1961,66,106,9,4537,285*,46.77,13,22,8,,,,,2026-10-06
Test,male,38710,DL Vettori,ICC/NZ,1997-2014,113,174,23,4531,140,30,6,23,20,,,,,2026-10-06
Test,male,11886,ER Dexter,ENG,1958-1968,62,102,8,4502,205,47.89,9,27,6,,,,,2026-10-06
Test,male,53241,ED Weekes,WI,1948-1958,48,81,5,4455,207,58.61,15,19,6,,,,,2026-10-06
Test,male,465793,DM de Silva,SL,2016-2026,69,123,9,4431,173,38.86,13,20,11,,,,,2026-10-06
Test,male,5724,KJ Hughes,AUS,1977-1984,70,124,6,4415,213,37.41,9,22,10,,,,,2026-10-06
Test,male,13340,MW Gatting,ENG,1978-1995,79,138,14,4409,207,35.55,10,21,16,,,,,2026-10-06
Test,male,6513,DR Martyn,AUS,1992-2006,67,109,14,4406,165,46.37,13,23,7,,,,,2026-10-06
Test,male,52285,AI Kallicharran,WI,1972-1981,66,109,10,4399,187,44.43,12,21,10,,,,,2026-10-06
Test,male,15917,APE Knott,ENG,1967-1981,95,149,15,4389,135,32.75,5,30,8,,,,,2026-10-06
Test,male,26225,M Amarnath,IND,1969-1988,69,113,10,4378,138,42.5,11,24,12,,,,,2026-10-06
Test,male,5628,IA Healy,AUS,1988-1999,119,182,23,4356,161*,27.39,4,22,18,,,,,2026-10-06
Test,male,51797,RC Fredericks,WI,1968-1977,59,109,7,4334,169,42.49,8,26,7,,,,,2026-10-06
Test,male,34102,RG Sharma,IND,2013-2024,67,116,10,4301,212,40.57,12,18,6,,,,,2026-10-06
Test,male,9327,MA Butcher,ENG,1997-2004,71,131,7,4288,173*,34.58,8,23,10,,,,,2026-10-06
Test,male,422108,KL Rahul,IND,2014-2026,70,122,5,4288,199,36.64,12,21,9,,,,,2026-10-06
Test,male,10772,PD Collingwood,ENG,2003-2011,68,115,10,4259,206,40.56,10,20,6,,,,,2026-10-06
Test,male,20263,RA Smith,ENG,1988-1996,62,112,15,4236,175,43.67,9,28,8,,,,,2026-10-06
Test,male,6128,SM Katich,AUS,2001-2010,56,99,6,4188,157,45.03,10,25,4,,,,,2026-10-06
Test,male,44828,F du Plessis,SA,2012-2021,69,118,14,4163,199,40.02,10,21,9,,,,,2026-10-06
Test,male,234675,RA Jadeja,IND,2012-2026,91,136,26,4160,175*,37.81,6,28,8,,,,,2026-10-06
Test,male,28763,G Gambhir,IND,2004-2016,58,104,5,4154,206,41.95,9,22,7,,,,,2026-10-06
Test,male,41308,Mudassar Nazar,PAK,1976-1989,76,116,8,4114,231,38.09,10,17,7,,,,,2026-10-06
Test,male,18675,MJ Prior,ENG,2007-2014,79,123,21,4099,131*,40.18,7,28,13,,,,,2026-10-06
Test,male,42605,Saeed Anwar,PAK,1990-2001,55,91,2,4052,188*,45.52,11,25,8,,,,,2026-10-06
Test,male,237095,M Vijay,IND,2008-2018,61,105,1,3982,167,38.28,12,15,8,,,,,2026-10-06
Test,male,41919,Majid Khan,PAK,1964-1983,63,106,5,3931,167,38.92,8,19,9,,,,,2026-10-06
Test,male,52983,MN Samuels,WI,2000-2016,71,127,7,3917,260,32.64,7,24,14,,,,,2026-10-06
Test,male,40373,Hanif Mohammad,PAK,1952-1969,55,97,8,3915,337,43.98,12,15,5,,,,,2026-10-06
Test,male,53238,FMM Worrell,WI,1948-1963,51,87,9,3860,261,49.48,9,22,11,,,,,2026-10-06
Test,male,12856,A Flintoff,ENG/ICC,1998-2009,79,130,9,3845,167,31.77,5,26,17,,,,,2026-10-06
Test,male,47623,IJL Trott,ENG,2009-2015,52,93,6,3835,226,44.08,9,19,8,,,,,2026-10-06
Test,male,33975,RJ Shastri,IND,1981-1992,80,121,14,3830,206,35.79,11,12,9,,,,,2026-10-06
Test,male,372116,T Bavuma,SA,2014-2025,66,114,14,3810,172,38.1,4,26,10,,,,,2026-10-06
Test,male,40560,Imran Khan,PAK,1971-1992,88,126,25,3807,136,37.69,6,18,8,,,,,2026-10-06
Test,male,53211,CL Walcott,WI,1948-1960,44,74,7,3798,220,56.68,15,14,1,,,,,2026-10-06
Test,male,38924,BJ Watling,NZ,2009-2021,75,117,16,3790,205,37.52,8,19,10,,,,,2026-10-06
Test,male,46774,SM Pollock,SA,1995-2008,108,156,39,3781,111,32.31,2,16,9,,,,,2026-10-06
Test,male,887207,OJ Pope,ENG,2018-2025,64,113,5,3732,205,34.55,9,16,6,,,,,2026-10-06
Test,male,8180,SR Watson,AUS,2005-2015,59,109,3,3731,176,35.19,4,24,6,,,,,2026-10-06
Test,male,931581,RR Pant,IND,2018-2026,52,90,5,3725,159*,43.82,8,21,3,,,,,2026-10-06
Test,male,44485,WJ Cronje,SA,1992-2000,68,111,9,3714,135,36.41,6,23,11,,,,,2026-10-06
Test,male,46788,AG Prince,SA,2002-2011,66,104,16,3665,162*,41.64,11,11,7,,,,,2026-10-06
Test,male,10617,SCJ Broad,ENG,2007-2023,167,244,41,3662,169,18.03,1,13,39,,,,,2026-10-06
Test,male,41434,Mohammad Hafeez,PAK,2003-2018,55,105,8,3652,224,37.64,10,12,8,,,,,2026-10-06
Test,male,41318,Mushtaq Mohammad,PAK,1959-1979,57,100,7,3643,201,39.17,10,19,4,,,,,2026-10-06
Test,male,6502,RW Marsh,AUS,1970-1984,96,150,13,3633,132,26.51,3,16,12,,,,,2026-10-06
Test,male,6044,DM Jones,AUS,1984-1992,52,89,11,3631,216,46.55,11,14,11,,,,,2026-10-06
Test,male,35577,PR Umrigar,IND,1948-1962,59,94,8,3631,223,42.22,12,14,5,,,,,2026-10-06
Test,male,8535,DL Amiss,ENG,1966-1977,50,88,10,3612,262*,46.3,11,11,10,,,,,2026-10-06
Test,male,911707,HC Brook,ENG,2022-2026,41,70,2,3610,317,53.08,10,20,5,,,,,2026-10-06
Test,male,13463,AW Greig,ENG,1972-1977,58,93,4,3599,148,40.43,8,20,5,,,,,2026-10-06
Test,male,665053,Z Crawley,ENG,2019-2026,64,117,2,3586,267,31.18,5,21,12,,,,,2026-10-06
Test,male,39010,Asif Iqbal,PAK,1964-1980,58,99,7,3575,175,38.85,11,12,9,,,,,2026-10-06
Test,male,277472,DM Bravo,WI,2010-2020,56,102,5,3538,218,36.47,8,17,5,,,,,2026-10-06
Test,male,6644,AR Morris,AUS,1946-1955,46,79,3,3533,206,46.48,12,12,4,,,,,2026-10-06
Test,male,14158,EH Hendren,ENG,1920-1935,51,83,9,3525,205*,47.63,7,21,4,,,,,2026-10-06
Test,male,26421,R Ashwin,IND,2011-2024,106,151,15,3503,124,25.75,6,14,9,,,,,2026-10-06
Test,male,46233,B Mitchell,SA,1929-1949,42,80,9,3471,189*,48.88,8,21,3,,,,,2026-10-06
Test,male,55429,GW Flower,ZIM,1992-2004,67,123,6,3457,201*,29.54,6,15,16,,,,,2026-10-06
Test,male,36611,BE Congdon,NZ,1965-1978,61,114,7,3448,176,32.22,7,19,9,,,,,2026-10-06
Test,male,38248,JR Reid,NZ,1949-1965,58,108,5,3428,142,33.28,6,22,5,,,,,2026-10-06
Test,male,5662,C Hill,AUS,1896-1912,49,89,2,3412,191,39.21,7,19,9,,,,,2026-10-06
Test,male,14187,GA Hick,ENG,1991-2001,65,114,6,3383,178,31.32,6,18,11,,,,,2026-10-06
Test,male,8251,GM Wood,AUS,1978-1988,59,112,6,3374,172,31.83,9,13,9,,,,,2026-10-06
Test,male,521637,BM Duckett,ENG,2016-2026,49,91,3,3364,182,38.22,7,16,7,,,,,2026-10-06
Test,male,539511,HM Nicholls,NZ,2016-2026,60,94,9,3358,200*,39.5,11,12,6,,,,,2026-10-06
Test,male,536936,Litton Das,BAN,2015-2026,56,97,2,3356,141,35.32,6,20,5,,,,,2026-10-06
Test,male,51657,PJL Dujon,WI,1981-1991,81,115,11,3322,139,31.94,5,16,8,,,,,2026-10-06
Test,male,36597,CL Cairns,NZ,1989-2004,62,104,5,3320,158,33.53,5,22,7,,,,,2026-10-06
Test,male,40551,Ijaz Ahmed,PAK,1987-2001,60,92,4,3315,211,37.67,12,12,7,,,,,2026-10-06
Test,male,379143,Q de Kock,SA,2014-2021,54,91,6,3300,141*,38.82,6,22,7,,,,,2026-10-06
Test,male,22518,FE Woolley,ENG,1909-1934,64,98,7,3283,154,36.07,5,23,13,,,,,2026-10-06
Test,male,12854,KWR Fletcher,ENG,1968-1982,59,96,14,3272,216,39.9,7,19,6,,,,,2026-10-06
Test,male,5560,BJ Haddin,AUS,2008-2015,66,112,13,3266,169,32.98,4,18,8,,,,,2026-10-06
Test,male,46208,ND McKenzie,SA,2000-2009,58,94,7,3253,226,37.39,5,16,9,,,,,2026-10-06
Test,male,52070,CC Hunte,WI,1958-1967,44,78,6,3245,260,45.06,8,13,5,,,,,2026-10-06
Test,male,30936,VL Manjrekar,IND,1951-1965,55,92,10,3208,189*,39.12,7,15,11,,,,,2026-10-06
Test,male,34028,NS Sidhu,IND,1983-1999,51,78,2,3202,201,42.13,9,15,9,,,,,2026-10-06
Test,male,600498,AK Markram,SA,2017-2025,50,92,2,3192,152,35.46,8,13,7,,,,,2026-10-06
Test,male,51891,HA Gomes,WI,1976-1987,60,91,11,3171,143,39.63,9,13,5,,,,,2026-10-06
Test,male,7980,VT Trumper,AUS,1899-1912,48,89,8,3163,214*,39.04,8,13,7,,,,,2026-10-06
Test,male,8166,SK Warne,AUS,1992-2007,145,199,17,3154,99,17.32,0,12,34,,,,,2026-10-06
Test,male,37224,Sir RJ Hadlee,NZ,1973-1990,86,134,19,3124,151*,27.16,2,15,12,,,,,2026-10-06
Test,male,37712,CD McMillan,NZ,1997-2005,55,91,10,3116,142,38.46,6,19,7,,,,,2026-10-06
Test,male,6554,CC McDonald,AUS,1952-1961,47,83,4,3107,170,39.32,5,17,2,,,,,2026-10-06
Test,male,51239,BF Butcher,WI,1958-1969,44,78,6,3104,209*,43.11,7,16,3,,,,,2026-10-06
Test,male,8917,MM Ali,ENG,2014-2023,68,118,8,3094,155*,28.12,5,15,15,,,,,2026-10-06
Test,male,50804,WPUJC Vaas,SL,1994-2009,111,162,35,3089,100*,24.32,1,13,12,,,,,2026-10-06
Test,male,5607,AL Hassett,AUS,1938-1953,43,69,3,3073,198*,46.56,10,11,1,,,,,2026-10-06
Test,male,391485,JO Holder,WI,2014-2024,69,123,20,3073,202*,29.83,3,14,11,,,,,2026-10-06
Test,male,26962,CG Borde,IND,1958-1969,55,97,11,3061,177*,35.59,5,18,13,,,,,2026-10-06
Test,male,1070173,Shubman Gill,IND,2020-2026,43,77,7,3043,269,43.47,11,9,5,,,,,2026-10-06
Test,male,227760,Sarfaraz Ahmed,PAK,2010-2023,54,95,14,3031,118,37.41,4,21,4,,,,,2026-10-06
Test,male,55906,Habibul Bashar,BAN,2000-2008,50,99,1,3026,113,30.87,3,24,7,,,,,2026-10-06
Test,male,51100,JC Adams,WI,1992-2001,54,90,17,3012,208*,41.26,6,14,7,,,,,2026-10-06
Test,male,42603,Saeed Ahmed,PAK,1958-1973,41,78,4,2991,172,40.41,5,16,2,,,,,2026-10-06
Test,male,38622,GM Turner,NZ,1969-1983,41,73,6,2991,259,44.64,7,14,1,,,,,2026-10-06
Test,male,43363,Taufeeq Umar,PAK,2001-2014,44,83,5,2963,236,37.98,7,14,6,,,,,2026-10-06
Test,male,46589,AD Nourse,SA,1935-1951,34,62,7,2960,231,53.81,9,14,3,,,,,2026-10-06
Test,male,6612,KR Miller,AUS,1946-1956,55,87,7,2958,147,36.97,7,13,5,,,,,2026-10-06
Test,male,47535,HW Taylor,SA,1912-1932,42,76,4,2936,176,40.77,7,17,2,,,,,2026-10-06
Test,male,233901,Shan Masood,PAK,2013-2026,50,96,1,2926,156,30.8,7,15,9,,,,,2026-10-06
Test,male,37491,AH Jones,NZ,1987-1995,39,74,8,2922,186,44.27,7,11,2,,,,,2026-10-06
Test,male,56025,Mahmudullah,BAN,2009-2021,50,94,7,2914,150*,33.49,5,16,11,,,,,2026-10-06
Test,male,308967,JC Buttler,ENG,2014-2022,57,100,9,2907,152,31.94,2,18,9,,,,,2026-10-06
Test,male,431909,J Blackwood,WI,2014-2023,56,102,6,2898,112*,30.18,3,18,7,,,,,2026-10-06
Test,male,52917,D Ramdin,WI,2005-2016,74,126,14,2898,166,25.87,4,15,9,,,,,2026-10-06
Test,male,43547,Wasim Akram,PAK,1985-2002,104,147,19,2898,257*,22.64,3,7,17,,,,,2026-10-06
Test,male,51462,SL Campbell,WI,1995-2002,52,93,4,2882,208,32.38,4,18,7,,,,,2026-10-06
Test,male,38117,AC Parore,NZ,1990-2002,78,128,19,2865,110,26.28,2,14,6,,,,,2026-10-06
Test,male,3982,WW Armstrong,AUS,1902-1921,50,84,10,2863,159*,38.68,6,8,6,,,,,2026-10-06
Test,male,55301,ADR Campbell,ZIM,1992-2002,60,109,4,2858,103,27.21,2,18,10,,,,,2026-10-06
Test,male,6499,GR Marsh,AUS,1985-1992,50,93,7,2854,138,33.18,4,15,3,,,,,2026-10-06
Test,male,429754,N Dickwella,SL,2014-2026,56,100,7,2853,96,30.67,0,23,5,,,,,2026-10-06
Test,male,42420,Ramiz Raja,PAK,1984-1997,57,94,5,2833,122,31.83,2,22,7,,,,,2026-10-06
Test,male,38967,Aamer Sohail,PAK,1992-2000,47,83,3,2823,205,35.28,5,13,6,,,,,2026-10-06
Test,male,43553,Wasim Raja,PAK,1973-1985,57,92,14,2821,125,36.16,4,18,8,,,,,2026-10-06
Test,male,391832,RL Chase,WI,2016-2026,61,112,4,2808,194,26,6,12,15,,,,,2026-10-06
Test,male,7666,KR Stackpole,AUS,1966-1974,43,80,5,2807,207,37.42,7,14,5,,,,,2026-10-06
Test,male,32222,MAK Pataudi,IND,1961-1975,46,83,3,2793,203*,34.91,6,16,7,,,,,2026-10-06
Test,male,47884,KC Wessels,AUS/SA,1982-1994,40,71,3,2788,179,41,6,15,5,,,,,2026-10-06
Test,male,7015,NCL O'Neill,AUS,1958-1965,42,69,8,2779,181,45.55,6,15,6,,,,,2026-10-06
Test,male,38251,MH Richardson,NZ,2000-2004,38,65,3,2776,145,44.77,4,19,1,,,,,2026-10-06
Test,male,16287,M Leyland,ENG,1928-1938,41,65,5,2764,187,46.06,9,10,6,,,,,2026-10-06
Test,male,379140,DP Conway,NZ,2021-2026,36,67,2,2761,227,42.47,8,13,5,,,,,2026-10-06
Test,male,30116,SMH Kirmani,IND,1976-1986,88,124,22,2759,102,27.04,2,12,7,,,,,2026-10-06
Test,male,8448,GN Yallop,AUS,1976-1984,39,70,3,2756,268,41.13,8,9,3,,,,,2026-10-06
Test,male,6540,SJ McCabe,AUS,1930-1938,39,62,5,2748,232,48.21,6,13,4,,,,,2026-10-06
Test,male,41306,Moin Khan,PAK,1990-2004,69,104,8,2741,137,28.55,4,15,5,,,,,2026-10-06
Test,male,55988,Mohammad Ashraful,BAN,2001-2013,61,119,5,2737,190,24,6,8,16,,,,,2026-10-06
Test,male,38413,B Sutcliffe,NZ,1947-1965,42,76,8,2727,230*,40.1,5,15,5,,,,,2026-10-06
Test,male,41303,Mohsin Khan,PAK,1978-1986,48,79,6,2709,200,37.1,7,9,3,,,,,2026-10-06
Test,male,42658,Shoaib Mohammad,PAK,1983-1995,45,68,7,2705,203*,44.34,7,13,6,,,,,2026-10-06
Test,male,629058,Najmul Hossain Shanto,BAN,2017-2026,44,82,2,2694,163,33.67,9,7,8,,,,,2026-10-06
Test,male,36314,MG Burgess,NZ,1968-1980,50,92,6,2684,119*,31.2,5,14,5,,,,,2026-10-06
Test,male,323389,Mohammad Rizwan,PAK,2016-2026,47,80,9,2682,171*,37.77,3,14,4,,,,,2026-10-06
Test,male,36609,JV Coney,NZ,1974-1987,52,85,14,2668,174*,37.57,3,16,3,,,,,2026-10-06
Test,male,41028,Kamran Akmal,PAK,2002-2010,53,92,6,2648,158*,30.79,6,12,14,,,,,2026-10-06
Test,male,47015,JA Rudolph,SA,2003-2012,48,83,9,2622,222*,35.43,6,11,8,,,,,2026-10-06
Test,male,1151278,YBK Jaiswal,IND,2023-2026,31,57,2,2612,214*,47.49,7,13,7,,,,,2026-10-06
Test,male,28624,FM Engineer,IND,1961-1975,46,87,3,2611,121,31.08,2,16,7,,,,,2026-10-06
Test,male,52057,WW Hinds,WI,2000-2005,45,80,1,2608,213,33.01,5,14,6,,,,,2026-10-06
Test,male,226492,MJ Guptill,NZ,2009-2016,47,89,1,2586,189,29.38,3,17,10,,,,,2026-10-06
Test,male,42601,Sadiq Mohammad,PAK,1969-1981,41,74,2,2579,166,35.81,5,10,6,,,,,2026-10-06
Test,male,52199,RD Jacobs,WI,1998-2004,65,112,21,2577,118,28.31,3,14,12,,,,,2026-10-06
Test,male,49626,RS Mahanama,SL,1986-1998,52,89,1,2576,225,29.27,4,11,7,,,,,2026-10-06
Test,male,22322,C Washbrook,ENG,1937-1956,37,66,6,2569,195,42.81,6,12,2,,,,,2026-10-06
Test,male,4161,GS Blewett,AUS,1995-2000,46,79,4,2552,214,34.02,4,15,6,,,,,2026-10-06
Test,male,46973,JN Rhodes,SA,1992-2000,52,80,9,2532,117,35.66,3,17,4,,,,,2026-10-06
Test,male,37254,GP Howarth,NZ,1975-1985,47,83,5,2531,147,32.44,6,11,7,,,,,2026-10-06
Test,male,52636,SM Nurse,WI,1960-1969,29,54,1,2523,258,47.6,6,10,3,,,,,2026-10-06
Test,male,581379,SD Hope,WI,2015-2026,49,93,3,2518,147,27.97,5,7,2,,,,,2026-10-06
Test,male,44045,EJ Barlow,SA,1961-1970,30,57,2,2516,201,45.74,6,15,3,,,,,2026-10-06
Test,male,45234,TL Goddard,SA,1955-1970,41,78,5,2516,112,34.46,1,18,4,,,,,2026-10-06
Test,male,30176,A Kumble,IND,1990-2008,132,173,32,2506,110*,17.77,1,5,17,,,,,2026-10-06
Test,male,311592,MA Starc,AUS,2011-2026,107,157,33,2498,99,20.14,0,13,17,,,,,2026-10-06
Test,male,11914,BL D'Oliveira,ENG,1966-1972,44,70,8,2484,158,40.06,5,15,4,,,,,2026-10-06
Test,male,440516,TA Blundell,NZ,2017-2026,48,79,7,2482,186,34.47,6,12,6,,,,,2026-10-06
Test,male,52347,AL Logie,WI,1983-1991,52,78,9,2470,130,35.79,2,16,8,,,,,2026-10-06
Test,male,19327,DW Randall,ENG,1977-1984,47,79,5,2470,174,33.37,7,12,14,,,,,2026-10-06
Test,male,4095,W Bardsley,AUS,1909-1926,41,66,5,2469,193*,40.47,6,14,6,,,,,2026-10-06
Test,male,38258,KR Rutherford,NZ,1985-1995,56,99,8,2465,107*,27.08,3,18,16,,,,,2026-10-06
Test,male,49005,AP Gurusinha,SL,1985-1996,41,70,7,2452,143,38.92,7,8,3,,,,,2026-10-06
Test,male,33186,P Roy,IND,1951-1960,43,79,4,2442,173,32.56,5,9,14,,,,,2026-10-06
Test,male,12492,WJ Edrich,ENG,1938-1955,39,63,2,2440,219,40,6,13,3,,,,,2026-10-06
Test,male,46203,DJ McGlew,SA,1951-1962,34,64,6,2440,255*,42.06,7,10,4,,,,,2026-10-06
Test,male,12543,TG Evans,ENG,1946-1959,91,133,14,2439,104,20.49,2,8,17,,,,,2026-10-06
Test,male,8532,LEG Ames,ENG,1929-1939,47,72,12,2434,149,40.56,8,7,5,,,,,2026-10-06
Test,male,55814,BRM Taylor,ZIM,2004-2026,37,72,4,2420,171,35.58,6,12,3,,,,,2026-10-06
Test,male,381743,DJ Mitchell,NZ,2019-2026,39,62,6,2411,190,43.05,6,16,2,,,,,2026-10-06
Test,male,47857,JHB Waite,SA,1951-1965,50,86,7,2405,134,30.44,4,16,9,,,,,2026-10-06
Test,male,40582,Imran Farhat,PAK,2001-2013,40,77,2,2400,128,32,3,14,3,,,,,2026-10-06
Test,male,326434,AT Carey,AUS,2021-2026,50,76,8,2387,156,35.1,3,13,4,,,,,2026-10-06
Test,male,19323,MR Ramprakash,ENG,1991-2002,52,92,6,2350,154,27.32,2,12,12,,,,,2026-10-06
Test,male,19376,W Rhodes,ENG,1899-1930,58,98,21,2325,179,30.19,2,11,6,,,,,2026-10-06
Test,male,28235,S Dhawan,IND,2013-2018,34,58,1,2315,190,40.61,7,5,4,,,,,2026-10-06
Test,male,629063,Mehidy Hasan Miraz,BAN,2016-2026,60,107,10,2308,104,23.79,2,10,6,,,,,2026-10-06
Test,male,36837,GT Dowling,NZ,1961-1972,39,77,3,2306,239,31.16,3,11,6,,,,,2026-10-06
Test,male,8246,WM Woodfull,AUS,1926-1934,35,54,4,2300,161,46,7,13,6,,,,,2026-10-06
Test,male,8944,TE Bailey,ENG,1949-1959,61,91,14,2290,134*,29.74,1,10,7,,,,,2026-10-06
Test,male,4241,PJP Burge,AUS,1955-1966,42,68,8,2290,181,38.16,4,12,5,,,,,2026-10-06
Test,male,5438,SE Gregory,AUS,1890-1912,58,100,7,2282,201,24.53,4,8,12,,,,,2026-10-06
Test,male,20255,MJK Smith,ENG,1958-1972,50,78,6,2278,121,31.63,3,11,11,,,,,2026-10-06
Test,male,6683,SE Marsh,AUS,2011-2019,38,68,2,2265,182,34.31,6,10,10,,,,,2026-10-06
Test,male,46772,RG Pollock,SA,1963-1970,23,41,4,2256,274,60.97,7,11,1,,,,,2026-10-06
Test,male,232364,TG Southee,NZ,2008-2024,107,156,11,2245,77*,15.48,0,7,21,,,,,2026-10-06
Test,male,46590,AW Nourse,SA,1902-1924,45,83,8,2234,111,29.78,1,15,3,,,,,2026-10-06
Test,male,29264,Harbhajan Singh,IND,1998-2015,103,145,23,2224,115,18.22,2,9,19,,,,,2026-10-06
Test,male,55608,H Masakadza,ZIM,2001-2018,38,76,2,2223,158,30.04,5,8,10,,,,,2026-10-06
Test,male,55848,GJ Whittall,ZIM,1993-2002,46,82,7,2207,203*,29.42,4,10,6,,,,,2026-10-06
Test,male,4123,R Benaud,AUS,1952-1964,63,97,7,2201,122,24.45,3,9,8,,,,,2026-10-06
Test,male,51439,DJ Bravo,WI,2004-2010,40,71,1,2200,113,31.42,3,13,6,,,,,2026-10-06
Test,male,29290,VS Hazare,IND,1946-1953,30,52,6,2192,164*,47.65,7,9,4,,,,,2026-10-06
Test,male,52050,GA Headley,WI,1930-1954,22,40,4,2190,270*,60.83,10,5,2,,,,,2026-10-06
Test,male,51872,D Ganga,WI,1998-2008,48,86,2,2160,135,25.71,3,9,9,,,,,2026-10-06
Test,male,52953,JB Stollmeyer,WI,1939-1955,32,56,5,2159,160,42.33,4,12,2,,,,,2026-10-06
Test,male,6434,CG Macartney,AUS,1907-1926,35,55,4,2131,170,41.78,7,9,1,,,,,2026-10-06
Test,male,49236,HAPW Jayawardene,SL,2000-2015,58,83,11,2124,154*,29.5,4,5,9,,,,,2026-10-06
Test,male,7131,WH Ponsford,AUS,1924-1934,29,48,4,2122,266,48.22,7,6,1,,,,,2026-10-06
Test,male,46212,RA McLean,SA,1951-1964,40,73,3,2120,142,30.28,5,10,11,,,,,2026-10-06
Test,male,252932,KOA Powell,WI,2011-2021,44,83,1,2113,134,25.76,3,7,8,,,,,2026-10-06
Test,male,35933,AL Wadekar,IND,1966-1974,37,71,3,2113,143,31.07,1,14,7,,,,,2026-10-06
Test,male,30939,MH Mankad,IND,1946-1959,44,72,5,2109,231,31.47,5,6,7,,,,,2026-10-06
Test,male,44932,JP Duminy,SA,2008-2017,46,74,10,2103,166,32.85,6,8,9,,,,,2026-10-06
Test,male,50482,JK Silva,SL,2011-2018,39,74,0,2099,139,28.36,3,12,6,,,,,2026-10-06
Test,male,46934,AN Petersen,SA,2010-2015,36,64,4,2093,182,34.88,5,8,3,,,,,2026-10-06
Test,male,301236,HDRL Thirimanne,SL,2011-2022,44,85,6,2088,155*,26.43,3,10,11,,,,,2026-10-06
Test,male,27619,CPS Chauhan,IND,1969-1981,40,68,2,2084,97,31.57,0,16,6,,,,,2026-10-06
Test,male,272450,MR Marsh,AUS,2014-2024,46,80,7,2083,181,28.53,3,9,9,,,,,2026-10-06
Test,male,40565,Imtiaz Ahmed,PAK,1952-1962,41,72,1,2079,209,29.28,3,11,9,,,,,2026-10-06
Test,male,6033,MG Johnson,AUS,2007-2015,73,109,16,2065,123*,22.2,1,11,19,,,,,2026-10-06
Test,male,34103,K Srikkanth,IND,1981-1992,43,72,3,2062,123,29.88,2,12,7,,,,,2026-10-06
Test,male,4645,RM Cowper,AUS,1964-1968,27,46,2,2061,307,46.84,5,10,3,,,,,2026-10-06
Test,male,19386,PE Richardson,ENG,1956-1963,34,56,1,2061,126,37.47,5,9,1,,,,,2026-10-06
Test,male,29663,ML Jaisimha,IND,1959-1971,39,71,4,2056,129,30.68,3,12,9,,,,,2026-10-06
Test,male,52823,LG Rowe,WI,1972-1980,30,49,2,2047,302,43.55,7,7,2,,,,,2026-10-06
Test,male,30934,SV Manjrekar,IND,1987-1996,37,61,6,2043,218,37.14,4,9,3,,,,,2026-10-06
Test,male,247235,CR Woakes,ENG,2013-2025,62,99,18,2034,137*,25.11,1,7,11,,,,,2026-10-06
Test,male,38929,BA Young,NZ,1993-1999,35,68,4,2034,267*,31.78,2,12,5,,,,,2026-10-06
Test,male,37105,MJ Greatbatch,NZ,1988-1996,41,71,5,2021,146*,30.62,3,10,9,,,,,2026-10-06
Test,male,7388,CJL Rogers,AUS,2008-2015,25,48,1,2015,173,42.87,5,14,1,,,,,2026-10-06
Test,male,45458,AC Hudson,SA,1992-1998,35,63,3,2007,163,33.45,4,13,7,,,,,2026-10-06
Test,male,652687,Saud Shakeel,PAK,2022-2026,26,50,3,2006,208*,42.68,4,11,4,,,,,2026-10-06
Test,male,33850,DN Sardesai,IND,1961-1972,30,55,4,2001,212,39.23,5,9,4,,,,,2026-10-06
Test,male,14119,TW Hayward,ENG,1896-1909,35,60,2,1999,137,34.46,3,12,7,,,,,2026-10-06
Test,male,6936,MA Noble,AUS,1898-1909,42,73,7,1997,133,30.25,1,16,4,,,,,2026-10-06
Test,male,52441,DL Murray,WI,1963-1980,62,96,9,1993,91,22.9,0,11,7,,,,,2026-10-06
Test,male,55412,CR Ervine,ZIM,2011-2026,32,62,3,1991,160,33.74,4,8,2,,,,,2026-10-06
Test,male,55761,HH Streak,ZIM,1993-2005,65,107,18,1990,127*,22.35,1,11,15,,,,,2026-10-06
Test,male,28754,AD Gaekwad,IND,1974-1985,40,70,4,1985,201,30.07,2,10,4,,,,,2026-10-06
Test,male,18640,G Pullar,ENG,1959-1963,28,49,4,1974,175,43.86,4,12,3,,,,,2026-10-06
Test,male,46214,BM McMillan,SA,1992-1998,38,62,12,1968,113,39.36,3,13,3,,,,,2026-10-06
Test,male,47005,EAB Rowan,SA,1935-1951,26,50,5,1965,236,43.66,3,12,4,,,,,2026-10-06
Test,male,18435,JM Parks,ENG,1954-1968,46,68,7,1962,108*,32.16,2,9,3,,,,,2026-10-06
Test,male,36951,BA Edgar,NZ,1978-1986,39,68,4,1958,161,30.59,3,12,7,,,,,2026-10-06
Test,male,39836,Abdul Razzaq,PAK,1999-2006,46,77,9,1946,134,28.61,3,7,4,,,,,2026-10-06
Test,male,55870,SC Williams,ZIM,2013-2025,24,47,4,1946,154,45.25,6,7,0,,,,,2026-10-06
Test,male,29646,W Jaffer,IND,2000-2008,31,58,1,1944,212,34.1,5,11,6,,,,,2026-10-06
Test,male,49361,RS Kaluwitharana,SL,1992-2004,49,78,4,1933,132*,26.12,3,9,5,,,,,2026-10-06
Test,male,16871,AC MacLaren,ENG,1894-1909,35,61,4,1931,140,33.87,5,8,4,,,,,2026-10-06
Test,male,1076713,C Green,AUS,2020-2026,39,62,6,1920,174*,34.28,3,8,5,,,,,2026-10-06
Test,male,45821,L Klusener,SA,1996-2004,49,69,11,1906,174,32.86,4,8,4,,,,,2026-10-06
Test,male,36084,Yuvraj Singh,IND,2003-2012,40,62,6,1900,169,33.92,3,11,7,,,,,2026-10-06
Test,male,42657,Shoaib Malik,PAK,2001-2015,35,60,6,1898,245,35.14,3,8,6,,,,,2026-10-06
Test,male,19500,RC Russell,ENG,1988-1998,54,86,16,1897,128*,27.1,2,6,8,,,,,2026-10-06
Test,male,42683,Salman Butt,PAK,2003-2010,33,62,0,1889,122,30.46,3,10,6,,,,,2026-10-06
Test,male,18411,PH Parfitt,ENG,1961-1972,37,52,6,1882,131*,40.91,7,6,5,,,,,2026-10-06
Test,male,922941,Abdullah Shafique,PAK,2021-2026,28,54,5,1878,201,38.32,6,7,8,,,,,2026-10-06
Test,male,568276,Imam-ul-Haq,PAK,2018-2026,31,58,4,1865,157,34.53,3,11,6,,,,,2026-10-06
Test,male,959767,R Ravindra,NZ,2021-2026,24,44,5,1865,240,47.82,5,7,2,,,,,2026-10-06
Test,male,6525,GRJ Matthews,AUS,1983-1993,33,53,8,1849,130,41.08,4,12,2,,,,,2026-10-06
Test,male,22545,RES Wyatt,ENG,1927-1937,40,64,6,1839,149,31.7,2,12,6,,,,,2026-10-06
Test,male,15385,R Illingworth,ENG,1958-1973,61,90,11,1836,113,23.24,2,5,7,,,,,2026-10-06
Test,male,48122,RP Arnold,SL,1997-2004,44,69,4,1821,123,28.01,3,10,7,,,,,2026-10-06
Test,male,38396,IDS Smith,NZ,1980-1992,63,88,17,1815,173,25.56,2,6,7,,,,,2026-10-06
Test,male,52419,MD Marshall,WI,1978-1991,81,107,11,1810,92,18.85,0,10,15,,,,,2026-10-06
Test,male,10870,JP Crawley,ENG,1994-2003,37,61,9,1800,156*,34.61,4,9,4,,,,,2026-10-06
Test,male,6285,DS Lehmann,AUS,1998-2004,27,42,2,1798,177,44.95,5,10,2,,,,,2026-10-06
Test,male,280734,Imrul Kayes,BAN,2008-2019,39,76,2,1797,150,24.28,3,4,4,,,,,2026-10-06
Test,male,50181,NT Paranavitana,SL,2009-2012,32,60,5,1792,111,32.58,2,11,9,,,,,2026-10-06
Test,male,398778,RJ Burns,ENG,2018-2022,32,59,0,1789,133,30.32,3,11,9,,,,,2026-10-06
Test,male,37250,MJ Horne,NZ,1997-2003,35,65,2,1788,157,28.38,4,5,4,,,,,2026-10-06
Test,male,38062,JDP Oram,NZ,2002-2009,33,59,10,1780,133,36.32,5,6,4,,,,,2026-10-06
Test,male,46945,VD Philander,SA,2011-2020,64,94,20,1779,74,24.04,0,8,8,,,,,2026-10-06
Test,male,4171,BC Booth,AUS,1961-1966,29,48,6,1773,169,42.21,5,10,5,,,,,2026-10-06
Test,male,52962,DS Smith,WI,2003-2018,43,76,2,1760,108,23.78,1,8,7,,,,,2026-10-06
Test,male,21466,CJ Tavare,ENG,1980-1989,31,56,2,1755,149,32.5,2,12,5,,,,,2026-10-06
Test,male,45039,GA Faulkner,SA,1906-1924,25,47,4,1754,204,40.79,4,8,2,,,,,2026-10-06
Test,male,50747,WU Tharanga,SL,2005-2017,31,58,3,1754,165,31.89,3,8,6,,,,,2026-10-06
Test,male,55935,Javed Omar,BAN,2001-2007,40,80,2,1720,119,22.05,1,8,5,,,,,2026-10-06
Test,male,44708,HH Dippenaar,SA,1999-2007,38,62,5,1718,177*,30.14,3,7,8,,,,,2026-10-06
Test,male,42639,Shahid Afridi,PAK,1998-2010,27,48,1,1716,156,36.51,5,8,6,,,,,2026-10-06
Test,male,12514,JE Emburey,ENG,1978-1995,64,96,20,1713,75,22.53,0,10,16,,,,,2026-10-06
Test,male,623977,Salman Agha,PAK,2022-2026,28,53,6,1708,132*,36.34,3,12,4,,,,,2026-10-06
Test,male,272279,NM Lyon,AUS,2011-2026,143,183,50,1705,47,12.81,0,0,20,,,,,2026-10-06
Test,male,49178,HMRKB Herath,SL,1999-2018,93,144,28,1699,80*,14.64,0,3,23,,,,,2026-10-06
Test,male,7358,GM Ritchie,AUS,1982-1987,30,53,5,1690,146,35.2,3,7,1,,,,,2026-10-06
Test,male,44084,KC Bland,SA,1961-1966,21,39,5,1669,144*,49.08,3,9,2,,,,,2026-10-06
Test,male,11870,MH Denness,ENG,1969-1975,28,45,3,1667,188,39.69,4,7,2,,,,,2026-10-06
Test,male,9230,BC Broad,ENG,1984-1989,25,44,2,1661,162,39.54,6,6,3,,,,,2026-10-06
Test,male,21636,JT Tyldesley,ENG,1899-1909,31,55,1,1661,138,30.75,4,9,4,,,,,2026-10-06
Test,male,4897,J Darling,AUS,1894-1905,34,60,2,1657,178,28.56,3,8,8,,,,,2026-10-06
Test,male,232438,GS Ballance,ENG/ZIM,2014-2023,24,44,3,1653,156,40.31,5,7,3,,,,,2026-10-06
Test,male,14041,J Hardstaff jnr,ENG,1935-1948,23,38,3,1636,205*,46.74,4,10,4,,,,,2026-10-06
Test,male,38393,MS Sinclair,NZ,1999-2010,33,56,5,1635,214,32.05,3,4,4,,,,,2026-10-06
Test,male,44964,WR Endean,SA,1951-1958,28,52,4,1630,162*,33.95,3,8,3,,,,,2026-10-06
Test,male,6547,RB McCosker,AUS,1975-1980,25,46,5,1622,127,39.56,4,9,5,,,,,2026-10-06
Test,male,55307,SV Carlisle,ZIM,1995-2005,37,66,6,1615,118,26.91,2,8,7,,,,,2026-10-06
Test,male,230193,MS Wade,AUS,2012-2021,36,63,9,1613,117,29.87,4,5,3,,,,,2026-10-06
Test,male,27667,NJ Contractor,IND,1955-1962,31,52,1,1611,108,31.58,1,11,2,,,,,2026-10-06
Test,male,36075,Yashpal Sharma,IND,1979-1983,37,59,11,1606,140,33.45,2,9,4,,,,,2026-10-06
Test,male,36620,JJ Crowe,NZ,1983-1990,39,65,4,1601,128,26.24,3,6,6,,,,,2026-10-06
Test,male,19445,RT Robinson,ENG,1984-1989,29,49,5,1601,175,36.38,4,6,5,,,,,2026-10-06
Test,male,32323,M Prabhakar,IND,1984-1995,39,58,9,1600,120,32.65,1,9,3,,,,,2026-10-06
Test,male,7597,AP Sheahan,AUS,1967-1974,31,53,6,1594,127,33.91,2,7,3,,,,,2026-10-06
Test,male,4225,WA Brown,AUS,1934-1948,22,35,1,1592,206*,46.82,4,9,1,,,,,2026-10-06
Test,male,32283,SM Patil,IND,1980-1984,29,47,4,1588,174,36.93,4,7,4,,,,,2026-10-06
Test,male,38407,SB Styris,NZ,2002-2007,29,48,4,1586,170,36.04,5,6,5,,,,,2026-10-06
Test,male,489889,PJ Cummins,AUS,2011-2026,74,110,13,1584,64*,16.32,0,3,14,,,,,2026-10-06
Test,male,431905,SO Dowrich,WI,2015-2020,35,62,8,1570,125*,29.07,3,9,8,,,,,2026-10-06
Test,male,784373,PHKD Mendis,SL,2022-2026,18,32,3,1556,182*,53.65,5,7,1,,,,,2026-10-06
Test,male,44427,RH Catterall,SA,1922-1931,24,43,2,1555,120,37.92,3,11,3,,,,,2026-10-06
Test,male,1096092,JL Smith,ENG,2024-2026,25,43,4,1549,184*,39.71,2,10,1,,,,,2026-10-06
Test,male,55805,T Taibu,ZIM,2001-2012,28,54,3,1546,153,30.31,1,12,5,,,,,2026-10-06
Test,male,18475,E Paynter,ENG,1931-1939,20,31,5,1540,243,59.23,4,7,3,,,,,2026-10-06
Test,male,272364,PJ Hughes,AUS,2009-2013,26,49,2,1535,160,32.65,3,7,6,,,,,2026-10-06
Test,male,7252,TD Paine,AUS,2010-2021,35,57,10,1534,92,32.63,0,9,4,,,,,2026-10-06
Test,male,37243,BF Hastings,NZ,1969-1976,31,56,6,1510,117*,30.2,4,7,6,,,,,2026-10-06
Test,male,6445,KD Mackay,AUS,1956-1963,37,52,7,1507,89,33.48,0,13,6,,,,,2026-10-06
Test,male,6299,RR Lindwall,AUS,1946-1960,61,84,13,1502,118,21.15,2,5,9,,,,,2026-10-06
Test,male,42362,Qasim Umar,PAK,1983-1986,26,43,2,1502,210,36.63,3,5,2,,,,,2026-10-06
Test,male,38113,JM Parker,NZ,1973-1980,36,63,2,1498,121,24.55,3,5,4,,,,,2026-10-06
Test,male,629057,Shadman Islam,BAN,2018-2026,30,57,3,1498,120,27.74,2,8,6,,,,,2026-10-06
Test,male,8982,RW Barber,ENG,1960-1968,28,45,3,1495,185,35.59,1,9,1,,,,,2026-10-06
Test,male,40567,Intikhab Alam,PAK,1959-1977,47,77,10,1493,138,22.28,1,8,10,,,,,2026-10-06
Test,male,43656,Yasir Hameed,PAK,2003-2010,25,49,3,1491,170,32.41,2,8,1,,,,,2026-10-06
Test,male,398438,MA Agarwal,IND,2018-2022,21,36,0,1488,243,41.33,4,6,1,,,,,2026-10-06
Test,male,7115,WB Phillips,AUS,1983-1986,27,48,2,1485,159,32.28,2,7,1,,,,,2026-10-06
Test,male,8119,AC Voges,AUS,2015-2016,20,31,7,1485,269*,61.87,5,4,2,,,,,2026-10-06
Test,male,55497,DL Houghton,ZIM,1992-1997,22,36,2,1464,266,43.05,4,4,0,,,,,2026-10-06
Test,male,7702,A Symonds,AUS,2004-2008,26,41,5,1462,162*,40.61,2,10,4,,,,,2026-10-06
Test,male,6278,B Lee,AUS,1999-2008,76,90,18,1451,64,20.15,0,5,14,,,,,2026-10-06
Test,male,21548,FJ Titmus,ENG,1955-1975,53,76,11,1449,84*,22.29,0,10,4,,,,,2026-10-06
Test,male,9208,JM Brearley,ENG,1976-1981,39,66,3,1442,91,22.88,0,9,6,,,,,2026-10-06
Test,male,326632,JA Burns,AUS,2014-2020,23,40,1,1442,180,36.97,4,7,6,,,,,2026-10-06
Test,male,31036,NR Mongia,IND,1994-2001,44,68,8,1442,152,24.03,1,6,6,,,,,2026-10-06
Test,male,51107,CEL Ambrose,WI,1988-2000,98,145,29,1439,53,12.4,0,1,26,,,,,2026-10-06
Test,male,348026,JD Campbell,WI,2019-2026,30,59,7,1438,115,27.65,1,5,4,,,,,2026-10-06
Test,male,299572,Sikandar Raza,ZIM,2013-2025,22,42,0,1434,127,34.14,1,11,3,,,,,2026-10-06
Test,male,55395,C de Grandhomme,NZ,2016-2022,29,44,7,1432,120*,38.7,2,8,6,,,,,2026-10-06
Test,male,7003,WAS Oldfield,AUS,1920-1937,54,80,17,1427,65*,22.65,0,4,9,,,,,2026-10-06
Test,male,6132,C Kelleway,AUS,1910-1928,26,42,4,1422,147,37.42,3,6,1,,,,,2026-10-06
Test,male,13368,AF Giles,ENG,1998-2006,54,81,13,1421,59,20.89,0,4,9,,,,,2026-10-06
Test,male,15463,Hon.FS Jackson,ENG,1893-1905,20,33,4,1415,144*,48.79,5,6,3,,,,,2026-10-06
Test,male,55456,MW Goodwin,ZIM,1998-2000,19,37,4,1414,166*,42.84,3,8,4,,,,,2026-10-06
Test,male,31760,RG Nadkarni,IND,1955-1968,41,67,12,1414,122*,25.7,1,7,6,,,,,2026-10-06
Test,male,55954,Khaled Mashud,BAN,2000-2007,44,84,10,1409,103*,19.04,1,3,11,,,,,2026-10-06
Test,male,230553,KAJ Roach,WI,2009-2026,91,147,31,1403,58*,12.09,0,1,24,,,,,2026-10-06
Test,male,20198,RT Simpson,ENG,1948-1955,27,45,3,1401,156*,33.35,4,6,6,,,,,2026-10-06
Test,male,7416,J Ryder,AUS,1920-1929,20,32,5,1394,201*,51.62,3,9,1,,,,,2026-10-06
Test,male,51110,KLT Arthurton,WI,1988-1995,33,50,5,1382,157*,30.71,2,8,8,,,,,2026-10-06
Test,male,42423,Rashid Latif,PAK,1992-2003,37,57,9,1381,150,28.77,1,7,4,,,,,2026-10-06
Test,male,20431,GP Swann,ENG,2008-2013,60,76,14,1370,85,22.09,0,5,5,,,,,2026-10-06
Test,male,33066,S Ramesh,IND,1999-2001,19,37,1,1367,143,37.97,2,8,3,,,,,2026-10-06
Test,male,43549,Wasim Bari,PAK,1967-1984,81,112,26,1366,85,15.88,0,6,19,,,,,2026-10-06
Test,male,47733,KG Viljoen,SA,1930-1949,27,50,2,1365,124,28.43,2,9,5,,,,,2026-10-06
Test,male,5001,J Dyson,AUS,1977-1984,30,58,7,1359,127*,26.64,2,5,4,,,,,2026-10-06
Test,male,46978,DJ Richardson,SA,1992-1998,42,64,8,1359,109,24.26,1,8,7,,,,,2026-10-06
Test,male,8608,JM Anderson,ENG,2003-2024,188,265,114,1353,81,8.96,0,1,34,,,,,2026-10-06
Test,male,279810,WP Saha,IND,2010-2021,40,56,10,1353,117,29.41,3,6,6,,,,,2026-10-06
Test,male,4602,HL Collins,AUS,1920-1926,19,31,1,1352,203,45.06,4,6,0,,,,,2026-10-06
Test,male,40877,Javed Burki,PAK,1960-1969,25,48,4,1341,140,30.47,3,4,3,,,,,2026-10-06
Test,male,6250,BM Laird,AUS,1979-1982,21,40,2,1341,92,35.28,0,11,2,,,,,2026-10-06
Test,male,267724,KA Maharaj,SA,2016-2025,62,95,8,1334,84,15.33,0,6,19,,,,,2026-10-06
Test,male,38714,L Vincent,NZ,2001-2007,23,40,1,1332,224,34.15,3,9,4,,,,,2026-10-06
Test,male,52941,OG Smith,WI,1955-1959,26,42,0,1331,168,31.69,4,6,8,,,,,2026-10-06
Test,male,49629,LRD Mendis,SL,1982-1988,24,43,1,1329,124,31.64,4,8,2,,,,,2026-10-06
Test,male,4902,AK Davidson,AUS,1953-1963,44,61,7,1328,80,24.59,0,5,1,,,,,2026-10-06
Test,male,28010,SS Das,IND,2000-2002,23,40,2,1326,110,34.89,2,9,3,,,,,2026-10-06
Test,male,52944,JS Solomon,WI,1958-1965,27,46,7,1326,100*,34,1,9,7,,,,,2026-10-06
Test,male,53115,DJG Sammy,WI,2007-2013,38,63,2,1323,106,21.68,1,5,8,,,,,2026-10-06
Test,male,4985,RA Duff,AUS,1902-1905,22,40,3,1317,146,35.59,2,6,0,,,,,2026-10-06
Test,male,44091,N Boje,SA,2000-2006,43,62,10,1312,85,25.23,0,4,5,,,,,2026-10-06
Test,male,1028655,P Nissanka,SL,2021-2026,19,33,2,1310,187,42.25,4,7,0,,,,,2026-10-06
Test,male,12884,G Fowler,ENG,1982-1985,21,37,0,1307,201,35.32,3,8,3,,,,,2026-10-06
Test,male,5696,DW Hookes,AUS,1977-1985,23,41,3,1306,143*,34.36,1,8,4,,,,,2026-10-06
Test,male,49920,MDK Perera,SL,2014-2021,43,77,8,1303,95,18.88,0,7,14,,,,,2026-10-06
Test,male,51641,CA Davis,WI,1968-1973,15,29,5,1301,183,54.2,4,4,1,,,,,2026-10-06
Test,male,16370,BW Luckhurst,ENG,1970-1974,21,41,5,1298,131,36.05,4,5,4,,,,,2026-10-06
Test,male,15481,DR Jardine,ENG,1928-1934,22,33,6,1296,127,48,1,10,2,,,,,2026-10-06
Test,male,38246,JF Reid,NZ,1979-1986,19,31,3,1296,180,46.28,6,2,4,,,,,2026-10-06
Test,male,48470,RL Dias,SL,1982-1987,20,36,1,1285,109,36.71,3,8,2,,,,,2026-10-06
Test,male,31038,KS More,IND,1986-1993,49,64,14,1285,73,25.7,0,7,7,,,,,2026-10-06
Test,male,4242,JW Burke,AUS,1951-1959,24,44,7,1280,189,34.59,3,5,0,,,,,2026-10-06
Test,male,20179,A Shrewsbury snr,ENG,1881-1893,23,40,4,1277,164,35.47,3,4,1,,,,,2026-10-06
Test,male,49125,UC Hathurusingha,SL,1991-1999,26,44,1,1274,83,29.62,0,8,2,,,,,2026-10-06
Test,male,38373,JD Ryder,NZ,2008-2011,18,33,2,1269,201,40.93,3,6,4,,,,,2026-10-06
Test,male,56153,Shahriar Nafees,BAN,2005-2013,24,48,0,1267,138,26.39,1,7,4,,,,,2026-10-06
Test,male,38129,V Pollard,NZ,1965-1973,32,59,7,1266,116,24.34,2,7,4,,,,,2026-10-06
Test,male,595004,K Verreynne,SA,2021-2025,31,48,6,1266,136*,30.14,4,3,4,,,,,2026-10-06
Test,male,34174,RF Surti,IND,1960-1969,26,48,4,1263,99,28.7,0,9,5,,,,,2026-10-06
Test,male,49636,M Muralidaran,ICC/SL,1992-2010,133,164,56,1261,67,11.67,0,1,33,,,,,2026-10-06
Test,male,1168667,J Da Silva,WI,2020-2026,34,60,9,1258,100*,24.66,1,5,5,,,,,2026-10-06
Test,male,698189,PWA Mulder,SA,2019-2025,24,40,5,1253,367*,35.8,3,1,4,,,,,2026-10-06
Test,male,47492,DW Steyn,SA,2004-2019,93,119,27,1251,76,13.59,0,2,14,,,,,2026-10-06
Test,male,51893,GE Gomez,WI,1939-1954,29,46,5,1243,101,30.31,1,8,5,,,,,2026-10-06
Test,male,44419,HB Cameron,SA,1927-1935,26,45,4,1239,90,30.21,0,10,3,,,,,2026-10-06
Test,male,5382,G Giffen,AUS,1881-1896,31,53,0,1238,161,23.35,1,6,5,,,,,2026-10-06
Test,male,30102,Z Khan,IND,2000-2014,92,127,24,1231,75,11.95,0,3,29,,,,,2026-10-06
Test,male,32309,DG Phadkar,IND,1947-1959,31,45,7,1229,123,32.34,2,8,3,,,,,2026-10-06
Test,male,55416,DD Ebrahim,ZIM,2001-2005,29,55,1,1225,94,22.68,0,10,8,,,,,2026-10-06
Test,male,12930,CB Fry,ENG,1896-1912,26,41,3,1223,144,32.18,2,7,3,,,,,2026-10-06
Test,male,50844,S Wettimuny,SL,1982-1987,23,43,1,1221,190,29.07,2,6,5,,,,,2026-10-06
Test,male,5392,JN Gillespie,AUS,1996-2006,71,93,28,1218,201*,18.73,1,2,13,,,,,2026-10-06
Test,male,40375,Haroon Rasheed,PAK,1977-1983,23,36,1,1217,153,34.77,3,5,2,,,,,2026-10-06
Test,male,547749,WA Young,NZ,2020-2025,23,41,3,1215,89,31.97,0,11,1,,,,,2026-10-06
Test,male,17025,G Miller,ENG,1976-1984,34,51,4,1213,98*,25.8,0,7,5,,,,,2026-10-06
Test,male,7308,VS Ransford,AUS,1907-1912,20,38,6,1211,143*,37.84,1,7,2,,,,,2026-10-06
Test,male,28118,SA Durani,IND,1960-1973,29,50,2,1202,104,25.04,1,7,4,,,,,2026-10-06
Test,male,38118,DN Patel,NZ,1987-1997,37,66,8,1200,99,20.68,0,5,10,,,,,2026-10-06
Test,male,21462,MW Tate,ENG,1924-1935,39,52,5,1198,100*,25.48,1,5,5,,,,,2026-10-06
Test,male,6154,AF Kippax,AUS,1925-1934,22,34,1,1192,146,36.12,2,8,1,,,,,2026-10-06
Test,male,5229,JHW Fingleton,AUS,1932-1938,18,29,1,1189,136,42.46,5,3,3,,,,,2026-10-06
Test,male,16993,CP Mead,ENG,1911-1928,17,26,2,1185,182*,49.37,4,3,3,,,,,2026-10-06
Test,male,22442,P Willey,ENG,1976-1986,26,50,6,1184,102*,26.9,2,5,2,,,,,2026-10-06
Test,male,53234,SC Williams,WI,1994-2002,31,52,3,1183,128,24.14,1,3,6,,,,,2026-10-06
Test,male,39950,Abid Ali,PAK,2019-2021,16,26,2,1180,215*,49.16,4,3,2,,,,,2026-10-06
Test,male,33062,GS Ramchand,IND,1952-1960,33,53,5,1180,109,24.58,2,5,6,,,,,2026-10-06
Test,male,300631,MDKJ Perera,SL,2015-2021,22,41,3,1177,153*,30.97,2,7,5,,,,,2026-10-06
Test,male,5130,MTG Elliott,AUS,1996-2004,21,36,1,1172,199,33.48,3,4,5,,,,,2026-10-06
Test,male,15501,GO Jones,ENG,2004-2006,34,53,4,1172,100,23.91,1,6,2,,,,,2026-10-06
Test,male,20159,Rev.DS Sheppard,ENG,1950-1963,22,33,2,1172,119,37.8,3,6,2,,,,,2026-10-06
Test,male,5124,R Edwards,AUS,1972-1975,20,32,3,1171,170*,40.37,2,9,4,,,,,2026-10-06
Test,male,6943,MJ North,AUS,2009-2010,21,35,2,1171,128,35.48,5,4,5,,,,,2026-10-06
Test,male,7898,PM Siddle,AUS,2008-2019,67,94,15,1164,51,14.73,0,2,17,,,,,2026-10-06
Test,male,21494,RW Taylor,ENG,1971-1984,57,83,12,1156,97,16.28,0,3,10,,,,,2026-10-06
Test,male,38390,BW Sinclair,NZ,1963-1968,21,40,1,1148,138,29.43,3,3,5,,,,,2026-10-06
Test,male,5435,JM Gregory,AUS,1920-1928,24,34,3,1146,119,36.96,2,7,3,,,,,2026-10-06
Test,male,50809,MG Vandort,SL,2001-2008,20,33,2,1144,140,36.9,4,4,3,,,,,2026-10-06
Test,male,277914,JA Raval,NZ,2016-2020,24,39,1,1143,132,30.07,1,7,3,,,,,2026-10-06
Test,male,56074,Rajin Saleh,BAN,2003-2008,24,46,2,1141,89,25.93,0,7,8,,,,,2026-10-06
Test,male,364788,BT Foakes,ENG,2018-2024,25,46,7,1139,113*,29.2,2,4,3,,,,,2026-10-06
Test,male,45990,DT Lindsay,SA,1963-1970,19,31,1,1130,182,37.66,3,5,2,,,,,2026-10-06
Test,male,1161381,Mahmudul Hasan Joy,BAN,2021-2026,23,43,0,1129,171,26.25,2,6,8,,,,,2026-10-06
Test,male,51465,MC Carew,WI,1963-1972,19,36,3,1127,109,34.15,1,5,1,,,,,2026-10-06
Test,male,40088,Faisal Iqbal,PAK,2001-2010,26,44,2,1124,139,26.76,1,8,4,,,,,2026-10-06
Test,male,13489,G Gunn,ENG,1907-1930,15,29,1,1120,122*,40,2,7,3,,,,,2026-10-06
Test,male,4089,AC Bannerman,AUS,1879-1893,28,50,2,1108,94,23.08,0,8,3,,,,,2026-10-06
Test,male,16274,CC Lewis,ENG,1990-1996,32,51,3,1105,117,23.02,1,4,6,,,,,2026-10-06
Test,male,32685,IK Pathan,IND,2003-2008,29,40,5,1105,102,31.57,1,6,5,,,,,2026-10-06
Test,male,366725,BOP Fernando,SL,2019-2025,22,39,4,1104,102,31.54,1,7,2,,,,,2026-10-06
Test,male,6950,BP Nash,WI,2008-2011,21,33,0,1103,114,33.42,2,8,0,,,,,2026-10-06
Test,male,550215,K Rabada,SA,2015-2025,73,110,20,1102,71,12.24,0,1,22,,,,,2026-10-06
Test,male,9000,CJ Barnett,ENG,1933-1948,20,35,4,1098,129,35.41,2,5,1,,,,,2026-10-06
Test,male,13424,WG Grace,ENG,1880-1899,22,36,2,1098,170,32.29,2,5,2,,,,,2026-10-06
Test,male,55854,CB Wishart,ZIM,1995-2005,27,50,1,1098,114,22.4,1,5,6,,,,,2026-10-06
Test,male,38992,Alimuddin,PAK,1954-1962,25,45,2,1091,109,25.37,2,7,6,,,,,2026-10-06
Test,male,502714,MJ Santner,NZ,2015-2026,33,46,2,1089,126,24.75,1,4,4,,,,,2026-10-06
Test,male,30009,VG Kambli,IND,1993-1995,17,21,1,1084,227,54.2,4,3,3,,,,,2026-10-06
Test,male,334337,PSP Handscomb,AUS,2016-2023,20,35,6,1079,110,37.2,2,5,2,,,,,2026-10-06
Test,male,236489,DJ Malan,ENG,2017-2022,22,39,0,1074,140,27.53,1,9,2,,,,,2026-10-06
Test,male,5656,AMJ Hilditch,AUS,1979-1985,18,34,0,1073,119,31.55,2,6,3,,,,,2026-10-06
Test,male,4098,SG Barnes,AUS,1938-1948,13,19,2,1072,234,63.05,3,5,1,,,,,2026-10-06
Test,male,43541,Waqar Hasan,PAK,1952-1959,21,35,1,1071,189,31.5,1,6,0,,,,,2026-10-06
Test,male,47195,JH Sinclair,SA,1896-1911,25,47,1,1069,106,23.23,3,3,7,,,,,2026-10-06
Test,male,34085,ED Solkar,IND,1969-1977,27,48,6,1068,102,25.42,1,6,1,,,,,2026-10-06
Test,male,52186,JKC Holt,WI,1954-1959,17,31,2,1066,166,36.75,2,5,2,,,,,2026-10-06
Test,male,293831,RW Chakabva,ZIM,2011-2021,22,43,4,1061,101,27.2,1,5,3,,,,,2026-10-06
Test,male,55973,Mohammad Rafique,BAN,2000-2008,33,63,6,1059,111,18.57,1,4,8,,,,,2026-10-06
Test,male,22520,RA Woolmer,ENG,1975-1981,19,34,2,1059,149,33.09,3,2,4,,,,,2026-10-06
Test,male,42626,Saleem Yousuf,PAK,1982-1990,32,44,5,1055,91*,27.05,0,5,2,,,,,2026-10-06
Test,male,22403,C White,ENG,1994-2002,30,50,7,1052,121,24.46,1,5,8,,,,,2026-10-06
Test,male,42630,Sarfraz Nawaz,PAK,1969-1984,55,72,13,1045,90,17.71,0,4,6,,,,,2026-10-06
Test,male,300618,Nasir Hossain,BAN,2011-2017,19,32,2,1044,100,34.8,1,6,2,,,,,2026-10-06
Test,male,533956,Rahmat Shah,AFG,2018-2026,12,23,0,1043,234,45.34,3,6,4,,,,,2026-10-06
Test,male,30873,S Madan Lal,IND,1974-1986,39,62,16,1042,74,22.65,0,5,7,,,,,2026-10-06
Test,male,519082,DP Sibley,ENG,2019-2021,22,39,3,1042,133*,28.94,2,5,6,,,,,2026-10-06
Test,male,37095,DR Flynn,NZ,2008-2013,24,45,5,1038,95,25.95,0,6,8,,,,,2026-10-06
Test,male,5726,MG Hughes,AUS,1985-1994,53,70,8,1032,72*,16.64,0,2,10,,,,,2026-10-06
Test,male,38973,Abdul Qadir,PAK,1977-1990,67,77,11,1029,61,15.59,0,3,7,,,,,2026-10-06
Test,male,49623,RS Madugalle,SL,1982-1988,21,39,4,1029,103,29.4,1,7,4,,,,,2026-10-06
Test,male,30045,KD Karthik,IND,2004-2018,26,42,1,1025,129,25,1,7,4,,,,,2026-10-06
Test,male,55713,GJ Rennie,ZIM,1997-2002,23,46,1,1023,93,22.73,0,7,5,,,,,2026-10-06
Test,male,26169,S Abid Ali,IND,1967-1974,29,53,3,1018,81,20.36,0,6,3,,,,,2026-10-06
Test,male,52801,AF Rae,WI,1948-1953,15,24,2,1016,109,46.18,4,4,1,,,,,2026-10-06
Test,male,40250,Fawad Alam,PAK,2009-2022,19,30,4,1011,168,38.88,5,2,3,,,,,2026-10-06
Test,male,38735,KJ Wadsworth,NZ,1969-1976,33,51,4,1010,80,21.48,0,5,5,,,,,2026-10-06
Test,male,43543,Waqar Younis,PAK,1989-2003,87,120,21,1010,45,10.2,0,0,21,,,,,2026-10-06
Test,male,34105,J Srinath,IND,1991-2002,67,92,21,1009,76,14.21,0,4,13,,,,,2026-10-06
Test,male,47217,SJ Snooke,SA,1906-1923,26,46,1,1008,103,22.4,1,5,1,,,,,2026-10-06
Test,male,510823,JP Greaves,WI,2024-2026,18,34,4,1006,202*,33.53,3,2,2,,,,,2026-10-06
Test,male,317273,Umar Akmal,PAK,2009-2011,16,30,2,1003,129,35.82,1,6,1,,,,,2026-10-06
Test,male,52934,PV Simmons,WI,1988-1997,26,47,2,1002,110,22.26,1,4,4,,,,,2026-10-06
Test,male,36306,JG Bracewell,NZ,1980-1990,41,60,11,1001,110,20.42,1,4,13,,,,,2026-10-06
Test,male,4531,EJM Cowan,AUS,2011-2013,18,32,0,1001,136,31.28,1,6,2,,,,,2026-10-06
Test,male,6100,IWG Johnson,AUS,1946-1956,45,66,12,1000,77,18.51,0,6,10,,,,,2026-10-06
ODI,male,35320,SR Tendulkar,IND,1989-2012,463,452,41,18426,200*,44.83,49,96,20,21368,86.23,,,2026-10-06
ODI,male,253802,V Kohli,IND,2008-2026,317,305,48,15109,183,58.78,55,79,19,16011,94.36,,,2026-10-06
ODI,male,50710,KC Sangakkara,Asia/ICC/SL,2000-2015,404,380,41,14234,169,41.98,25,93,15,18048,78.86,,,2026-10-06
ODI,male,7133,RT Ponting,AUS/ICC,1995-2012,375,365,39,13704,164,42.03,30,82,20,17046,80.39,,,2026-10-06
ODI,male,49209,ST Jayasuriya,Asia/SL,1989-2011,445,433,18,13430,189,32.36,28,68,34,14725,91.2,,,2026-10-06
ODI,male,49289,DPMD Jayawardene,Asia/SL,1998-2015,448,418,39,12650,144,33.37,19,77,28,16020,78.96,,,2026-10-06
ODI,male,34102,RG Sharma,IND,2007-2026,291,283,37,12120,264,49.26,35,63,16,12979,93.38,,,2026-10-06
ODI,male,40570,Inzamam-ul-Haq,Asia/PAK,1991-2007,378,350,53,11739,137*,39.52,10,83,20,15812,74.24,,,2026-10-06
ODI,male,45789,JH Kallis,Afr/ICC/SA,1996-2014,328,314,53,11579,139,44.36,17,86,17,15885,72.89,,,2026-10-06
ODI,male,28779,SC Ganguly,Asia/IND,1992-2007,311,300,23,11363,183,41.02,22,72,16,15416,73.7,,,2026-10-06
ODI,male,28114,R Dravid,Asia/ICC/IND,1996-2011,344,318,40,10889,153,39.16,12,83,13,15285,71.23,,,2026-10-06
ODI,male,28081,MS Dhoni,Asia/IND,2004-2019,350,297,84,10773,183*,50.57,10,73,10,12303,87.56,,,2026-10-06
ODI,male,51880,CH Gayle,ICC/WI,1999-2019,301,294,17,10480,215,37.83,25,54,25,12019,87.19,,,2026-10-06
ODI,male,52337,BC Lara,ICC/WI,1990-2007,299,289,32,10405,169,40.48,19,63,16,13086,79.51,,,2026-10-06
ODI,male,48472,TM Dilshan,SL,1999-2016,330,303,41,10290,161*,39.27,22,47,11,11933,86.23,,,2026-10-06
ODI,male,43650,Mohammad Yousuf,Asia/PAK,1998-2010,288,273,40,9720,141*,41.71,15,64,15,12942,75.1,,,2026-10-06
ODI,male,5390,AC Gilchrist,AUS/ICC,1996-2008,287,279,11,9619,172,35.89,16,55,19,9922,96.94,,,2026-10-06
ODI,male,44936,AB de Villiers,Afr/SA,2005-2018,228,218,39,9577,176,53.5,25,53,7,9473,101.09,,,2026-10-06
ODI,male,26329,M Azharuddin,IND,1985-2000,334,308,54,9378,153*,36.92,7,58,9,12669,74.02,,,2026-10-06
ODI,male,48462,PA de Silva,SL,1984-2003,308,296,30,9284,145,34.9,11,64,17,11443,81.13,,,2026-10-06
ODI,male,42605,Saeed Anwar,PAK,1989-2003,247,244,19,8824,194,39.21,20,43,15,10938,80.67,,,2026-10-06
ODI,male,51469,S Chanderpaul,WI,1994-2011,268,251,40,8778,150,41.6,11,59,6,12408,70.74,,,2026-10-06
ODI,male,36084,Yuvraj Singh,Asia/IND,2000-2017,304,278,40,8701,150,36.55,14,52,18,9924,87.67,,,2026-10-06
ODI,male,52047,DL Haynes,WI,1978-1994,238,237,28,8648,152*,41.37,17,57,13,13707,63.09,,,2026-10-06
ODI,male,38699,LRPL Taylor,NZ,2006-2022,236,220,39,8607,181*,47.55,21,51,9,10330,83.32,,,2026-10-06
ODI,male,48124,MS Atapattu,SL,1990-2007,268,259,32,8529,132*,37.57,11,59,13,12594,67.72,,,2026-10-06
ODI,male,8189,ME Waugh,AUS,1988-2002,244,236,20,8500,173,39.35,18,50,16,11053,76.9,,,2026-10-06
ODI,male,56194,Tamim Iqbal,BAN,2007-2023,243,240,12,8357,158,36.65,14,56,19,10642,78.52,,,2026-10-06
ODI,male,35263,V Sehwag,Asia/ICC/IND,1999-2013,251,245,9,8273,219,35.05,15,38,14,7929,104.33,,,2026-10-06
ODI,male,43906,HM Amla,SA,2008-2019,181,178,14,8113,159,49.46,27,39,4,9178,88.39,,,2026-10-06
ODI,male,45224,HH Gibbs,SA,1996-2010,248,240,16,8094,175,36.13,21,37,22,9721,83.26,,,2026-10-06
ODI,male,42639,Shahid Afridi,Asia/ICC/PAK,1996-2015,398,369,27,8064,124,23.57,6,39,30,6892,117,,,2026-10-06
ODI,male,37000,SP Fleming,ICC/NZ,1994-2007,280,269,21,8037,134*,32.4,8,49,17,11242,71.49,,,2026-10-06
ODI,male,4578,MJ Clarke,AUS,2003-2015,245,223,44,7981,130,44.58,8,58,10,10104,78.98,,,2026-10-06
ODI,male,303669,JE Root,ENG,2013-2026,195,184,28,7903,166*,50.66,20,48,9,9013,87.68,,,2026-10-06
ODI,male,56029,Mushfiqur Rahim,BAN,2006-2025,274,256,42,7795,144,36.42,9,49,12,9780,79.7,,,2026-10-06
ODI,male,24598,EJG Morgan,ENG/IRE,2006-2022,248,230,34,7701,148,39.29,14,47,18,8447,91.16,,,2026-10-06
ODI,male,56143,Shakib Al Hasan,BAN,2006-2023,247,234,31,7570,134*,37.29,9,56,12,9138,82.84,,,2026-10-06
ODI,male,8192,SR Waugh,AUS,1986-2002,325,288,58,7569,120*,32.9,3,45,15,9971,75.91,,,2026-10-06
ODI,male,42657,Shoaib Malik,PAK,1999-2019,287,258,40,7534,143,34.55,9,44,15,9199,81.9,,,2026-10-06
ODI,male,50244,A Ranatunga,SL,1982-1999,269,255,47,7456,131*,35.84,4,49,18,9571,77.9,,,2026-10-06
ODI,male,40879,Javed Miandad,PAK,1975-1996,233,218,41,7381,119*,41.7,8,50,8,11014,67.01,,,2026-10-06
ODI,male,226492,MJ Guptill,NZ,2009-2022,198,195,19,7346,237*,41.73,18,39,16,8415,87.29,,,2026-10-06
ODI,male,277906,KS Williamson,NZ,2010-2025,175,167,18,7256,148,48.69,15,47,6,8893,81.59,,,2026-10-06
ODI,male,43652,Younis Khan,PAK,2000-2015,265,255,23,7249,144,31.24,7,48,22,9628,75.29,,,2026-10-06
ODI,male,42623,Saleem Malik,PAK,1982-1999,283,256,38,7170,102,32.88,5,47,19,9383,76.41,,,2026-10-06
ODI,male,379143,Q de Kock,SA,2013-2026,164,164,8,7152,178,45.84,23,32,6,7403,96.6,,,2026-10-06
ODI,male,36185,NJ Astle,NZ,1995-2007,223,217,14,7090,145*,34.92,16,41,19,9760,72.64,,,2026-10-06
ODI,male,47270,GC Smith,Afr/SA,2002-2013,197,194,10,6989,141,37.98,10,47,8,8648,80.81,,,2026-10-06
ODI,male,50747,WU Tharanga,Asia/SL,2005-2019,235,223,17,6951,174*,33.74,15,37,17,9155,75.92,,,2026-10-06
ODI,male,219889,DA Warner,AUS,2009-2023,161,159,6,6932,179,45.3,22,33,4,7127,97.26,,,2026-10-06
ODI,male,4144,MG Bevan,AUS,1994-2004,232,196,67,6912,108*,53.58,6,46,5,9320,74.16,,,2026-10-06
ODI,male,45813,G Kirsten,SA,1993-2003,185,185,19,6798,188*,40.95,13,45,11,9436,72.04,,,2026-10-06
ODI,male,28235,S Dhawan,IND,2010-2022,167,164,10,6793,143,44.11,17,39,5,7436,91.35,,,2026-10-06
ODI,male,55427,A Flower,ZIM,1992-2003,213,208,16,6786,145,35.34,4,55,13,9097,74.59,,,2026-10-06
ODI,male,55814,BRM Taylor,ZIM,2004-2026,210,208,15,6756,145*,35,11,39,16,8830,76.51,,,2026-10-06
ODI,male,52812,IVA Richards,WI,1975-1991,187,167,24,6721,189*,47,11,45,7,7451,90.2,,,2026-10-06
ODI,male,348144,Babar Azam,PAK,2015-2026,143,140,16,6626,158,53.43,20,38,5,7652,86.59,,,2026-10-06
ODI,male,41434,Mohammad Hafeez,PAK,2003-2019,218,216,15,6614,140*,32.9,11,38,19,8633,76.61,,,2026-10-06
ODI,male,581379,SD Hope,WI,2016-2026,158,152,24,6590,170,51.48,21,32,6,8153,80.82,,,2026-10-06
ODI,male,55429,GW Flower,ZIM,1992-2010,221,214,18,6571,142*,33.52,6,40,18,9723,67.58,,,2026-10-06
ODI,male,40551,Ijaz Ahmed,PAK,1986-2000,250,232,29,6564,139*,32.33,10,37,14,8174,80.3,,,2026-10-06
ODI,male,4174,AR Border,AUS,1979-1994,273,252,39,6524,127*,30.62,3,39,11,9134,71.42,,,2026-10-06
ODI,male,52810,RB Richardson,WI,1983-1996,224,217,30,6248,122,33.41,5,44,8,9801,63.74,,,2026-10-06
ODI,male,5616,ML Hayden,AUS/ICC,1993-2008,161,155,15,6133,181*,43.8,10,36,9,7767,78.96,,,2026-10-06
ODI,male,37737,BB McCullum,NZ,2002-2016,260,228,28,6083,166,30.41,5,32,20,6312,96.37,,,2026-10-06
ODI,male,303427,PR Stirling,IRE,2008-2026,174,166,3,6080,177,37.3,14,32,13,6951,87.46,,,2026-10-06
ODI,male,6044,DM Jones,AUS,1984-1994,164,161,25,6068,145,44.61,7,46,6,8362,72.56,,,2026-10-06
ODI,male,4169,DC Boon,AUS,1984-1995,181,177,16,5964,122,37.04,5,37,6,9157,65.13,,,2026-10-06
ODI,male,46973,JN Rhodes,SA,1992-2003,245,220,51,5935,121,35.11,2,33,12,7336,80.9,,,2026-10-06
ODI,male,49764,AD Mathews,SL,2008-2023,226,195,48,5916,139*,40.24,3,40,17,7136,82.9,,,2026-10-06
ODI,male,42420,Ramiz Raja,PAK,1985-1997,198,197,15,5841,119*,32.09,9,31,15,9226,63.31,,,2026-10-06
ODI,male,52969,RR Sarwan,WI,2000-2013,181,169,33,5804,120*,42.67,5,38,8,7663,75.74,,,2026-10-06
ODI,male,267192,SPD Smith,AUS,2010-2025,170,154,20,5800,164,43.28,12,35,8,6669,86.96,,,2026-10-06
ODI,male,52066,CL Hooper,WI,1987-2003,227,206,43,5761,113*,35.34,7,29,7,7517,76.63,,,2026-10-06
ODI,male,8180,SR Watson,AUS,2002-2015,190,169,27,5757,185*,40.54,9,33,12,6365,90.44,,,2026-10-06
ODI,male,56025,Mahmudullah,BAN,2007-2025,239,209,53,5689,128*,36.46,4,32,10,7327,77.64,,,2026-10-06
ODI,male,308967,JC Buttler,ENG,2012-2026,204,176,31,5678,162*,39.15,11,30,15,4914,115.54,,,2026-10-06
ODI,male,55608,H Masakadza,ZIM,2001-2019,209,208,4,5658,178*,27.73,5,34,15,7728,73.21,,,2026-10-06
ODI,male,33335,SK Raina,IND,2005-2018,226,194,35,5615,116*,35.31,5,36,14,6005,93.5,,,2026-10-06
ODI,male,52983,MN Samuels,WI,2000-2018,207,196,26,5606,133*,32.97,10,30,11,7463,75.11,,,2026-10-06
ODI,male,44485,WJ Cronje,SA,1992-2000,188,175,31,5565,112,38.64,2,39,8,7277,76.47,,,2026-10-06
ODI,male,44828,F du Plessis,SA,2011-2019,143,136,20,5507,185,47.47,12,35,3,6215,88.6,,,2026-10-06
ODI,male,5939,MEK Hussey,AUS,2004-2012,185,157,44,5442,109*,48.15,3,39,3,6243,87.16,,,2026-10-06
ODI,male,9062,IR Bell,ENG,2004-2015,161,157,14,5416,141,37.87,4,35,6,7019,77.16,,,2026-10-06
ODI,male,5334,AJ Finch,AUS,2013-2022,146,142,3,5406,153*,38.89,17,30,16,6162,87.73,,,2026-10-06
ODI,male,29632,A Jadeja,IND,1992-2000,196,179,36,5359,119,37.47,6,30,10,7678,69.79,,,2026-10-06
ODI,male,6513,DR Martyn,AUS,1992-2006,208,182,51,5346,144*,40.8,5,37,10,6877,77.73,,,2026-10-06
ODI,male,28763,G Gambhir,IND,2003-2013,147,143,11,5238,150*,39.68,11,34,11,6144,85.25,,,2026-10-06
ODI,male,55870,SC Williams,ZIM,2005-2025,164,159,20,5217,174,37.53,8,37,9,6000,86.95,,,2026-10-06
ODI,male,55301,ADR Campbell,ZIM,1992-2003,188,184,14,5185,131*,30.5,7,30,11,7834,66.18,,,2026-10-06
ODI,male,49626,RS Mahanama,SL,1986-1999,213,198,23,5162,119*,29.49,4,35,15,8521,60.57,,,2026-10-06
ODI,male,629074,BKG Mendis,SL,2016-2026,159,155,13,5160,143,36.33,7,36,15,5839,88.37,,,2026-10-06
ODI,male,51901,CG Greenidge,WI,1975-1991,128,127,13,5134,133*,45.03,11,31,3,7908,64.92,,,2026-10-06
ODI,male,41378,Misbah-ul-Haq,PAK,2002-2015,162,149,31,5122,96*,43.4,0,42,6,6945,73.75,,,2026-10-06
ODI,male,44932,JP Duminy,SA,2004-2019,199,179,40,5117,150*,36.81,4,27,7,6052,84.55,,,2026-10-06
ODI,male,10772,PD Collingwood,ENG,2001-2011,197,181,37,5092,120*,35.36,5,26,7,6614,76.98,,,2026-10-06
ODI,male,7702,A Symonds,AUS,1998-2009,198,161,33,5088,156,39.75,6,30,15,5504,92.44,,,2026-10-06
ODI,male,39836,Abdul Razzaq,Asia/PAK,1996-2011,265,228,57,5080,112,29.7,3,23,14,6252,81.25,,,2026-10-06
ODI,male,36597,CL Cairns,ICC/NZ,1991-2006,215,193,25,4950,115,29.46,4,26,9,5874,84.26,,,2026-10-06
ODI,male,38967,Aamer Sohail,PAK,1990-2000,156,155,5,4780,134,31.86,5,31,10,7297,65.5,,,2026-10-06
ODI,male,321777,DA Miller,SA,2010-2026,180,156,45,4762,142,42.9,8,24,9,4565,104.31,,,2026-10-06
ODI,male,37712,CD McMillan,NZ,1997-2007,197,183,16,4707,117,28.18,3,28,9,6198,75.94,,,2026-10-06
ODI,male,36622,MD Crowe,NZ,1982-1995,143,140,18,4704,107*,38.55,4,34,3,6476,72.63,,,2026-10-06
ODI,male,299572,Sikandar Raza,ZIM,2013-2026,159,150,24,4704,141,37.33,7,26,3,5473,85.94,,,2026-10-06
ODI,male,44111,MV Boucher,Afr/SA,1998-2011,295,221,57,4686,147*,28.57,1,26,16,5528,84.76,,,2026-10-06
ODI,male,20372,AJ Stewart,ENG,1989-2003,170,162,14,4677,116,31.6,4,28,13,6841,68.36,,,2026-10-06
ODI,male,388802,TWM Latham,NZ,2012-2026,171,158,21,4664,145*,34.04,8,27,14,5519,84.5,,,2026-10-06
ODI,male,38407,SB Styris,NZ,1999-2011,188,161,23,4483,141,32.48,4,28,9,5645,79.41,,,2026-10-06
ODI,male,19296,KP Pietersen,ENG/ICC,2004-2013,136,125,16,4440,130,40.73,9,25,7,5128,86.58,,,2026-10-06
ODI,male,34028,NS Sidhu,IND,1987-1998,136,127,8,4413,134*,37.08,6,33,7,6329,69.72,,,2026-10-06
ODI,male,37232,CZ Harris,NZ,1990-2004,250,213,62,4379,130,29,1,16,12,6583,66.51,,,2026-10-06
ODI,male,6499,GR Marsh,AUS,1986-1992,117,115,6,4357,126*,39.97,9,22,4,7790,55.93,,,2026-10-06
ODI,male,24611,WTS Porterfield,IRE,2006-2022,148,145,3,4343,139,30.58,11,20,12,6298,68.95,,,2026-10-06
ODI,male,55343,E Chigumbura,Afr/ZIM,2004-2018,213,198,26,4340,117,25.23,2,19,17,5423,80.02,,,2026-10-06
ODI,male,21585,ME Trescothick,ENG,2000-2006,123,122,6,4335,137,37.37,12,21,13,5087,85.21,,,2026-10-06
ODI,male,533956,Rahmat Shah,AFG,2013-2026,132,127,7,4300,143*,35.83,6,33,5,5951,72.25,,,2026-10-06
ODI,male,13399,GA Gooch,ENG,1976-1995,125,122,6,4290,142,36.98,8,23,4,6932,61.88,,,2026-10-06
ODI,male,298438,JJ Roy,ENG,2015-2023,116,110,3,4271,180,39.91,12,21,11,4047,105.53,,,2026-10-06
ODI,male,20387,AJ Strauss,ENG,2003-2011,127,126,8,4205,158,35.63,6,27,9,5195,80.94,,,2026-10-06
ODI,male,34103,K Srikkanth,IND,1981-1992,146,145,4,4091,123,29.01,4,27,11,5702,71.74,,,2026-10-06
ODI,male,16178,AJ Lamb,ENG,1982-1992,122,118,16,4010,118,39.31,4,26,8,5308,75.54,,,2026-10-06
ODI,male,325026,GJ Maxwell,AUS,2012-2025,149,136,18,3990,201*,33.81,4,23,12,3149,126.7,,,2026-10-06
ODI,male,48122,RP Arnold,SL,1997-2007,180,155,43,3950,103,35.26,1,28,7,5443,72.57,,,2026-10-06
ODI,male,49005,AP Gurusinha,SL,1985-1996,147,143,5,3902,117*,28.27,2,22,12,6409,60.88,,,2026-10-06
ODI,male,38757,JG Wright,NZ,1978-1992,149,148,1,3891,101,26.46,1,24,9,6804,57.18,,,2026-10-06
ODI,male,25490,RD Berrington,SCOT,2008-2026,143,134,17,3881,127,33.17,7,21,8,5068,76.57,,,2026-10-06
ODI,male,297433,JM Bairstow,ENG,2011-2023,107,98,8,3868,141*,42.97,11,17,9,3758,102.92,,,2026-10-06
ODI,male,512191,Fakhar Zaman,PAK,2017-2025,92,91,6,3861,210*,45.42,11,19,8,4145,93.14,,,2026-10-06
ODI,male,44489,DJ Cullinan,SA,1993-2000,138,133,16,3860,124,32.99,3,23,10,5492,70.28,,,2026-10-06
ODI,male,300628,LD Chandimal,SL,2010-2022,157,142,21,3854,111,31.85,4,24,11,5191,74.24,,,2026-10-06
ODI,male,14187,GA Hick,ENG,1991-2001,120,118,15,3846,126*,37.33,5,27,10,5191,74.08,,,2026-10-06
ODI,male,25913,Mohammad Nabi,AFG,2009-2026,178,156,18,3792,136,27.47,2,18,6,4308,88.02,,,2026-10-06
ODI,male,50744,HP Tillakaratne,SL,1986-2003,200,168,40,3789,104,29.6,2,13,10,6588,57.51,,,2026-10-06
ODI,male,30028,N Kapil Dev,IND,1978-1994,225,198,39,3783,175*,23.79,1,14,13,3979,95.07,,,2026-10-06
ODI,male,55412,CR Ervine,ZIM,2010-2026,134,130,15,3770,130*,32.78,4,25,12,4915,76.7,,,2026-10-06
ODI,male,43547,Wasim Akram,PAK,1984-2003,356,280,55,3717,86,16.52,0,6,28,4208,88.33,,,2026-10-06
ODI,male,1070173,Shubman Gill,IND,2019-2026,70,69,11,3713,223*,64.01,11,20,1,3594,103.31,,,2026-10-06
ODI,male,49361,RS Kaluwitharana,SL,1990-2004,189,181,14,3711,102*,22.22,2,23,24,4776,77.7,,,2026-10-06
ODI,male,40560,Imran Khan,PAK,1974-1992,175,151,40,3709,102*,33.41,1,19,6,5105,72.65,,,2026-10-06
ODI,male,52934,PV Simmons,WI,1987-1999,143,138,11,3675,122,28.93,5,18,14,5407,67.96,,,2026-10-06
ODI,male,15913,NV Knight,ENG,1996-2003,100,100,10,3637,125*,40.41,5,25,6,5085,71.52,,,2026-10-06
ODI,male,24605,KJ O'Brien,IRE,2006-2021,153,141,18,3619,142,29.42,2,18,6,4076,88.78,,,2026-10-06
ODI,male,45821,L Klusener,SA,1996-2004,171,137,50,3576,103*,41.1,2,19,13,3977,89.91,,,2026-10-06
ODI,male,422108,KL Rahul,IND,2016-2026,101,91,22,3541,129*,51.31,9,20,4,3833,92.38,,,2026-10-06
ODI,male,46774,SM Pollock,Afr/ICC/SA,1996-2008,303,205,72,3519,130,26.45,1,14,20,4059,86.69,,,2026-10-06
ODI,male,7924,MA Taylor,AUS,1989-1997,113,110,1,3514,105,32.23,1,28,4,5908,59.47,,,2026-10-06
ODI,male,35654,DB Vengsarkar,IND,1976-1991,129,120,19,3508,105,34.73,1,23,7,5179,67.73,,,2026-10-06
ODI,male,55988,Mohammad Ashraful,Asia/BAN,2001-2013,177,169,13,3468,109,22.23,3,20,14,4947,70.1,,,2026-10-06
ODI,male,311158,BA Stokes,ENG,2011-2023,114,99,15,3463,182,41.22,5,24,7,3619,95.68,,,2026-10-06
ODI,male,303423,A Balbirnie,IRE,2010-2026,121,114,8,3429,145*,32.34,10,17,8,4593,74.65,,,2026-10-06
ODI,male,24728,SO Tikolo,Afr/KENYA,1996-2014,135,130,12,3428,111,29.05,3,24,13,4524,75.77,,,2026-10-06
ODI,male,44708,HH Dippenaar,Afr/SA,1999-2007,107,95,14,3421,125*,42.23,4,26,4,5047,67.78,,,2026-10-06
ODI,male,272450,MR Marsh,AUS,2011-2026,105,101,12,3395,177*,38.14,4,24,7,3503,96.91,,,2026-10-06
ODI,male,12856,A Flintoff,ENG/ICC,1999-2009,141,122,16,3394,123,32.01,3,18,9,3821,88.82,,,2026-10-06
ODI,male,55805,T Taibu,Afr/ZIM,2001-2012,150,137,21,3393,107*,29.25,2,22,16,5020,67.58,,,2026-10-06
ODI,male,47884,KC Wessels,AUS/SA,1983-1994,109,105,7,3367,107,34.35,1,26,0,6088,55.3,,,2026-10-06
ODI,male,38117,AC Parore,NZ,1992-2002,179,161,32,3314,108,25.68,1,14,19,4867,68.09,,,2026-10-06
ODI,male,530011,TM Head,AUS,2016-2026,85,82,7,3273,154*,43.64,8,18,3,3072,106.54,,,2026-10-06
ODI,male,41306,Moin Khan,PAK,1990-2004,219,183,41,3266,72*,23,0,12,17,4017,81.3,,,2026-10-06
ODI,male,300631,MDKJ Perera,SL,2013-2023,116,111,5,3237,135,30.53,6,17,12,3485,92.88,,,2026-10-06
ODI,male,41028,Kamran Akmal,PAK,2002-2017,157,138,14,3236,124,26.09,5,10,10,3855,83.94,,,2026-10-06
ODI,male,11728,AN Cook,ENG,2006-2014,92,92,4,3204,137,36.4,5,19,7,4154,77.13,,,2026-10-06
ODI,male,301236,HDRL Thirimanne,SL,2010-2019,127,106,14,3194,139*,34.71,4,21,7,4419,72.27,,,2026-10-06
ODI,male,317273,Umar Akmal,PAK,2009-2019,121,110,17,3194,102*,34.34,2,20,8,3712,86.04,,,2026-10-06
ODI,male,25446,KJ Coetzer,SCOT,2008-2023,89,87,5,3192,156,38.92,5,21,8,3875,82.37,,,2026-10-06
ODI,male,13418,DI Gower,ENG,1978-1991,114,111,8,3170,158,30.77,7,12,6,4218,75.15,,,2026-10-06
ODI,male,568276,Imam-ul-Haq,PAK,2017-2025,75,74,7,3152,151,47.04,9,20,3,3846,81.95,,,2026-10-06
ODI,male,38258,KR Rutherford,NZ,1985-1995,121,115,9,3143,108,29.65,2,18,6,4888,64.3,,,2026-10-06
ODI,male,642519,SS Iyer,IND,2017-2026,82,76,7,3136,128*,45.44,5,24,2,3205,97.84,,,2026-10-06
ODI,male,5560,BJ Haddin,AUS,2001-2015,126,115,16,3122,110,31.53,2,16,2,3706,84.24,,,2026-10-06
ODI,male,277472,DM Bravo,WI,2009-2022,122,117,14,3109,124,30.18,4,18,9,4434,70.11,,,2026-10-06
ODI,male,33975,RJ Shastri,IND,1981-1992,150,128,21,3108,109,29.04,4,18,5,5089,61.07,,,2026-10-06
ODI,male,28794,SM Gavaskar,IND,1974-1987,108,102,14,3092,103*,35.13,1,27,8,4966,62.26,,,2026-10-06
ODI,male,6285,DS Lehmann,AUS,1996-2005,117,101,22,3078,119,38.96,4,17,4,3784,81.34,,,2026-10-06
ODI,male,1028655,P Nissanka,SL,2021-2026,82,81,5,3052,210*,40.15,7,19,6,3439,88.74,,,2026-10-06
ODI,male,4451,GJ Bailey,AUS,2012-2016,90,85,10,3044,156,40.58,3,22,3,3645,83.51,,,2026-10-06
ODI,male,232435,CS MacLeod,SCOT,2008-2022,88,86,7,3026,175,38.3,10,13,9,3756,80.56,,,2026-10-06
ODI,male,55787,V Sibanda,Afr/ZIM,2003-2016,127,126,4,2994,116,24.54,2,21,14,4716,63.48,,,2026-10-06
ODI,male,323389,Mohammad Rizwan,PAK,2015-2026,103,94,21,2979,131*,40.8,4,19,3,3519,84.65,,,2026-10-06
ODI,male,51439,DJ Bravo,WI,2004-2014,164,141,24,2968,112*,25.36,2,10,11,3606,82.3,,,2026-10-06
ODI,male,277916,AM Rahane,IND,2011-2018,90,87,3,2962,111,35.26,3,24,6,3767,78.63,,,2026-10-06
ODI,male,55761,HH Streak,Afr/ZIM,1993-2005,189,159,55,2943,79*,28.29,0,13,6,4008,73.42,,,2026-10-06
ODI,male,234675,RA Jadeja,IND,2009-2026,212,142,52,2905,87,32.27,0,13,6,3396,85.54,,,2026-10-06
ODI,male,52057,WW Hinds,WI,1999-2010,119,111,10,2880,127*,28.51,5,14,8,4393,65.55,,,2026-10-06
ODI,male,536936,Litton Das,BAN,2015-2026,104,103,10,2869,176,30.84,5,14,16,3355,85.51,,,2026-10-06
ODI,male,47623,IJL Trott,ENG,2009-2013,68,65,10,2819,137,51.25,4,22,5,3658,77.06,,,2026-10-06
ODI,male,381743,DJ Mitchell,NZ,2021-2026,62,57,8,2811,137,57.36,9,13,0,2975,94.48,,,2026-10-06
ODI,male,52347,AL Logie,WI,1981-1993,158,133,36,2809,109*,28.95,1,14,13,3801,73.9,,,2026-10-06
ODI,male,784367,KIC Asalanka,SL,2021-2026,88,79,10,2798,127,40.55,5,17,5,3105,90.11,,,2026-10-06
ODI,male,37491,AH Jones,NZ,1987-1995,87,87,9,2784,93,35.69,0,25,4,4811,57.86,,,2026-10-06
ODI,male,671805,HG Munsey,SCOT,2017-2026,79,77,10,2777,191,41.44,3,19,7,3085,90.01,,,2026-10-06
ODI,male,6683,SE Marsh,AUS,2008-2019,73,72,4,2773,151,40.77,7,15,3,3406,81.41,,,2026-10-06
ODI,male,29990,M Kaif,IND,2002-2006,125,110,24,2753,111*,32.01,2,17,8,3822,72.03,,,2026-10-06
ODI,male,55307,SV Carlisle,ZIM,1995-2005,111,107,8,2740,121*,27.67,3,9,11,4325,63.35,,,2026-10-06
ODI,male,419873,Mohammad Shahzad,AFG,2009-2019,84,84,3,2727,131*,33.66,6,14,4,3082,88.48,,,2026-10-06
ODI,male,42683,Salman Butt,PAK,2004-2010,78,78,4,2725,136,36.82,8,14,15,3572,76.28,,,2026-10-06
ODI,male,600498,AK Markram,SA,2017-2026,88,84,9,2723,175,36.3,4,14,7,2783,97.84,,,2026-10-06
ODI,male,38624,RG Twose,NZ,1995-2001,87,81,11,2717,103,38.81,1,20,5,3603,75.4,,,2026-10-06
ODI,male,230559,KA Pollard,WI,2007-2022,123,113,9,2706,119,26.01,3,13,15,2866,94.41,,,2026-10-06
ODI,male,55848,GJ Whittall,ZIM,1993-2003,147,142,22,2705,83,22.54,0,11,12,4011,67.43,,,2026-10-06
ODI,male,10582,RS Bopara,ENG,2007-2015,120,109,21,2695,101*,30.62,1,14,4,3462,77.84,,,2026-10-06
ODI,male,440970,Hashmatullah Shahidi,AFG,2013-2026,100,98,19,2681,102,33.93,1,22,6,3904,68.67,,,2026-10-06
ODI,male,337790,HE van der Dussen,SA,2019-2025,71,65,12,2657,134,50.13,6,17,3,3053,87.02,,,2026-10-06
ODI,male,41308,Mudassar Nazar,PAK,1977-1989,122,115,10,2653,95,25.26,0,16,6,5130,51.71,,,2026-10-06
ODI,male,24249,EC Joyce,ENG/IRE,2006-2018,78,77,8,2622,160*,38,6,15,5,3630,72.23,,,2026-10-06
ODI,male,259410,Ahmed Shehzad,PAK,2009-2017,81,81,1,2605,124,32.56,6,14,7,3614,72.08,,,2026-10-06
ODI,male,24289,NJ O'Brien,IRE,2006-2018,103,101,9,2581,109,28.05,1,18,3,3638,70.94,,,2026-10-06
ODI,male,43695,Zaheer Abbas,PAK,1974-1985,62,60,6,2572,123,47.62,7,13,2,3033,84.8,,,2026-10-06
ODI,male,45458,AC Hudson,SA,1991-1997,89,88,1,2559,161,29.41,2,18,6,3960,64.62,,,2026-10-06
ODI,male,326434,AT Carey,AUS,2018-2026,96,88,13,2523,106,33.64,1,14,6,2850,88.52,,,2026-10-06
ODI,male,417268,MH Cross,SCOT,2014-2026,120,105,4,2490,114,24.65,2,14,3,3368,73.93,,,2026-10-06
ODI,male,436677,Soumya Sarkar,BAN,2014-2026,86,81,4,2488,169,32.31,3,15,9,2653,93.78,,,2026-10-06
ODI,male,30009,VG Kambli,IND,1991-2000,104,97,21,2477,106,32.59,2,14,4,3443,71.94,,,2026-10-06
ODI,male,55354,CJ Chibhabha,ZIM,2005-2023,109,109,2,2474,99,23.12,0,16,8,3913,63.22,,,2026-10-06
ODI,male,280734,Imrul Kayes,BAN,2008-2018,78,78,2,2434,144,32.02,4,16,2,3423,71.1,,,2026-10-06
ODI,male,38062,JDP Oram,NZ,2001-2012,160,116,15,2434,101*,24.09,1,13,8,2810,86.61,,,2026-10-06
ODI,male,1159641,MD Patel,USA,2019-2026,76,75,4,2432,130,34.25,3,19,11,2999,81.09,,,2026-10-06
ODI,male,320652,Asghar Afghan,AFG,2009-2021,114,108,10,2424,101,24.73,1,12,7,3630,66.77,,,2026-10-06
ODI,male,24705,TM Odoyo,Afr/KENYA,1996-2014,136,119,16,2420,111*,23.49,1,8,13,3438,70.38,,,2026-10-06
ODI,male,249866,AD Hales,ENG,2014-2019,70,67,3,2419,171,37.79,6,14,5,2527,95.72,,,2026-10-06
ODI,male,20263,RA Smith,ENG,1988-1996,71,70,8,2419,167*,39.01,4,15,4,3473,69.65,,,2026-10-06
ODI,male,539511,HM Nicholls,NZ,2015-2026,92,90,16,2415,124*,32.63,1,17,8,3065,78.79,,,2026-10-06
ODI,male,38714,L Vincent,NZ,2001-2007,102,99,10,2413,172,27.11,3,11,8,3453,69.88,,,2026-10-06
ODI,male,519070,MG Erasmus,NAM,2019-2026,75,72,6,2400,125,36.36,2,19,4,3100,77.41,,,2026-10-06
ODI,male,1127317,SA Edwards,NED,2018-2026,76,70,11,2391,86,40.52,0,24,4,2806,85.21,,,2026-10-06
ODI,male,21537,GP Thorpe,ENG,1993-2002,82,77,13,2380,89,37.18,0,21,3,3344,71.17,,,2026-10-06
ODI,male,1072488,RK Paudel,NEP,2018-2026,90,85,6,2356,126,29.82,2,12,5,3180,74.08,,,2026-10-06
ODI,male,8917,MM Ali,ENG,2014-2023,138,112,15,2355,128,24.27,3,6,6,2399,98.16,,,2026-10-06
ODI,male,30750,VVS Laxman,IND,1998-2006,86,83,7,2338,131,30.76,6,10,3,3282,71.23,,,2026-10-06
ODI,male,233514,NLTC Perera,SL,2009-2021,166,133,16,2338,140,19.98,1,10,11,2086,112.08,,,2026-10-06
ODI,male,34059,RR Singh,IND,1989-2001,136,113,23,2336,100,25.95,1,9,5,3144,74.3,,,2026-10-06
ODI,male,14325,N Hussain,ENG,1989-2003,88,87,10,2332,115,30.28,1,16,6,3481,66.99,,,2026-10-06
ODI,male,4558,GS Chappell,AUS,1971-1983,74,72,14,2331,138*,40.18,3,14,7,3079,75.7,,,2026-10-06
ODI,male,227760,Sarfaraz Ahmed,PAK,2007-2021,117,91,22,2315,105,33.55,2,11,1,2635,87.85,,,2026-10-06
ODI,male,643197,MP O'Dowd,NED,2019-2026,72,71,4,2300,158*,34.32,1,16,4,3119,73.74,,,2026-10-06
ODI,male,51462,SL Campbell,WI,1994-2001,90,87,0,2283,105,26.24,2,14,9,3853,59.25,,,2026-10-06
ODI,male,431901,E Lewis,WI,2016-2025,70,67,5,2279,176*,36.75,5,12,3,2645,86.16,,,2026-10-06
ODI,male,38710,DL Vettori,ICC/NZ,1997-2015,295,187,57,2253,83,17.33,0,4,23,2715,82.98,,,2026-10-06
ODI,male,391485,JO Holder,WI,2013-2023,138,114,24,2237,99*,24.85,0,12,11,2479,90.23,,,2026-10-06
ODI,male,55612,S Matsikenyeri,ZIM,2002-2015,113,110,9,2224,90,22.01,0,13,8,3072,72.39,,,2026-10-06
ODI,male,8251,GM Wood,AUS,1978-1989,83,77,11,2219,114*,33.62,3,11,4,3725,59.57,,,2026-10-06
ODI,male,37105,MJ Greatbatch,NZ,1988-1996,84,83,5,2206,111,28.28,2,13,7,3099,71.18,,,2026-10-06
ODI,male,51100,JC Adams,WI,1992-2001,127,105,28,2204,82,28.62,0,14,7,3614,60.98,,,2026-10-06
ODI,male,56153,Shahriar Nafees,BAN,2005-2011,75,75,5,2201,123*,31.44,4,13,11,3167,69.49,,,2026-10-06
ODI,male,52917,D Ramdin,WI,2005-2016,139,110,22,2200,169,25,2,8,4,2738,80.35,,,2026-10-06
ODI,male,1058514,Aasif Sheikh,NEP,2021-2026,76,76,5,2174,110,30.61,2,15,5,2868,75.8,,,2026-10-06
ODI,male,372116,T Bavuma,SA,2016-2026,57,55,5,2168,144,43.36,6,8,2,2484,87.27,,,2026-10-06
ODI,male,55906,Habibul Bashar,BAN,1995-2007,111,105,5,2168,78,21.68,0,14,18,3586,60.45,,,2026-10-06
ODI,male,974087,Rahmanullah Gurbaz,AFG,2021-2026,59,59,1,2165,151,37.32,9,8,3,2387,90.69,,,2026-10-06
ODI,male,436757,H Klaasen,SA,2018-2025,60,56,7,2141,174,43.69,4,11,2,1829,117.05,,,2026-10-06
ODI,male,9163,IT Botham,ENG,1976-1992,116,106,15,2113,79,23.21,0,9,6,2671,79.1,,,2026-10-06
ODI,male,921509,Ibrahim Zadran,AFG,2019-2026,46,46,3,2110,177,49.06,7,10,2,2573,82,,,2026-10-06
ODI,male,961407,HT Tector,IRE,2020-2026,58,53,6,2098,140,44.63,5,15,4,2560,81.95,,,2026-10-06
ODI,male,13340,MW Gatting,ENG,1977-1993,92,88,17,2095,115*,29.5,1,9,4,2968,70.58,,,2026-10-06
ODI,male,12803,NH Fairbrother,ENG,1987-1999,75,71,18,2092,113,39.47,1,16,2,2903,72.06,,,2026-10-06
ODI,male,52681,RL Powell,WI,1999-2005,109,100,16,2085,124,24.82,1,8,8,2157,96.66,,,2026-10-06
ODI,male,629058,Najmul Hossain Shanto,BAN,2018-2026,70,69,5,2076,122*,32.43,4,12,9,2690,77.17,,,2026-10-06
ODI,male,8291,CL White,AUS,2005-2018,91,77,16,2072,105,33.96,2,11,4,2586,80.12,,,2026-10-06
ODI,male,24609,GC Wilson,IRE,2007-2019,105,99,12,2072,113,23.81,1,12,6,2880,71.94,,,2026-10-06
ODI,male,524049,Najibullah Zadran,AFG,2012-2023,92,84,13,2060,104*,29.01,1,15,4,2312,89.1,,,2026-10-06
ODI,male,547749,WA Young,NZ,2021-2026,63,63,5,2050,120,35.34,4,12,7,2424,84.57,,,2026-10-06
ODI,male,24752,CO Obuya,KENYA,2001-2014,104,89,9,2044,98*,25.55,0,11,6,2981,68.56,,,2026-10-06
ODI,male,43656,Yasir Hameed,PAK,2003-2007,56,56,1,2028,127*,36.87,3,12,2,3029,66.95,,,2026-10-06
ODI,male,50804,WPUJC Vaas,Asia/SL,1994-2008,322,220,72,2025,50*,13.68,0,1,25,2796,72.42,,,2026-10-06
ODI,male,307756,Jatinder Singh,OMA,2019-2026,70,69,2,2020,130,30.14,5,10,2,2628,76.86,,,2026-10-06
ODI,male,24714,KO Otieno,KENYA,1996-2009,90,87,1,2016,144,23.44,2,12,12,3561,56.61,,,2026-10-06
ODI,male,25056,A Vala,PNG,2014-2023,66,66,1,2003,104,30.81,1,12,5,2892,69.26,,,2026-10-06
ODI,male,30934,SV Manjrekar,IND,1988-1996,74,70,10,1994,105,33.23,1,15,3,3101,64.3,,,2026-10-06
ODI,male,604302,N Pooran,WI,2019-2023,61,58,8,1983,118,39.66,3,11,3,2000,99.15,,,2026-10-06
ODI,male,22182,MP Vaughan,ENG,2001-2007,86,83,10,1982,90*,27.15,0,16,9,2898,68.39,,,2026-10-06
ODI,male,787987,M Labuschagne,AUS,2020-2026,72,64,5,1980,124,33.55,2,13,4,2428,81.54,,,2026-10-06
ODI,male,52345,CH Lloyd,WI,1973-1985,87,69,19,1977,102,39.54,1,11,1,2434,81.22,,,2026-10-06
ODI,male,44956,GD Elliott,NZ,2008-2016,83,69,11,1976,115,34.06,2,11,6,2416,81.78,,,2026-10-06
ODI,male,5724,KJ Hughes,AUS,1977-1985,97,88,6,1968,98,24,0,17,12,2919,67.42,,,2026-10-06
ODI,male,23797,A Bagai,CAN,2003-2013,62,60,8,1964,137*,37.76,2,16,2,2995,65.57,,,2026-10-06
ODI,male,53116,LMP Simmons,WI,2006-2015,68,65,3,1958,122,31.58,2,16,9,2680,73.05,,,2026-10-06
ODI,male,56266,Aftab Ahmed,BAN,2004-2010,85,85,6,1954,92,24.73,0,14,8,2353,83.04,,,2026-10-06
ODI,male,51657,PJL Dujon,WI,1981-1991,169,120,36,1945,82*,23.15,0,6,8,2881,67.51,,,2026-10-06
ODI,male,26225,M Amarnath,IND,1975-1989,85,75,12,1924,102*,30.53,2,13,2,3334,57.7,,,2026-10-06
ODI,male,465793,DM de Silva,SL,2016-2026,93,85,10,1924,93,25.65,0,10,4,2469,77.92,,,2026-10-06
ODI,male,51110,KLT Arthurton,WI,1988-1999,105,93,20,1904,84,26.08,0,9,12,2822,67.46,,,2026-10-06
ODI,male,625371,HH Pandya,IND,2016-2025,94,68,10,1904,92*,32.82,0,11,4,1717,110.89,,,2026-10-06
ODI,male,40563,Imran Nazir,PAK,1999-2009,79,79,2,1895,160,24.61,2,9,10,2339,81.01,,,2026-10-06
ODI,male,629063,Mehidy Hasan Miraz,BAN,2017-2026,125,93,14,1889,112*,23.91,2,7,5,2494,75.74,,,2026-10-06
ODI,male,41303,Mohsin Khan,PAK,1977-1986,75,75,5,1877,117*,26.81,2,8,3,3373,55.64,,,2026-10-06
ODI,male,36609,JV Coney,NZ,1979-1987,88,80,19,1874,66*,30.72,0,8,1,2885,64.95,,,2026-10-06
ODI,male,53115,DJG Sammy,WI,2004-2015,126,105,30,1871,89,24.94,0,9,4,1870,100.05,,,2026-10-06
ODI,male,230193,MS Wade,AUS,2012-2021,97,83,12,1867,100*,26.29,1,11,5,2288,81.59,,,2026-10-06
ODI,male,1178586,V Aravind,UAE,2019-2025,63,63,3,1865,115*,31.08,2,9,6,2731,68.29,,,2026-10-06
ODI,male,52199,RD Jacobs,WI,1996-2004,147,112,32,1865,80*,23.31,0,9,11,2662,70.06,,,2026-10-06
ODI,male,32323,M Prabhakar,IND,1984-1996,130,98,21,1858,106,24.12,2,11,8,3083,60.26,,,2026-10-06
ODI,male,39037,Azhar Ali,PAK,2011-2018,53,53,3,1845,102,36.9,3,12,3,2478,74.45,,,2026-10-06
ODI,male,820677,KU Carty,WI,2022-2026,55,51,5,1836,170,39.91,4,6,2,2442,75.18,,,2026-10-06
ODI,male,20123,OA Shah,ENG,2001-2009,71,66,6,1834,107*,30.56,1,12,6,2331,78.67,,,2026-10-06
ODI,male,55456,MW Goodwin,ZIM,1998-2000,71,70,3,1818,112*,27.13,2,8,1,2654,68.5,,,2026-10-06
ODI,male,55954,Khaled Mashud,BAN,1995-2006,126,110,27,1818,71*,21.9,0,7,8,3315,54.84,,,2026-10-06
ODI,male,36951,BA Edgar,NZ,1978-1986,64,64,5,1814,102*,30.74,1,10,3,3685,49.22,,,2026-10-06
ODI,male,318339,Samiullah Shinwari,AFG,2009-2019,84,74,12,1811,96,29.2,0,11,1,2765,65.49,,,2026-10-06
ODI,male,5766,DJ Hussey,AUS,2008-2013,69,61,6,1796,111,32.65,1,14,4,1980,90.7,,,2026-10-06
ODI,male,8579,MA Atherton,ENG,1990-1998,54,54,3,1791,127,35.11,2,12,4,3054,58.64,,,2026-10-06
ODI,male,56007,Mashrafe Mortaza,Asia/BAN,2001-2020,220,158,28,1787,51*,13.74,0,1,15,2041,87.55,,,2026-10-06
ODI,male,5628,IA Healy,AUS,1988-1997,168,120,36,1764,56,21,0,4,9,2104,83.84,,,2026-10-06
ODI,male,794707,DS Airee,NEP,2018-2026,82,77,7,1754,105,25.05,2,10,8,2260,77.61,,,2026-10-06
ODI,male,30045,KD Karthik,IND,2004-2019,94,79,21,1752,79,30.2,0,9,6,2392,73.24,,,2026-10-06
ODI,male,37224,Sir RJ Hadlee,NZ,1973-1990,115,98,17,1751,79,21.61,0,4,4,2319,75.5,,,2026-10-06
ODI,male,318788,Haris Sohail,PAK,2013-2023,45,44,5,1749,130,44.84,2,14,1,2046,85.48,,,2026-10-06
ODI,male,1241277,Muhammad Waseem,UAE,2022-2026,69,69,0,1745,119,25.28,1,9,7,2000,87.25,,,2026-10-06
ODI,male,40582,Imran Farhat,PAK,2001-2013,58,58,2,1719,107,30.69,1,13,3,2489,69.06,,,2026-10-06
ODI,male,55854,CB Wishart,ZIM,1996-2005,90,82,8,1719,172*,23.22,2,5,8,2436,70.56,,,2026-10-06
ODI,male,42423,Rashid Latif,PAK,1992-2003,166,117,29,1709,79,19.42,0,3,8,2237,76.39,,,2026-10-06
ODI,male,49010,DA Gunawardene,SL,1998-2006,61,61,1,1708,132,28.46,1,12,5,2389,71.49,,,2026-10-06
ODI,male,794713,K Bhurtel,NEP,2021-2026,74,73,2,1701,120*,23.95,2,9,9,2087,81.5,,,2026-10-06
ODI,male,990031,Towhid Hridoy,BAN,2023-2026,56,51,7,1698,100,38.59,1,14,2,2174,78.1,,,2026-10-06
ODI,male,33141,AT Rayudu,IND,2013-2019,55,50,14,1694,124*,47.05,3,10,3,2143,79.04,,,2026-10-06
ODI,male,379140,DP Conway,NZ,2021-2026,43,42,3,1692,152*,43.38,5,6,2,1926,87.85,,,2026-10-06
ODI,male,46208,ND McKenzie,SA,2000-2009,64,55,10,1688,131*,37.51,2,10,2,2432,69.4,,,2026-10-06
ODI,male,55528,NC Johnson,ZIM,1998-2000,48,48,2,1679,132*,36.5,4,11,2,2389,70.28,,,2026-10-06
ODI,male,38929,BA Young,NZ,1990-1999,74,73,5,1668,74,24.52,0,9,5,2733,61.03,,,2026-10-06
ODI,male,957645,Aaron Jones,USA,2019-2025,52,52,3,1664,123*,33.95,1,11,2,2329,71.44,,,2026-10-06
ODI,male,502714,MJ Santner,NZ,2015-2026,129,95,34,1648,67,27.01,0,3,3,1789,92.11,,,2026-10-06
ODI,male,670025,SO Hetmyer,WI,2017-2026,59,54,4,1638,139,32.76,5,5,3,1556,105.26,,,2026-10-06
ODI,male,521637,BM Duckett,ENG,2016-2026,40,40,1,1628,165,41.74,4,10,5,1633,99.69,,,2026-10-06
ODI,male,48369,UDU Chandana,SL,1994-2007,147,111,17,1627,89,17.3,0,5,8,2229,72.99,,,2026-10-06
ODI,male,209457,CK Kapugedera,SL,2006-2017,102,84,7,1624,95,21.09,0,8,7,2254,72.04,,,2026-10-06
ODI,male,414966,MA Leask,SCOT,2014-2026,98,77,15,1624,107*,26.19,1,8,5,1434,113.24,,,2026-10-06
ODI,male,701217,Aarif Sheikh,NEP,2018-2026,77,67,9,1604,84,27.65,0,9,5,2443,65.65,,,2026-10-06
ODI,male,429754,N Dickwella,SL,2014-2022,55,52,1,1604,116,31.45,2,9,1,1717,93.41,,,2026-10-06
ODI,male,345821,MD Gunathilaka,SL,2015-2022,47,46,1,1601,133,35.57,2,11,1,1844,86.82,,,2026-10-06
ODI,male,1193310,SR Mukkamalla,USA,2022-2026,45,44,5,1599,137*,41,4,9,5,1944,82.25,,,2026-10-06
ODI,male,38622,GM Turner,NZ,1973-1983,41,40,6,1598,171*,47,3,9,1,2348,68.05,,,2026-10-06
ODI,male,784369,WIA Fernando,SL,2016-2025,51,50,0,1589,127,31.78,4,9,5,1787,88.91,,,2026-10-06
ODI,male,50431,LPC Silva,SL,1999-2011,75,62,7,1587,107*,28.85,1,13,6,2254,70.4,,,2026-10-06
ODI,male,53234,SC Williams,WI,1994-1999,57,55,6,1586,105*,32.36,1,12,6,2402,66.02,,,2026-10-06
ODI,male,42620,Saleem Elahi,PAK,1995-2004,48,47,4,1579,135,36.72,4,9,3,2214,71.31,,,2026-10-06
ODI,male,48470,RL Dias,SL,1979-1987,58,55,5,1573,121,31.46,2,11,3,2315,67.94,,,2026-10-06
ODI,male,949473,B McMullen,SCOT,2022-2026,47,42,5,1572,151,42.48,5,7,2,1684,93.34,,,2026-10-06
ODI,male,623977,Salman Agha,PAK,2022-2026,53,45,8,1566,134,42.32,3,9,0,1637,95.66,,,2026-10-06
ODI,male,53118,DR Smith,WI,2004-2015,105,89,5,1560,97,18.57,0,8,14,1683,92.69,,,2026-10-06
ODI,male,215155,UT Khawaja,AUS,2013-2019,40,39,2,1554,104,42,2,12,2,1848,84.09,,,2026-10-06
ODI,male,32685,IK Pathan,IND,2004-2012,120,87,21,1544,83,23.39,0,5,7,1941,79.54,,,2026-10-06
ODI,male,47660,RN ten Doeschate,NED,2006-2011,33,32,9,1541,119,67,5,9,1,1757,87.7,,,2026-10-06
ODI,male,333066,J Charles,WI,2012-2023,58,58,0,1537,130,26.5,2,7,9,1803,85.24,,,2026-10-06
ODI,male,911707,HC Brook,ENG,2023-2026,44,44,4,1530,136*,38.25,3,8,2,1458,104.93,,,2026-10-06
ODI,male,55497,DL Houghton,ZIM,1983-1997,63,60,2,1530,142,26.37,1,12,5,2155,70.99,,,2026-10-06
ODI,male,670035,BA King,WI,2019-2025,58,58,2,1530,112,27.32,3,8,6,1841,83.1,,,2026-10-06
ODI,male,49629,LRD Mendis,SL,1975-1989,79,74,9,1527,80,23.49,0,7,4,2034,75.07,,,2026-10-06
ODI,male,247235,CR Woakes,ENG,2011-2023,122,88,24,1524,95*,23.81,0,6,8,1710,89.12,,,2026-10-06
ODI,male,39024,Azhar Mahmood,PAK,1996-2007,143,110,26,1521,67,18.1,0,3,9,1988,76.5,,,2026-10-06
ODI,male,52445,RS Morton,WI,2002-2010,56,51,6,1519,110*,33.75,2,10,7,2289,66.36,,,2026-10-06
ODI,male,36620,JJ Crowe,NZ,1983-1990,75,71,12,1518,88*,25.72,0,7,6,2456,61.8,,,2026-10-06
ODI,male,45797,JM Kemp,Afr/SA,2001-2007,85,66,18,1512,100*,31.5,1,10,6,1819,83.12,,,2026-10-06
ODI,male,24719,RD Shah,KENYA,1998-2007,56,55,1,1506,113,27.88,1,12,5,2298,65.53,,,2026-10-06
ODI,male,307808,Rohan Mustafa,UAE,2014-2023,81,75,5,1504,109,21.48,1,7,8,2366,63.56,,,2026-10-06
ODI,male,24750,MA Ouma,KENYA,2004-2014,80,77,5,1501,61,20.84,0,7,6,2525,59.44,,,2026-10-06
ODI,male,355269,JDS Neesham,NZ,2013-2023,76,65,12,1495,97*,28.2,0,7,3,1496,99.93,,,2026-10-06
ODI,male,325012,MP Stoinis,AUS,2015-2024,71,64,8,1495,146*,26.69,1,6,5,1591,93.96,,,2026-10-06
ODI,male,348034,GH Dockrell,IRE,2010-2026,134,95,29,1490,91*,22.57,0,6,6,1826,81.59,,,2026-10-06
ODI,male,793463,Rashid Khan,AFG,2015-2026,123,95,17,1469,60*,18.83,0,5,8,1416,103.74,,,2026-10-06
ODI,male,629076,S Samarawickrama,SL,2017-2025,55,50,5,1456,108,32.35,1,8,5,1607,90.6,,,2026-10-06
ODI,male,37696,HJH Marshall,NZ,2003-2007,66,62,9,1454,101*,27.43,1,12,3,1990,73.06,,,2026-10-06
ODI,male,236489,DJ Malan,ENG,2019-2023,30,30,4,1450,140,55.76,6,7,5,1488,97.44,,,2026-10-06
ODI,male,55416,DD Ebrahim,ZIM,2001-2005,82,76,6,1443,121,20.61,1,4,8,2540,56.81,,,2026-10-06
ODI,male,959767,R Ravindra,NZ,2023-2025,39,35,1,1424,123*,41.88,5,6,2,1324,107.55,,,2026-10-06
ODI,male,1036191,BFW de Leede,NED,2018-2026,61,56,6,1420,123,28.4,1,7,5,2013,70.54,,,2026-10-06
ODI,male,42321,Nasir Jamshed,PAK,2008-2015,48,48,3,1418,112,31.51,3,8,5,1881,75.38,,,2026-10-06
ODI,male,51891,HA Gomes,WI,1978-1987,83,64,15,1415,101,28.87,1,6,5,2578,54.88,,,2026-10-06
ODI,male,44091,N Boje,Afr/SA,1995-2005,115,71,18,1414,129,26.67,2,4,2,1594,88.7,,,2026-10-06
ODI,male,833777,M van Lingen,NAM,2021-2026,47,45,5,1414,133,35.35,5,6,3,1590,88.93,,,2026-10-06
ODI,male,24708,MO Odumbe,KENYA,1996-2003,61,59,5,1409,83,26.09,0,11,6,2014,69.96,,,2026-10-06
ODI,male,55820,P Utseya,ZIM,2004-2015,164,132,48,1406,68*,16.73,0,4,16,2410,58.34,,,2026-10-06
ODI,male,7502,L Ronchi,AUS/NZ,2008-2017,85,68,9,1397,170*,23.67,1,4,7,1220,114.5,,,2026-10-06
ODI,male,290716,KM Jadhav,IND,2014-2020,73,52,19,1389,120,42.09,2,6,2,1367,101.6,,,2026-10-06
ODI,male,37254,GP Howarth,NZ,1975-1985,70,65,5,1384,76,23.06,0,6,1,2301,60.14,,,2026-10-06
ODI,male,302845,TP Ura,PNG,2014-2023,61,61,1,1363,151,22.71,1,6,4,1758,77.53,,,2026-10-06
ODI,male,38373,JD Ryder,NZ,2008-2014,48,42,1,1362,107,33.21,3,6,5,1429,95.31,,,2026-10-06
ODI,male,9230,BC Broad,ENG,1987-1988,34,34,0,1361,106,40.02,1,11,2,2447,55.61,,,2026-10-06
ODI,male,24760,DO Obuya,KENYA,2001-2012,74,73,3,1355,93,19.35,0,6,10,2135,63.46,,,2026-10-06
ODI,male,380354,Anamul Haque,BAN,2012-2024,49,46,0,1352,120,29.39,3,5,6,1808,74.77,,,2026-10-06
ODI,male,44407,W Barresi,NED,2010-2025,55,54,5,1352,137*,27.59,1,8,6,1775,76.16,,,2026-10-06
ODI,male,316397,Asad Shafiq,PAK,2010-2017,60,58,4,1336,84,24.74,0,9,5,1979,67.5,,,2026-10-06
ODI,male,482478,JN Frylinck,NAM,2019-2026,60,56,8,1336,114,27.83,2,9,5,1797,74.34,,,2026-10-06
ODI,male,37091,PG Fulton,NZ,2004-2009,49,46,5,1334,112,32.53,1,8,2,1833,72.77,,,2026-10-06
ODI,male,373538,Sabbir Rahman,BAN,2014-2019,66,59,7,1333,102,25.63,1,6,5,1461,91.23,,,2026-10-06
ODI,male,352048,Gulbadin Naib,AFG,2011-2025,89,78,11,1332,82*,19.88,0,5,7,1767,75.38,,,2026-10-06
ODI,male,451947,Milind Kumar,USA,2024-2026,30,28,9,1330,155*,70,5,7,2,1324,100.45,,,2026-10-06
ODI,male,49535,KMDN Kulasekara,SL,2003-2017,184,123,37,1327,73,15.43,0,4,13,1629,81.46,,,2026-10-06
ODI,male,5702,JR Hopes,AUS,2005-2010,84,61,8,1326,63*,25.01,0,3,1,1415,93.71,,,2026-10-06
ODI,male,6128,SM Katich,AUS,2001-2006,45,42,5,1324,107*,35.78,1,9,3,1926,68.74,,,2026-10-06
ODI,male,595921,C Campher,IRE,2020-2026,47,39,2,1320,120,35.67,1,9,0,1568,84.18,,,2026-10-06
ODI,male,219885,TLW Cooper,NED,2010-2023,32,31,2,1319,101,45.48,1,12,0,1814,72.71,,,2026-10-06
ODI,male,227772,FDM Karunaratne,SL,2011-2023,50,46,4,1316,103,31.33,1,11,4,1654,79.56,,,2026-10-06
ODI,male,55935,Javed Omar,BAN,1995-2007,59,59,4,1312,85*,23.85,0,10,2,2528,51.89,,,2026-10-06
ODI,male,56093,Raqibul Hasan,BAN,2008-2011,55,54,7,1308,89,27.82,0,8,6,2133,61.32,,,2026-10-06
ODI,male,291844,AA Obanda,KENYA,2007-2014,49,45,2,1306,96*,30.37,0,9,2,1764,74.03,,,2026-10-06
ODI,male,38393,MS Sinclair,NZ,2000-2009,54,50,4,1304,118*,28.34,2,8,8,2086,62.51,,,2026-10-06
ODI,male,1153767,Vikramjit Singh,NED,2022-2026,47,46,1,1304,110,28.97,1,8,2,1825,71.45,,,2026-10-06
ODI,male,437316,MD Shanaka,SL,2016-2024,71,63,5,1299,108*,22.39,2,4,6,1420,91.47,,,2026-10-06
ODI,male,45815,PN Kirsten,SA,1991-1994,40,40,6,1293,97,38.02,0,9,0,2308,56.02,,,2026-10-06
ODI,male,18675,MJ Prior,ENG,2004-2011,68,62,9,1282,87,24.18,0,3,5,1670,76.76,,,2026-10-06
ODI,male,300618,Nasir Hossain,BAN,2011-2018,65,52,8,1281,100,29.11,1,6,4,1605,79.81,,,2026-10-06
ODI,male,585083,Zeeshan Maqsood,OMA,2019-2024,48,47,5,1273,109,30.3,2,7,2,1891,67.31,,,2026-10-06
ODI,male,31036,NR Mongia,IND,1994-2000,140,96,33,1272,69,20.19,0,2,4,1845,68.94,,,2026-10-06
ODI,male,232359,C Munro,NZ,2013-2019,57,53,2,1271,87,24.92,0,8,7,1214,104.69,,,2026-10-06
ODI,male,315232,Asif Khan,UAE,2022-2025,38,37,4,1270,151*,38.48,3,7,2,1569,80.94,,,2026-10-06
ODI,male,37004,JEC Franklin,NZ,2001-2013,110,80,27,1270,98*,23.96,0,4,5,1651,76.92,,,2026-10-06
ODI,male,26184,AB Agarkar,IND,1998-2007,191,113,26,1269,95,14.58,0,3,10,1574,80.62,,,2026-10-06
ODI,male,42658,Shoaib Mohammad,PAK,1984-1993,63,58,6,1269,126*,24.4,1,8,8,2492,50.92,,,2026-10-06
ODI,male,39954,Basit Ali,PAK,1993-1996,50,43,6,1265,127*,34.18,1,9,3,1669,75.79,,,2026-10-06
ODI,male,348133,SR Taylor,USA,2019-2024,49,49,0,1265,114,25.81,1,7,8,1606,78.76,,,2026-10-06
ODI,male,823509,GD Phillips,NZ,2022-2026,47,39,9,1262,106*,42.06,2,5,1,1223,103.18,,,2026-10-06
ODI,male,55872,MN Waller,ZIM,2009-2018,79,72,6,1259,99*,19.07,0,5,10,1639,76.81,,,2026-10-06
ODI,male,819429,Azmatullah Omarzai,AFG,2021-2026,48,40,9,1254,149*,40.45,1,9,3,1273,98.5,,,2026-10-06
ODI,male,391832,RL Chase,WI,2017-2026,73,57,10,1244,94,26.46,0,6,6,1583,78.58,,,2026-10-06
ODI,male,6995,SP O'Donnell,AUS,1985-1991,87,64,15,1242,74*,25.34,0,9,5,1534,80.96,,,2026-10-06
ODI,male,318845,RR Rossouw,SA,2014-2016,36,35,3,1239,132,38.71,3,7,5,1313,94.36,,,2026-10-06
ODI,male,29264,Harbhajan Singh,Asia/IND,1998-2015,236,128,35,1237,49,13.3,0,0,17,1526,81.06,,,2026-10-06
ODI,male,6274,SG Law,AUS,1994-1999,54,51,5,1237,110,26.89,1,7,3,1643,75.28,,,2026-10-06
ODI,male,56251,Alok Kapali,BAN,2002-2011,69,66,3,1235,115,19.6,1,5,5,1817,67.96,,,2026-10-06
ODI,male,940593,Aqib Ilyas,OMA,2019-2024,32,30,2,1234,109*,44.07,2,9,1,1645,75.01,,,2026-10-06
ODI,male,14020,GM Hamilton,SCOT,1999-2010,38,38,3,1231,119,35.17,2,7,1,1847,66.64,,,2026-10-06
ODI,male,31034,D Mongia,IND,2001-2007,57,51,7,1230,159*,27.95,1,4,4,1721,71.47,,,2026-10-06
ODI,male,6502,RW Marsh,AUS,1971-1984,92,76,15,1225,66,20.08,0,4,7,1489,82.26,,,2026-10-06
ODI,male,48469,HDPK Dharmasena,SL,1994-2004,141,87,33,1222,69*,22.62,0,4,2,1879,65.03,,,2026-10-06
ODI,male,43121,Shaiman Anwar,UAE,2014-2019,40,40,1,1219,106,31.25,1,11,2,1477,82.53,,,2026-10-06
ODI,male,318340,Noor Ali Zadran,AFG,2009-2019,51,50,1,1216,114,24.81,1,7,4,1923,63.23,,,2026-10-06
ODI,male,6628,TM Moody,AUS,1987-1999,76,64,12,1211,89,23.28,0,10,6,1747,69.31,,,2026-10-06
ODI,male,55946,Junaid Siddique,BAN,2007-2011,54,53,1,1196,100,23,1,6,6,1753,68.22,,,2026-10-06
ODI,male,55973,Mohammad Rafique,Asia/BAN,1995-2007,125,106,17,1191,77,13.38,0,2,15,1663,71.61,,,2026-10-06
ODI,male,293831,RW Chakabva,ZIM,2008-2022,61,57,3,1188,102,22,1,4,3,1751,67.84,,,2026-10-06
ODI,male,553821,JJ Smit,NAM,2019-2026,62,55,7,1179,94,24.56,0,3,4,1507,78.23,,,2026-10-06
ODI,male,6278,B Lee,AUS,2000-2012,221,110,44,1176,59,17.81,0,3,16,1407,83.58,,,2026-10-06
ODI,male,47015,JA Rudolph,Afr/SA,2003-2006,45,39,6,1174,81,35.57,0,7,0,1725,68.05,,,2026-10-06
ODI,male,1071473,JN Loftie-Eaton,NAM,2021-2026,58,53,10,1171,73,27.23,0,7,3,1559,75.11,,,2026-10-06
ODI,male,596664,ZE Green,NAM,2019-2026,63,53,4,1166,75*,23.79,0,4,1,1502,77.62,,,2026-10-06
ODI,male,784379,PW Hasaranga,SL,2017-2026,71,58,9,1142,80*,23.3,0,5,3,1039,109.91,,,2026-10-06
ODI,male,318334,Nawroz Mangal,AFG,2009-2016,49,48,6,1139,129,27.11,2,4,4,1512,75.33,,,2026-10-06
ODI,male,332980,CJA Amini,PNG,2014-2023,49,49,1,1128,109,23.5,1,7,1,1674,67.38,,,2026-10-06
ODI,male,24790,T Mishra,KENYA,2006-2013,42,40,7,1128,72,34.18,0,8,4,1534,73.53,,,2026-10-06
ODI,male,461281,PL Mommsen,SCOT,2010-2017,44,42,6,1115,139*,30.97,2,6,2,1615,69.04,,,2026-10-06
ODI,male,49638,MF Maharoof,SL,2004-2016,109,75,18,1113,69*,19.52,0,2,3,1294,86.01,,,2026-10-06
ODI,male,277662,CJ Anderson,NZ,2013-2017,49,45,5,1109,131*,27.72,1,4,4,1020,108.72,,,2026-10-06
ODI,male,24701,HS Modi,KENYA,1996-2006,63,56,9,1109,78*,23.59,0,5,5,1906,58.18,,,2026-10-06
ODI,male,720471,Ishan Kishan,IND,2021-2026,32,28,2,1107,210,42.57,2,7,1,1034,107.05,,,2026-10-06
ODI,male,214696,ES Szwarczynski,NED,2006-2014,41,40,3,1102,98,29.78,0,10,2,1615,68.23,,,2026-10-06
ODI,male,662235,JP Inglis,AUS,2022-2026,43,39,3,1100,120*,30.55,2,6,2,1104,99.63,,,2026-10-06
ODI,male,20286,VS Solanki,ENG,2000-2006,51,46,5,1097,106,26.75,2,5,2,1504,72.93,,,2026-10-06
ODI,male,24990,B Zuiderent,NED,1996-2011,57,56,10,1097,77*,23.84,0,8,7,1873,58.56,,,2026-10-06
ODI,male,928057,LJ Tucker,IRE,2019-2026,62,52,6,1094,85,23.78,0,5,3,1308,83.63,,,2026-10-06
ODI,male,55758,PA Strang,ZIM,1994-2001,95,73,24,1090,47,22.24,0,0,5,1651,66.02,,,2026-10-06
ODI,male,420427,S Bau,PNG,2016-2023,57,57,3,1089,81*,20.16,0,5,6,1763,61.76,,,2026-10-06
ODI,male,681681,J Liyanage,SL,2024-2026,39,33,7,1089,101*,41.88,1,7,0,1242,87.68,,,2026-10-06
ODI,male,9187,G Boycott,ENG,1971-1981,36,34,4,1082,105,36.06,1,9,1,2020,53.56,,,2026-10-06
ODI,male,1209110,Basil Hameed,UAE,2019-2026,50,46,3,1075,71,25,0,5,3,1434,74.96,,,2026-10-06
ODI,male,44410,F Behardien,SA,2013-2018,59,49,14,1074,70,30.68,0,6,4,1097,97.9,,,2026-10-06
ODI,male,956319,Ayaan Khan,OMA,2021-2024,41,38,2,1072,105*,29.77,1,5,4,1427,75.12,,,2026-10-06
ODI,male,37749,NL McCullum,NZ,2009-2015,84,62,11,1070,65,20.98,0,4,3,1220,87.7,,,2026-10-06
ODI,male,39013,Asif Mujtaba,PAK,1986-1996,66,55,14,1068,113*,26.04,1,6,8,1671,63.91,,,2026-10-06
ODI,male,19327,DW Randall,ENG,1976-1985,49,45,5,1067,88,26.67,0,5,4,1702,62.69,,,2026-10-06
ODI,male,52962,DS Smith,WI,2003-2013,47,45,2,1059,107,24.62,1,5,4,1506,70.31,,,2026-10-06
ODI,male,438563,MS Chapman,HKG/NZ,2015-2026,37,33,4,1057,132,36.44,3,5,3,1015,104.13,,,2026-10-06
ODI,male,24697,JK Kamande,KENYA,1999-2011,86,72,11,1055,74,17.29,0,3,8,1685,62.61,,,2026-10-06
ODI,male,38396,IDS Smith,NZ,1980-1992,98,77,16,1055,62*,17.29,0,3,7,1061,99.43,,,2026-10-06
ODI,male,230855,C Kieswetter,ENG,2010-2013,46,40,5,1054,107,30.11,1,5,4,1172,89.93,,,2026-10-06
ODI,male,308235,Javed Ahmadi,AFG,2010-2021,47,44,0,1049,81,23.84,0,7,2,1380,76.01,,,2026-10-06
ODI,male,1276719,KH Prajapati,OMA,2021-2024,37,36,0,1048,103,29.11,2,6,4,1404,74.64,,,2026-10-06
ODI,male,37740,KD Mills,NZ,2001-2015,170,101,34,1047,54,15.62,0,2,8,1282,81.66,,,2026-10-06
ODI,male,37265,JM How,NZ,2005-2011,41,37,1,1046,139,29.05,1,7,3,1572,66.53,,,2026-10-06
ODI,male,446690,Pargat Singh,CAN,2023-2026,34,32,1,1045,102,33.7,1,7,1,1398,74.74,,,2026-10-06
ODI,male,990023,Tanzid Hasan,BAN,2023-2026,40,39,1,1044,107,27.47,1,9,5,1030,101.35,,,2026-10-06
ODI,male,326968,MG Bracewell,NZ,2022-2026,48,41,12,1042,140,35.93,2,3,1,969,107.53,,,2026-10-06
ODI,male,276298,AD Russell,WI,2011-2019,56,47,9,1034,92*,27.21,0,4,6,794,130.22,,,2026-10-06
ODI,male,1072487,B Sharki,NEP,2022-2026,41,38,3,1034,101*,29.54,1,4,3,1548,66.79,,,2026-10-06
ODI,male,270484,JP Faulkner,AUS,2013-2017,69,52,22,1032,116,34.4,1,4,4,990,104.24,,,2026-10-06
ODI,male,49368,DSBP Kuruppu,SL,1983-1990,54,52,1,1022,72,20.03,0,4,3,1978,51.66,,,2026-10-06
ODI,male,46788,AG Prince,Afr/SA,2002-2007,52,41,12,1018,89*,35.1,0,3,4,1502,67.77,,,2026-10-06
ODI,male,8166,SK Warne,AUS/ICC,1993-2005,194,107,29,1018,55,13.05,0,1,10,1413,72.04,,,2026-10-06
ODI,male,1253822,Gulsan Jha,NEP,2021-2026,53,45,10,1015,67*,29,0,6,1,1240,81.85,,,2026-10-06
ODI,male,974719,Muhammad Usman,UAE,2016-2022,38,37,5,1008,102*,31.5,1,4,2,1312,76.82,,,2026-10-06
ODI,male,32283,SM Patil,IND,1980-1986,45,42,1,1005,84,24.51,0,9,4,1223,82.17,,,2026-10-06
ODI,male,252932,KOA Powell,WI,2009-2018,46,44,0,1005,83,22.84,0,9,4,1278,78.63,,,2026-10-06
ODI,male,56074,Rajin Saleh,BAN,2003-2006,43,43,1,1005,108*,23.92,1,6,5,1833,54.82,,,2026-10-06
ODI,male,36592,PW Borren,NED,2006-2014,58,50,5,1004,96,22.31,0,5,5,1176,85.37,,,2026-10-06
ODI,male,25430,NFI McCallum,SCOT,2006-2011,43,42,6,1002,121*,27.83,2,4,3,1451,69.05,,,2026-10-06
T20I,male,348144,Babar Azam,PAK,2016-2026,145,136,18,4596,122,38.94,3,39,10,3590,128.02,477,80,2026-10-06
T20I,male,308967,JC Buttler,ENG,2011-2026,163,150,24,4384,131,34.79,2,30,11,2920,150.13,408,192,2026-10-06
T20I,male,34102,RG Sharma,IND,2007-2024,159,151,19,4231,121*,32.05,5,32,12,3003,140.89,383,205,2026-10-06
T20I,male,253802,V Kohli,IND,2010-2024,125,117,31,4188,122*,48.69,1,38,7,3056,137.04,369,124,2026-10-06
T20I,male,303427,PR Stirling,IRE,2009-2026,163,160,12,3895,115*,26.31,1,24,14,2899,134.35,449,141,2026-10-06
T20I,male,226492,MJ Guptill,NZ,2009-2022,122,118,7,3531,105,31.81,2,20,3,2602,135.7,309,173,2026-10-06
T20I,male,633660,Virandeep Singh,MAS,2019-2026,126,118,23,3515,116*,37,1,24,8,2760,127.35,307,143,2026-10-06
T20I,male,323389,Mohammad Rizwan,PAK,2015-2024,106,93,21,3414,104*,47.41,1,30,5,2723,125.37,285,95,2026-10-06
T20I,male,1241277,Muhammad Waseem,UAE,2021-2026,99,99,6,3371,112,36.24,3,26,7,2233,150.96,282,196,2026-10-06
T20I,male,219889,DA Warner,AUS,2009-2024,110,110,12,3277,100*,33.43,1,28,6,2300,142.47,337,122,2026-10-06
T20I,male,446507,SA Yadav,IND,2021-2026,113,107,17,3272,117,36.35,4,25,7,2008,162.94,297,179,2026-10-06
T20I,male,299572,Sikandar Raza,ZIM,2013-2026,144,139,12,3244,133*,25.54,1,17,12,2391,135.67,252,151,2026-10-06
T20I,male,868003,Syed Aziz,MAS,2019-2026,132,123,19,3183,126,30.6,1,24,8,2282,139.48,285,161,2026-10-06
T20I,male,5334,AJ Finch,AUS,2011-2022,103,103,12,3120,172,34.28,2,19,8,2189,142.53,309,125,2026-10-06
T20I,male,379143,Q de Kock,SA,2012-2026,110,109,9,3095,115,30.95,2,19,10,2176,142.23,313,133,2026-10-06
T20I,male,325026,GJ Maxwell,AUS,2012-2026,130,118,18,2897,145*,28.97,5,12,5,1876,154.42,243,150,2026-10-06
T20I,male,321777,DA Miller,SA/World,2010-2026,140,123,40,2804,106*,33.78,2,9,3,1983,141.4,184,141,2026-10-06
T20I,male,1028655,P Nissanka,SL,2021-2026,97,96,5,2784,107,30.59,2,19,8,2155,129.18,282,83,2026-10-06
T20I,male,536936,Litton Das,BAN,2015-2026,124,122,5,2704,83,23.11,0,16,7,2135,126.65,263,83,2026-10-06
T20I,male,629074,BKG Mendis,SL,2016-2026,109,109,6,2694,86,26.15,0,20,8,2069,130.2,241,102,2026-10-06
T20I,male,539304,Babar Hayat,HKG,2014-2026,115,111,17,2678,122,28.48,2,15,11,2049,130.69,161,167,2026-10-06
T20I,male,1435271,Karanbir Singh,AUT,2024-2026,65,64,7,2616,164,45.89,4,20,5,1501,174.28,219,214,2026-10-06
T20I,male,671805,HG Munsey,SCOT,2015-2026,88,86,5,2598,132,32.07,3,14,6,1805,143.93,278,118,2026-10-06
T20I,male,277906,KS Williamson,NZ,2011-2024,93,90,13,2575,95,33.44,0,18,4,2092,123.08,245,58,2026-10-06
T20I,male,350629,Nizakat Khan,HKG,2014-2026,131,128,9,2573,81,21.62,0,13,9,2117,121.53,212,85,2026-10-06
T20I,male,56143,Shakib Al Hasan,BAN,2006-2024,129,127,17,2551,84,23.19,0,13,9,2105,121.18,258,53,2026-10-06
T20I,male,41434,Mohammad Hafeez,PAK,2006-2021,119,108,13,2514,99*,26.46,0,14,7,2060,122.03,251,76,2026-10-06
T20I,male,25913,Mohammad Nabi,AFG,2010-2026,155,143,30,2509,89,22.2,0,7,9,1845,135.98,172,127,2026-10-06
T20I,male,25490,RD Berrington,SCOT,2008-2026,108,99,18,2504,100,30.91,1,10,10,1891,132.41,206,91,2026-10-06
T20I,male,269280,RR Hendricks,SA,2014-2025,90,89,2,2504,117,28.78,1,18,7,1938,129.2,268,70,2026-10-06
T20I,male,512191,Fakhar Zaman,PAK,2017-2026,120,110,6,2494,91,23.98,0,14,6,1882,132.51,233,99,2026-10-06
T20I,male,24598,EJG Morgan,ENG,2009-2022,115,107,21,2458,91,28.58,0,14,3,1805,136.17,186,120,2026-10-06
T20I,male,56025,Mahmudullah,BAN,2007-2024,141,130,26,2444,64*,23.5,0,8,5,2082,117.38,184,77,2026-10-06
T20I,male,42657,Shoaib Malik,ICC/PAK,2006-2021,124,111,33,2435,75,31.21,0,9,2,1938,125.64,196,69,2026-10-06
T20I,male,452472,Anshuman Rath,HKG,2015-2026,88,87,10,2400,140*,31.16,2,12,4,1900,126.31,241,57,2026-10-06
T20I,male,303423,A Balbirnie,IRE,2015-2024,110,106,4,2392,83,23.45,0,12,6,1941,123.23,254,68,2026-10-06
T20I,male,643197,MP O'Dowd,NED,2015-2026,91,88,7,2354,133*,29.06,1,16,2,1932,121.84,244,55,2026-10-06
T20I,male,820351,R Powell,WI,2017-2026,120,106,17,2347,107,26.37,1,10,2,1653,141.98,142,156,2026-10-06
T20I,male,300631,MDKJ Perera,SL,2013-2026,95,93,4,2335,101,26.23,1,16,6,1757,132.89,227,72,2026-10-06
T20I,male,794713,K Bhurtel,NEP,2021-2026,82,80,7,2329,129,31.9,3,15,6,1709,136.27,220,111,2026-10-06
T20I,male,519070,MG Erasmus,NAM,2019-2026,92,88,18,2327,100*,33.24,1,16,3,1791,129.92,177,90,2026-10-06
T20I,male,272450,MR Marsh,AUS,2011-2026,88,83,14,2313,103*,33.52,1,14,3,1628,142.07,206,117,2026-10-06
T20I,male,974087,Rahmanullah Gurbaz,AFG,2019-2026,90,90,0,2295,100,25.5,1,13,12,1698,135.15,183,122,2026-10-06
T20I,male,625371,HH Pandya,IND,2016-2026,138,109,28,2288,71*,28.24,0,9,4,1568,145.91,168,126,2026-10-06
T20I,male,823509,GD Phillips,NZ,2017-2026,97,85,13,2286,108,31.75,2,12,3,1602,142.69,171,108,2026-10-06
T20I,male,625964,TL Seifert,NZ,2018-2026,90,84,11,2279,97*,31.21,0,17,5,1557,146.37,213,110,2026-10-06
T20I,male,604302,N Pooran,WI,2016-2024,106,97,10,2275,98,26.14,0,13,3,1668,136.39,152,149,2026-10-06
T20I,male,422108,KL Rahul,IND,2016-2022,72,68,8,2265,110*,37.75,2,22,5,1628,139.12,191,99,2026-10-06
T20I,male,794707,DS Airee,NEP,2018-2026,102,87,21,2235,110*,33.86,1,12,1,1608,138.99,159,93,2026-10-06
T20I,male,267455,RR Patel,KENYA,2008-2026,108,92,18,2228,120,30.1,1,14,4,1646,135.35,185,112,2026-10-06
T20I,male,531312,S Ssesazi,UGA,2021-2024,88,86,10,2204,100*,29,1,17,8,1789,123.19,237,73,2026-10-06
T20I,male,495964,RP Burl,ZIM,2018-2026,129,120,36,2201,67*,26.2,0,6,5,1768,124.49,159,85,2026-10-06
T20I,male,1163154,Sami Sohail,MWI,2019-2026,75,71,20,2192,96*,42.98,0,14,4,1745,125.61,185,73,2026-10-06
T20I,male,37737,BB McCullum,NZ,2005-2015,71,70,10,2140,123,35.66,2,13,3,1571,136.21,199,91,2026-10-06
T20I,male,1071484,BJ Bennett,ZIM,2023-2026,69,69,6,2129,111,33.79,1,12,5,1494,142.5,248,65,2026-10-06
T20I,male,429809,R Sandaruwan,KUW,2019-2026,81,81,3,2123,103,27.21,2,12,8,1463,145.11,184,123,2026-10-06
T20I,male,1155597,D Ndikubwimana,RWN,2021-2026,119,113,8,2076,82*,19.77,0,11,8,2334,88.94,207,41,2026-10-06
T20I,male,438563,MS Chapman,HKG/NZ,2014-2026,113,95,15,2074,104*,25.92,1,10,6,1528,135.73,176,83,2026-10-06
T20I,male,249866,AD Hales,ENG,2011-2022,75,75,8,2074,116*,30.95,1,12,5,1499,138.35,225,70,2026-10-06
T20I,male,419873,Mohammad Shahzad,AFG,2010-2023,73,73,3,2048,118*,29.25,1,12,4,1550,132.12,229,76,2026-10-06
T20I,male,437316,MD Shanaka,SL,2015-2026,137,124,25,2048,76*,20.68,0,9,16,1580,129.62,137,115,2026-10-06
T20I,male,670035,BA King,WI,2019-2026,87,85,5,2028,85*,25.35,0,14,6,1525,132.98,213,92,2026-10-06
T20I,male,964521,Sohail Ahmed,BHR,2022-2026,81,76,29,1983,80*,42.19,0,16,6,1677,118.24,130,81,2026-10-06
T20I,male,1093669,Muhammad Tanveer,QAT,2019-2025,72,66,16,1980,88*,39.6,0,15,3,1484,133.42,143,111,2026-10-06
T20I,male,24605,KJ O'Brien,IRE,2008-2021,110,103,10,1973,124,21.21,1,5,12,1507,130.92,165,82,2026-10-06
T20I,male,600498,AK Markram,SA,2019-2026,77,73,11,1966,86*,31.7,0,14,2,1332,147.59,183,83,2026-10-06
T20I,male,38699,LRPL Taylor,NZ/Samoa,2006-2025,106,97,22,1954,63,26.05,0,7,6,1611,121.29,123,72,2026-10-06
T20I,male,307639,Ahmed Faiz,MAS,2019-2026,106,89,9,1952,105*,24.4,1,8,6,1603,121.77,148,74,2026-10-06
T20I,male,921509,Ibrahim Zadran,AFG,2019-2026,68,68,9,1938,95*,32.84,0,16,1,1683,115.15,184,46,2026-10-06
T20I,male,44932,JP Duminy,SA,2007-2019,81,75,25,1934,96*,38.68,0,11,6,1532,126.24,138,71,2026-10-06
T20I,male,1161038,A Sharafu,UAE,2020-2026,74,70,9,1927,90*,31.59,0,15,1,1469,131.17,180,85,2026-10-06
T20I,male,1070183,Abhishek Sharma,IND,2024-2026,62,61,2,1926,135,32.64,3,13,8,987,195.13,185,134,2026-10-06
T20I,male,429800,K Kadowaki-Fleming,JPN,2022-2026,59,57,5,1905,114,36.63,2,12,1,1392,136.85,144,95,2026-10-06
T20I,male,1101794,Bilal Zalmai,AUT,2019-2026,74,72,8,1904,111*,29.75,1,13,5,1178,161.62,189,115,2026-10-06
T20I,male,302845,TP Ura,PNG,2015-2026,66,65,9,1900,107*,33.92,2,16,4,1211,156.89,139,112,2026-10-06
T20I,male,51880,CH Gayle,WI,2006-2021,79,75,7,1899,117,27.92,2,14,4,1381,137.5,158,124,2026-10-06
T20I,male,961407,HT Tector,IRE,2019-2026,100,92,16,1898,96*,24.97,0,9,7,1561,121.58,158,44,2026-10-06
T20I,male,236489,DJ Malan,ENG,2017-2023,62,60,8,1892,103*,36.38,1,16,2,1428,132.49,194,62,2026-10-06
T20I,male,48472,TM Dilshan,SL,2006-2016,80,79,12,1889,104*,28.19,1,13,10,1567,120.54,223,33,2026-10-06
T20I,male,381743,DJ Mitchell,NZ,2019-2026,104,90,20,1879,72*,26.84,0,8,2,1337,140.53,129,73,2026-10-06
T20I,male,1072488,RK Paudel,NEP,2019-2026,86,81,17,1878,69*,29.34,0,9,2,1539,122.02,148,60,2026-10-06
T20I,male,524049,Najibullah Zadran,AFG,2012-2026,109,97,33,1867,73,29.17,0,8,6,1379,135.38,129,97,2026-10-06
T20I,male,1167770,Meet Bhavsar,KUW,2019-2026,77,75,7,1860,89,27.35,0,13,4,1440,129.16,157,65,2026-10-06
T20I,male,669365,PD Salt,ENG,2022-2026,65,60,7,1852,141*,34.94,4,10,7,1131,163.74,187,87,2026-10-06
T20I,male,379140,DP Conway,NZ,2020-2026,69,63,11,1839,99*,35.36,0,13,3,1430,128.6,178,52,2026-10-06
T20I,male,1143528,Fiaz Ahmed,BHR,2019-2026,75,71,17,1832,105*,33.92,1,10,7,1475,124.2,121,97,2026-10-06
T20I,male,1129565,Riazat Ali Shah,UGA,2019-2026,86,74,21,1820,98*,34.33,0,6,4,1425,127.71,137,83,2026-10-06
T20I,male,1058514,Aasif Sheikh,NEP,2021-2026,78,77,3,1813,69,24.5,0,11,4,1482,122.33,164,75,2026-10-06
T20I,male,55870,SC Williams,ZIM,2006-2025,85,84,8,1805,77,23.75,0,12,7,1407,128.28,178,44,2026-10-06
T20I,male,720471,Ishan Kishan,IND,2021-2026,61,61,3,1801,103,31.05,1,13,3,1233,146.06,181,85,2026-10-06
T20I,male,431901,E Lewis,WI,2016-2026,67,66,4,1799,125*,29.01,2,13,6,1183,152.07,137,136,2026-10-06
T20I,male,928057,LJ Tucker,IRE,2016-2026,93,87,9,1795,94*,23.01,0,12,8,1450,123.79,168,46,2026-10-06
T20I,male,28235,S Dhawan,IND,2011-2021,68,66,3,1759,92,27.92,0,11,2,1392,126.36,191,50,2026-10-06
T20I,male,56194,Tamim Iqbal,BAN/ICC/World,2007-2020,78,78,5,1758,103*,24.08,1,7,6,1503,116.96,188,45,2026-10-06
T20I,male,794749,Faisal Khan,KSA,2019-2025,61,61,5,1743,101,31.12,1,10,7,1005,173.43,180,106,2026-10-06
T20I,male,581379,SD Hope,WI,2017-2026,70,68,10,1743,102*,30.05,1,12,5,1276,136.59,136,92,2026-10-06
T20I,male,24752,CO Obuya,KENYA,2007-2024,75,70,12,1742,96*,30.03,0,9,6,1460,119.31,127,84,2026-10-06
T20I,male,232359,C Munro,NZ,2012-2020,65,62,7,1724,109*,31.34,3,11,5,1102,156.44,132,107,2026-10-06
T20I,male,1170265,NT Tilak Varma,IND,2023-2026,65,62,23,1719,120*,44.07,2,10,4,1185,145.06,131,87,2026-10-06
T20I,male,911707,HC Brook,ENG,2022-2026,71,62,15,1702,114*,36.21,2,8,1,1032,164.92,138,84,2026-10-06
T20I,male,1236495,Taranjeet Singh,ROM,2021-2026,56,55,6,1699,110,34.67,1,10,3,1065,159.53,206,80,2026-10-06
T20I,male,317273,Umar Akmal,PAK,2009-2019,84,79,14,1690,94,26,0,8,10,1377,122.73,122,55,2026-10-06
T20I,male,892749,TH David,AUS/SGP,2019-2026,74,63,15,1679,102*,34.97,1,9,5,997,168.4,129,109,2026-10-06
T20I,male,670025,SO Hetmyer,WI,2018-2026,85,75,7,1678,85,24.67,0,9,4,1195,140.41,112,104,2026-10-06
T20I,male,44936,AB de Villiers,SA,2006-2017,78,75,11,1672,79*,26.12,0,10,5,1237,135.16,140,60,2026-10-06
T20I,male,297433,JM Bairstow,ENG,2011-2024,80,72,16,1671,90,29.83,0,10,6,1215,137.53,148,76,2026-10-06
T20I,male,1338585,GA Priandana,INA,2022-2026,94,91,10,1668,78*,20.59,0,8,10,1597,104.44,170,52,2026-10-06
T20I,male,959759,FH Allen,NZ,2021-2026,62,61,3,1663,137,28.67,3,7,5,974,170.73,146,115,2026-10-06
T20I,male,55608,H Masakadza,ZIM,2006-2019,66,66,2,1662,93*,25.96,0,11,1,1418,117.2,151,65,2026-10-06
T20I,male,1143530,P Kurup,BHR,2021-2026,71,69,6,1657,74,26.3,0,7,2,1519,109.08,172,39,2026-10-06
T20I,male,364327,HAM Shah,DEN,2019-2026,44,43,2,1648,100,40.19,1,13,2,1238,133.11,148,60,2026-10-06
T20I,male,402106,Abdul Waheed,KSA,2020-2025,60,57,7,1644,110,32.88,1,8,1,1268,129.65,163,52,2026-10-06
T20I,male,1286455,II Selemani,TAN,2021-2026,68,67,4,1640,110,26.03,1,8,6,1081,151.71,179,87,2026-10-06
T20I,male,307756,Jatinder Singh,OMA,2015-2026,76,76,7,1635,73*,23.69,0,9,4,1358,120.39,179,35,2026-10-06
T20I,male,308710,K Motlhanka,BOT,2019-2026,64,61,7,1629,112*,30.16,1,9,2,1482,109.91,173,31,2026-10-06
T20I,male,1198946,R Satheesan,ROM,2019-2026,60,56,7,1623,99*,33.12,0,12,8,1079,150.41,161,83,2026-10-06
T20I,male,28081,MS Dhoni,IND,2006-2019,98,85,42,1617,56,37.6,0,2,1,1282,126.13,116,52,2026-10-06
T20I,male,52983,MN Samuels,WI,2007-2018,67,65,10,1611,89*,29.29,0,10,0,1386,116.23,144,69,2026-10-06
T20I,male,33335,SK Raina,IND,2006-2018,78,66,11,1605,101,29.18,1,5,3,1190,134.87,145,58,2026-10-06
T20I,male,230559,KA Pollard,WI,2008-2022,101,83,21,1569,75*,25.3,0,6,3,1161,135.14,94,99,2026-10-06
T20I,male,425943,SV Samson,IND,2015-2026,72,64,5,1567,111,26.55,3,8,8,1003,156.23,132,94,2026-10-06
T20I,male,526462,JW Jenner,JER,2019-2026,61,60,12,1541,96*,32.1,0,8,5,1090,141.37,124,63,2026-10-06
T20I,male,823339,Ahmer Bin,BHR,2022-2026,99,78,22,1529,68*,27.3,0,7,1,1203,127.09,124,50,2026-10-06
T20I,male,44828,F du Plessis,SA/World,2012-2020,50,50,7,1528,119,35.53,1,10,0,1137,134.38,140,50,2026-10-06
T20I,male,53116,LMP Simmons,WI,2007-2021,68,67,10,1527,91*,26.78,0,9,6,1264,120.8,140,68,2026-10-06
T20I,male,333066,J Charles,WI,2011-2026,69,68,0,1525,118,22.42,1,5,9,1182,129.01,162,73,2026-10-06
T20I,male,298438,JJ Roy,ENG,2014-2022,64,64,1,1522,78,24.15,0,8,7,1106,137.61,153,69,2026-10-06
T20I,male,482478,JN Frylinck,NAM,2019-2026,88,69,13,1518,134,27.1,2,5,3,1184,128.2,126,52,2026-10-06
T20I,male,784367,KIC Asalanka,SL,2021-2026,79,77,9,1513,80*,22.25,0,6,7,1210,125.04,103,69,2026-10-06
T20I,male,642519,SS Iyer,IND,2017-2026,67,63,14,1513,80*,30.87,0,10,4,1110,136.3,124,54,2026-10-06
T20I,male,56029,Mushfiqur Rahim,BAN,2006-2022,102,93,16,1500,72*,19.48,0,6,8,1304,115.03,126,37,2026-10-06
T20I,male,25446,KJ Coetzer,SCOT,2008-2021,70,68,2,1495,89,22.65,0,6,4,1254,119.21,158,48,2026-10-06
T20I,male,436677,Soumya Sarkar,BAN,2015-2026,89,88,4,1494,68,17.78,0,5,13,1224,122.05,149,55,2026-10-06
T20I,male,49289,DPMD Jayawardene,SL,2006-2014,55,55,8,1493,100,31.76,1,9,4,1121,133.18,173,33,2026-10-06
T20I,male,630174,DMW Rawlins,BER,2019-2026,49,46,10,1491,121,41.41,1,12,2,985,151.37,99,102,2026-10-06
T20I,male,1236048,V Saini,ROM,2020-2026,71,60,13,1475,91*,31.38,0,7,4,1143,129.04,134,35,2026-10-06
T20I,male,386302,Zeeshan Ali,HKG,2022-2026,72,63,12,1472,101,28.86,1,8,2,1072,137.31,162,51,2026-10-06
T20I,male,259410,Ahmed Shehzad,PAK,2009-2019,59,59,2,1471,111*,25.8,1,7,2,1282,114.74,157,33,2026-10-06
T20I,male,990031,Towhid Hridoy,BAN,2023-2026,67,61,10,1462,83*,28.66,0,7,3,1150,127.13,94,59,2026-10-06
T20I,male,8180,SR Watson,AUS,2006-2016,58,56,6,1462,124*,29.24,1,10,3,1006,145.32,115,83,2026-10-06
T20I,male,1089932,SI Runsewe,NGA,2019-2026,81,80,10,1455,80,20.78,0,8,4,1350,107.77,151,17,2026-10-06
T20I,male,55412,CR Ervine,ZIM,2010-2024,71,70,4,1449,70,21.95,0,9,5,1370,105.76,143,30,2026-10-06
T20I,male,25056,A Vala,PNG,2015-2026,72,68,10,1447,93*,24.94,0,8,1,1257,115.11,124,42,2026-10-06
T20I,male,1233044,VP Thamotharam,MLT,2020-2025,66,63,8,1445,104*,26.27,1,9,3,995,145.22,100,90,2026-10-06
T20I,male,417268,MH Cross,SCOT,2013-2026,89,76,14,1439,66*,23.2,0,5,5,1237,116.32,130,36,2026-10-06
T20I,male,348016,IA Karim,KENYA,2013-2026,69,58,19,1434,71*,36.76,0,9,2,1410,101.7,127,16,2026-10-06
T20I,male,348034,GH Dockrell,IRE,2010-2026,159,109,39,1426,58*,20.37,0,2,9,1066,133.77,105,56,2026-10-06
T20I,male,49764,AD Mathews,SL,2009-2024,90,73,22,1416,81*,27.76,0,6,1,1175,120.51,92,50,2026-10-06
T20I,male,42639,Shahid Afridi,ICC/PAK,2006-2018,99,91,12,1416,54*,17.92,0,4,8,944,150,103,73,2026-10-06
T20I,male,325012,MP Stoinis,AUS,2015-2026,87,70,24,1416,78,30.78,0,6,2,968,146.28,116,66,2026-10-06
T20I,male,946507,T Marumani,ZIM,2021-2026,78,78,5,1414,86,19.36,0,7,6,1088,129.96,146,53,2026-10-06
T20I,male,1284532,Haider Butt,BHR,2021-2024,63,59,14,1408,79*,31.28,0,8,2,1161,121.27,92,62,2026-10-06
T20I,male,1280665,O Manishimwe,RWN,2022-2026,105,94,12,1406,89*,17.14,0,6,11,1515,92.8,131,32,2026-10-06
T20I,male,337790,HE van der Dussen,SA,2018-2025,57,53,11,1406,94*,33.47,0,10,2,1092,128.75,89,62,2026-10-06
T20I,male,1143140,I Danladi,NGA,2019-2026,66,61,7,1398,80,25.88,0,6,1,1196,116.88,126,40,2026-10-06
T20I,male,1203898,H Lakov,BUL,2019-2026,54,53,13,1391,80,34.77,0,9,0,1234,112.72,117,18,2026-10-06
T20I,male,296167,AR Patwa,TAN,2021-2025,57,57,5,1387,79,26.67,0,6,3,1128,122.96,169,42,2026-10-06
T20I,male,429668,I Liyanage,QAT,2020-2026,58,55,4,1384,86,27.13,0,9,6,1139,121.51,145,42,2026-10-06
T20I,male,1156688,Manpreet Singh,SGP,2019-2026,60,57,5,1383,112*,26.59,1,5,6,1020,135.58,83,62,2026-10-06
T20I,male,320652,Asghar Afghan,AFG,2010-2021,75,68,5,1382,62,21.93,0,4,5,1247,110.82,87,69,2026-10-06
T20I,male,50710,KC Sangakkara,SL,2006-2014,56,53,9,1382,78,31.4,0,8,2,1156,119.55,139,20,2026-10-06
T20I,male,1198883,S Davizi,CZK-R,2019-2026,46,45,6,1373,115*,35.2,3,6,2,996,137.85,150,47,2026-10-06
T20I,male,585083,Zeeshan Maqsood,OMA,2015-2024,73,62,10,1369,102*,26.32,1,5,4,1149,119.14,137,49,2026-10-06
T20I,male,470767,MWR Stokes,GUE,2019-2026,55,50,16,1368,100,40.23,1,7,1,1100,124.36,122,28,2026-10-06
T20I,male,1457570,Asif Ali,BHR,2024-2026,60,58,5,1363,100*,25.71,1,8,8,1032,132.07,117,82,2026-10-06
T20I,male,1347279,Adil Butt,SWZ,2022-2026,36,36,3,1355,116,41.06,3,10,2,815,166.25,140,78,2026-10-06
T20I,male,1151256,O Tuyisenge,RWN,2021-2025,92,87,6,1354,100*,16.71,1,3,11,1311,103.27,132,32,2026-10-06
T20I,male,1161031,Saim Ayub,PAK,2023-2026,69,66,3,1348,98*,21.39,0,6,10,989,136.29,139,62,2026-10-06
T20I,male,938959,W Madhevere,ZIM,2020-2026,87,82,8,1345,73*,18.17,0,7,9,1186,113.4,145,19,2026-10-06
T20I,male,1274033,L Bruce,GIBR,2021-2026,55,54,4,1344,99*,26.88,0,13,5,1129,119.04,137,27,2026-10-06
T20I,male,1093631,Hamza Khan,RWN,2023-2026,57,56,9,1343,164*,28.57,1,8,5,1118,120.12,107,64,2026-10-06
T20I,male,990023,Tanzid Hasan,BAN,2024-2026,55,55,6,1338,89,27.3,0,13,7,1053,127.06,118,60,2026-10-06
T20I,male,530011,TM Head,AUS,2016-2026,53,51,4,1335,91,28.4,0,6,2,852,156.69,149,60,2026-10-06
T20I,male,940593,Aqib Ilyas,OMA,2015-2024,56,55,7,1330,90,27.7,0,10,4,1092,121.79,125,44,2026-10-06
T20I,male,553821,JJ Smit,NAM,2019-2026,78,68,25,1325,111*,30.81,1,4,4,913,145.12,77,80,2026-10-06
T20I,male,1127317,SA Edwards,NED,2018-2026,86,77,20,1316,99,23.08,0,2,3,1040,126.53,105,31,2026-10-06
T20I,male,647785,Sahibzada Farhan,PAK,2018-2026,48,47,2,1316,100*,29.24,2,10,4,970,135.67,110,69,2026-10-06
T20I,male,817069,NS Dhaliwal,CAN,2019-2026,49,47,6,1305,70*,31.82,0,10,3,1015,128.57,107,56,2026-10-06
T20I,male,315232,Asif Khan,UAE,2023-2025,56,56,10,1302,79,28.3,0,6,4,944,137.92,81,84,2026-10-06
T20I,male,1156634,Razmal Shigiwal,AUT,2019-2025,55,49,8,1301,95*,31.73,0,8,4,926,140.49,107,55,2026-10-06
T20I,male,1101783,Aqib Iqbal,AUT,2019-2026,94,71,17,1297,66*,24.01,0,5,4,1054,123.05,99,52,2026-10-06
T20I,male,1099379,GJ Delany,IRE,2019-2026,93,79,16,1294,89*,20.53,0,4,5,963,134.37,100,61,2026-10-06
T20I,male,43906,HM Amla,SA/World,2009-2018,44,44,6,1277,97*,33.6,0,8,2,967,132.05,146,26,2026-10-06
T20I,male,1203879,LA Dunbar,SRB,2019-2026,49,47,9,1275,117,33.55,2,6,4,1035,123.18,112,64,2026-10-06
T20I,male,1167525,DK Kesuma,INA,2023-2026,89,82,10,1270,117*,17.63,3,1,9,1168,108.73,132,47,2026-10-06
T20I,male,913847,Zubaidi Zulkifle,MAS,2019-2026,71,70,3,1269,96,18.94,0,4,12,894,141.94,130,60,2026-10-06
T20I,male,24609,GC Wilson,IRE,2008-2020,81,68,8,1268,65*,21.13,0,3,4,1212,104.62,108,20,2026-10-06
T20I,male,51439,DJ Bravo,WI,2006-2021,91,74,17,1255,66*,22.01,0,4,5,1091,115.03,73,55,2026-10-06
T20I,male,1163174,V Balakrishnan,BOT,2019-2026,59,56,6,1244,101,24.88,2,5,0,1124,110.67,126,35,2026-10-06
T20I,male,470699,BN Cooper,NED,2013-2021,58,55,11,1239,91*,28.15,0,9,7,993,124.77,118,38,2026-10-06
T20I,male,685831,Luqman Butt,CAM,2023-2025,45,41,6,1239,80*,35.4,0,6,1,838,147.85,105,71,2026-10-06
T20I,male,232435,CS MacLeod,SCOT,2009-2022,64,61,9,1238,74,23.8,0,7,8,1115,111.03,107,23,2026-10-06
T20I,male,1143529,Imran Anwar,BHR,2019-2026,107,73,8,1231,87,18.93,0,7,10,977,125.99,73,84,2026-10-06
T20I,male,8917,MM Ali,ENG,2014-2024,92,75,17,1229,72*,21.18,0,7,9,863,142.41,88,68,2026-10-06
T20I,male,473378,RN Patel,KENYA,2019-2026,66,64,12,1226,75,23.57,0,4,8,993,123.46,133,30,2026-10-06
T20I,male,520127,Shaheryar Butt,BEL,2019-2026,55,51,11,1226,125*,30.65,1,4,2,900,136.22,95,73,2026-10-06
T20I,male,55814,BRM Taylor,ZIM,2006-2026,59,57,7,1216,123,24.32,1,6,6,994,122.33,125,30,2026-10-06
T20I,male,931581,RR Pant,IND,2017-2024,76,66,14,1209,65*,23.25,0,3,4,950,127.26,111,44,2026-10-06
T20I,male,233514,NLTC Perera,ICC/SL/World,2010-2021,84,74,22,1204,61,23.15,0,3,8,794,151.63,88,64,2026-10-06
T20I,male,230193,MS Wade,AUS,2011-2024,92,68,22,1202,80,26.13,0,3,1,896,134.15,95,46,2026-10-06
T20I,male,633638,S Muniandy,MAS,2019-2026,126,99,27,1201,60*,16.68,0,1,9,1040,115.48,80,46,2026-10-06
T20I,male,420427,S Bau,PNG,2016-2026,65,57,7,1200,85,24,0,6,6,1072,111.94,100,36,2026-10-06
T20I,male,1156426,Saber Zakhil,BEL,2019-2026,60,53,10,1195,100*,27.79,1,3,4,711,168.07,65,100,2026-10-06
T20I,male,1082742,IK Gamantika,INA,2022-2026,92,76,12,1187,78*,18.54,0,1,4,1243,95.49,81,29,2026-10-06
T20I,male,233528,RG Mukasa,UGA,2019-2024,58,56,5,1186,89,23.25,0,5,8,982,120.77,133,36,2026-10-06
T20I,male,36084,Yuvraj Singh,IND,2007-2017,58,51,9,1177,77*,28.02,0,8,1,863,136.38,77,74,2026-10-06
T20I,male,19296,KP Pietersen,ENG,2005-2013,37,36,5,1176,79,37.93,0,7,1,831,141.51,119,32,2026-10-06
T20I,male,1448634,J Baker,CAY,2024-2026,32,32,5,1171,106*,43.37,1,10,0,884,132.46,99,64,2026-10-06
T20I,male,714451,S Dube,IND,2019-2026,79,60,19,1171,66,28.56,0,6,2,776,150.9,77,71,2026-10-06
T20I,male,469130,H Singh,GER,2019-2026,57,51,10,1166,83*,28.43,0,6,3,870,134.02,116,33,2026-10-06
T20I,male,793457,Hazratullah Zazai,AFG,2016-2024,45,45,3,1160,162*,27.61,1,3,3,874,132.72,110,66,2026-10-06
T20I,male,1141934,Kushal Malla,NEP,2019-2026,67,59,12,1144,137*,24.34,1,5,4,833,137.33,65,76,2026-10-06
T20I,male,731523,DM Nakrani,UGA,2019-2025,82,70,25,1144,77*,25.42,0,3,3,915,125.02,70,68,2026-10-06
T20I,male,1217288,Usman Patel,KUW,2020-2026,64,61,13,1136,111*,23.66,1,7,7,895,126.92,111,39,2026-10-06
T20I,male,276298,AD Russell,WI,2011-2025,86,75,24,1122,71,22,0,3,9,685,163.79,65,95,2026-10-06
T20I,male,935995,Afif Hossain,BAN,2018-2024,70,64,9,1117,77*,20.3,0,3,6,938,119.08,83,38,2026-10-06
T20I,male,1181708,NA Greenwood,JER,2019-2026,42,42,4,1115,86*,29.34,0,5,3,763,146.13,113,37,2026-10-06
T20I,male,502714,MJ Santner,NZ,2015-2026,138,92,38,1108,77*,20.51,0,2,6,848,130.66,90,43,2026-10-06
T20I,male,355269,JDS Neesham,NZ,2012-2026,105,77,22,1105,48*,20.09,0,0,7,761,145.2,85,55,2026-10-06
T20I,male,1098903,S Chandramohan,SGP,2019-2025,51,49,4,1104,100,24.53,1,5,4,925,119.35,100,48,2026-10-06
T20I,male,401540,Aizaz Khan,HKG,2014-2026,103,89,18,1096,48*,15.43,0,0,9,1013,108.19,76,28,2026-10-06
T20I,male,267192,SPD Smith,AUS,2010-2024,67,55,11,1094,90,24.86,0,5,1,872,125.45,96,26,2026-10-06
T20I,male,1062706,HL Carlyon,JER,2019-2026,50,49,2,1089,110,23.17,1,6,4,861,126.48,115,35,2026-10-06
T20I,male,526440,J Butler,GUE,2019-2026,47,45,6,1087,87,27.87,0,5,2,972,111.83,99,28,2026-10-06
T20I,male,420513,N Nipiko,VAN,2019-2026,45,45,7,1086,100,28.57,1,6,3,925,117.4,84,43,2026-10-06
T20I,male,1233046,Zeeshan Khan,MLT,2020-2026,50,49,2,1086,115,23.1,1,5,3,905,120,116,28,2026-10-06
T20I,male,1046619,BA Pai,GIBR,2019-2026,45,43,8,1084,107*,30.97,1,6,3,952,113.86,98,17,2026-10-06
T20I,male,352048,Gulbadin Naib,AFG,2012-2026,87,74,20,1082,63,20.03,0,4,8,885,122.25,79,49,2026-10-06
T20I,male,24611,WTS Porterfield,IRE,2008-2018,61,59,6,1079,72,20.35,0,3,5,971,111.12,120,23,2026-10-06
T20I,male,1380565,R Obuya,UGA,2023-2026,50,48,7,1068,118*,26.04,1,6,5,838,127.44,93,53,2026-10-06
T20I,male,595921,C Campher,IRE,2021-2026,70,60,9,1067,72*,20.92,0,4,5,857,124.5,86,31,2026-10-06
T20I,male,300628,LD Chandimal,SL,2010-2025,69,62,7,1066,66*,19.38,0,6,0,1030,103.49,90,22,2026-10-06
T20I,male,1335264,AP Rajeevan,TAN,2022-2025,55,50,10,1063,70,26.57,0,6,2,951,111.77,96,18,2026-10-06
T20I,male,529349,DM Gondaria,KENYA,2013-2026,39,36,5,1057,94,34.09,0,8,1,742,142.45,91,50,2026-10-06
T20I,male,1387421,AP Yadav,THA,2023-2026,45,45,8,1056,79*,28.54,0,6,3,1003,105.28,110,19,2026-10-06
T20I,male,1178586,V Aravind,UAE,2020-2024,48,43,5,1052,97*,27.68,0,6,4,936,112.39,105,23,2026-10-06
T20I,male,520281,TC Barker,LUX,2019-2026,52,52,1,1052,78,20.62,0,4,6,857,122.75,111,23,2026-10-06
T20I,male,1172124,Sarfaraz Ali,BHR,2019-2024,52,52,3,1050,69*,21.42,0,6,4,722,145.42,91,78,2026-10-06
T20I,male,662235,JP Inglis,AUS,2022-2026,49,46,7,1033,110,26.48,2,2,4,654,157.95,108,40,2026-10-06
T20I,male,1198915,V Vijh,LUX,2019-2026,57,56,9,1031,64*,21.93,0,2,5,946,108.98,76,34,2026-10-06
T20I,male,332980,CJA Amini,PNG,2015-2024,59,51,9,1028,91*,24.47,0,5,6,891,115.37,75,30,2026-10-06
T20I,male,346602,E Dusingizimana,RWN,2021-2024,62,60,3,1028,66*,18.03,0,4,7,966,106.41,104,35,2026-10-06
T20I,male,1163148,D Kansonkho,MWI,2019-2026,68,63,6,1021,54,17.91,0,1,4,1112,91.81,99,17,2026-10-06
T20I,male,440990,L Siaka,PNG,2015-2026,70,63,6,1019,85,17.87,0,3,8,885,115.14,71,34,2026-10-06
T20I,male,318339,Samiullah Shinwari,AFG,2010-2022,65,56,10,1013,61,22.02,0,2,2,858,118.06,76,37,2026-10-06
T20I,male,1159641,MD Patel,USA,2019-2026,47,40,3,1011,104,27.32,1,7,2,733,137.92,106,33,2026-10-06
T20I,male,922943,Shadab Khan,PAK,2017-2026,124,69,17,1009,52,19.4,0,1,6,700,144.14,73,50,2026-10-06
T20I,male,307808,Rohan Mustafa,UAE,2014-2023,58,53,5,1006,77,20.95,0,4,7,827,121.64,108,27,2026-10-06
T20I,male,585615,F Damiao Couana,MOZ,2019-2024,38,37,5,1005,104,31.4,1,5,3,800,125.62,100,38,2026-10-06
T20I,male,1325904,G Mckeon,Fran,2022-2026,33,33,4,1002,109,34.55,2,6,3,692,144.79,81,55,2026-10-06
T20I,male,436757,H Klaasen,SA,2018-2024,58,53,10,1000,81,23.25,0,5,2,705,141.84,72,52,2026-10-06
T20I,male,480603,Iftikhar Ahmed,PAK,2016-2024,66,55,14,998,62*,24.34,0,4,2,773,129.1,66,44,2026-10-06
T20I,male,1338607,S Ravichandran,JPN,2022-2026,53,49,4,997,86*,22.15,0,5,3,825,120.84,90,23,2026-10-06
T20I,male,1155503,JJ Huo,MOZ,2019-2026,49,47,9,996,126,26.21,2,2,4,737,135.14,112,39,2026-10-06
T20I,male,359649,MNM Aslam,KUW,2019-2026,79,55,8,989,55,21.04,0,4,4,854,115.8,89,24,2026-10-06
T20I,male,41028,Kamran Akmal,PAK,2006-2017,58,53,6,987,73,21,0,5,7,825,119.63,100,31,2026-10-06
T20I,male,629058,Najmul Hossain Shanto,BAN,2019-2025,50,48,5,987,71,22.95,0,4,0,905,109.06,89,20,2026-10-06
T20I,male,1319340,Faheem Nazir,SUI,2022-2025,27,27,4,985,113,42.82,2,7,1,675,145.92,113,29,2026-10-06
T20I,male,51862,ADS Fletcher,WI,2008-2024,60,57,7,984,84*,19.68,0,6,9,892,110.31,67,53,2026-10-06
T20I,male,8291,CL White,AUS,2007-2014,47,44,14,984,85*,32.8,0,5,3,740,132.97,71,44,2026-10-06
T20I,male,47270,GC Smith,SA,2005-2011,33,33,2,982,89*,31.67,0,5,1,770,127.53,123,26,2026-10-06
T20I,male,373538,Sabbir Rahman,BAN,2014-2022,48,47,5,977,80,23.26,0,4,3,819,119.29,92,29,2026-10-06
T20I,male,43121,Shaiman Anwar,UAE,2014-2019,32,32,3,971,117*,33.48,1,6,1,770,126.1,75,43,2026-10-06
T20I,male,1230633,Muhammad Muneeb,BEL,2020-2025,43,43,2,970,73,23.65,0,6,9,794,122.16,105,33,2026-10-06
T20I,male,595790,N Davin,NAM,2019-2025,37,37,4,969,89,29.36,0,6,1,696,139.22,103,34,2026-10-06
T20I,male,595978,T Stubbs,SA,2022-2026,52,43,11,967,76,30.21,0,2,3,727,133.01,75,37,2026-10-06
T20I,male,307238,M Taylor,BHM,2021-2026,42,41,1,965,71*,24.12,0,8,5,947,101.9,84,45,2026-10-06
T20I,male,403902,LS Livingstone,ENG,2017-2025,60,47,9,955,103,25.13,1,2,3,641,148.98,54,59,2026-10-06
T20I,male,1156622,Yasir Ali,ESP,2019-2026,47,43,9,953,80*,28.02,0,5,3,930,102.47,73,27,2026-10-06
T20I,male,1203195,P Baron,ARG,2019-2026,38,36,4,947,73,29.59,0,9,0,780,121.41,106,22,2026-10-06
T20I,male,1071504,M Levitt,NED,2024-2026,30,29,1,945,135,33.75,1,6,1,669,141.25,82,50,2026-10-06
T20I,male,1188640,Walid Ghauri,NOR,2019-2026,37,36,4,939,100*,29.34,1,4,1,791,118.71,84,30,2026-10-06
T20I,male,1369680,CV Anto,KUW,2023-2026,45,45,5,936,75,23.4,0,3,1,629,148.8,61,68,2026-10-06
T20I,male,1318875,SKS Gill,LUX,2022-2026,44,44,4,935,67*,23.37,0,3,5,930,100.53,82,13,2026-10-06
T20I,male,28763,G Gambhir,IND,2007-2012,37,36,2,932,75,27.41,0,7,2,783,119.02,109,10,2026-10-06
T20I,male,233904,Yasim Murtaza,HKG,2022-2026,82,66,9,930,60,16.31,0,3,2,809,114.95,65,39,2026-10-06
T20I,male,1338592,PR Surve,INA,2022-2025,39,36,12,928,71*,38.66,0,4,1,812,114.28,71,29,2026-10-06
T20I,male,1070665,D Brevis,SA,2023-2026,35,33,3,923,125*,30.76,1,3,1,563,163.94,54,71,2026-10-06
T20I,male,1440985,Luka Woods,SRB,2024-2026,21,21,2,919,112,48.36,2,6,1,590,155.76,87,50,2026-10-06
T20I,male,364148,KS Leverock,BER,2019-2026,33,32,5,917,103,33.96,1,4,4,619,148.14,76,52,2026-10-06
T20I,male,623977,Salman Agha,PAK,2024-2026,52,48,8,916,76,22.9,0,6,4,744,123.11,80,32,2026-10-06
T20I,male,233712,SJ Myburgh,NED,2012-2022,45,44,2,915,71*,21.78,0,5,8,799,114.51,100,28,2026-10-06
T20I,male,1082736,Ahmad Ramdoni,INA,2022-2026,85,68,19,913,46,18.63,0,0,3,1042,87.61,67,30,2026-10-06
T20I,male,296166,K Nassoro,TAN,2021-2026,79,63,13,913,60,18.26,0,2,4,930,98.17,84,16,2026-10-06
T20I,male,348148,Mohammad Nawaz (3),PAK,2016-2026,98,69,17,911,45*,17.51,0,0,9,683,133.38,68,48,2026-10-06
T20I,male,1323683,A Johnson,CAN,2022-2025,31,31,3,910,121*,32.5,2,6,5,618,147.24,85,60,2026-10-06
T20I,male,391485,JO Holder,WI,2014-2026,98,69,21,909,49,18.93,0,0,9,639,142.25,53,62,2026-10-06
T20I,male,677077,R Shepherd,WI,2020-2026,81,57,24,909,52*,27.54,0,1,5,627,144.97,51,67,2026-10-06
T20I,male,1442948,Selim Salau,NGA,2024-2026,40,39,0,908,112,23.28,1,1,1,833,109,84,21,2026-10-06
T20I,male,333003,R Nehonde,BOT,2019-2026,59,51,9,906,63,21.57,0,3,3,960,94.37,69,16,2026-10-06
T20I,male,1312417,D Doyle-Calle,ESP,2022-2026,40,35,8,904,72,33.48,0,4,0,643,140.59,59,51,2026-10-06
T20I,male,1321988,Mohammad Ihsan,ESP,2022-2026,29,28,6,903,160,41.04,3,1,1,518,174.32,76,62,2026-10-06
T20I,male,914541,SE Rutherford,WI,2018-2026,56,48,11,902,76*,24.37,0,6,7,611,147.62,65,57,2026-10-06
T20I,male,414966,MA Leask,SCOT,2013-2026,80,66,9,901,58,15.8,0,1,5,704,127.98,59,46,2026-10-06
T20I,male,819429,Azmatullah Omarzai,AFG,2022-2026,69,58,11,900,64*,19.14,0,2,6,708,127.11,56,44,2026-10-06
T20I,male,55343,E Chigumbura,ZIM,2006-2020,57,56,9,893,54*,19,0,3,6,635,140.62,61,53,2026-10-06
T20I,male,303669,JE Root,ENG,2012-2019,32,30,5,893,90*,35.72,0,5,2,707,126.3,92,16,2026-10-06
T20I,male,974719,Muhammad Usman,UAE,2016-2022,47,43,6,891,89*,24.08,0,3,3,778,114.52,73,27,2026-10-06
T20I,male,465793,DM de Silva,SL,2015-2026,48,47,4,890,66*,20.69,0,3,2,768,115.88,77,18,2026-10-06
T20I,male,233400,G Malla,NEP,2014-2022,45,39,1,883,107,23.23,1,2,1,734,120.29,76,36,2026-10-06
T20I,male,1036191,BFW de Leede,NED,2018-2026,49,44,12,881,91*,27.53,0,5,4,826,106.65,65,24,2026-10-06
T20I,male,1321221,A Dizija,SRB,2022-2026,45,44,1,881,92,20.48,0,6,3,802,109.85,84,30,2026-10-06
T20I,male,1156473,S Wickramasekara,CZK-R,2019-2026,41,39,8,871,104*,28.09,1,6,3,568,153.34,63,56,2026-10-06
T20I,male,784379,PW Hasaranga,SL,2019-2026,101,82,17,869,71,13.36,0,2,8,693,125.39,85,19,2026-10-06
T20I,male,1070173,Shubman Gill,IND,2023-2025,36,36,5,869,126*,28.03,1,3,2,627,138.59,98,26,2026-10-06
T20I,male,319750,Kamran Khan,QAT,2019-2025,39,36,1,864,88,24.68,0,5,1,639,135.21,77,50,2026-10-06
T20I,male,917063,TW Nightingale,GUE,2020-2026,48,44,3,864,75,21.07,0,4,4,668,129.34,75,35,2026-10-06
T20I,male,990081,Mohammad Naim,BAN,2019-2025,38,38,2,860,81,23.88,0,4,2,841,102.25,77,18,2026-10-06
T20I,male,1281560,R Mazumder,CYP,2021-2026,38,37,6,858,80*,27.67,0,6,1,776,110.56,100,11,2026-10-06
T20I,male,364133,T Manders,BER,2021-2026,30,29,4,852,84,34.08,0,7,3,663,128.5,82,35,2026-10-06
T20I,male,1178061,AR Ramjani,UGA,2022-2025,65,45,11,850,78,25,0,5,3,646,131.57,66,31,2026-10-06
T20I,male,391832,RL Chase,WI,2021-2026,60,44,8,846,67*,23.5,0,4,5,713,118.65,73,22,2026-10-06
T20I,male,1447217,D Visser,Samoa,2024-2026,23,23,5,845,132,46.94,3,3,1,595,142.01,86,38,2026-10-06
T20I,male,526441,MR Adair,IRE,2019-2026,100,70,15,844,72,15.34,0,1,6,656,128.65,57,40,2026-10-06
T20I,male,1062583,TS Bharaj,DEN,2019-2026,42,40,5,843,63*,24.08,0,6,1,703,119.91,68,22,2026-10-06
T20I,male,1276719,KH Prajapati,OMA,2021-2024,47,46,5,843,74*,20.56,0,6,5,780,108.07,83,26,2026-10-06
T20I,male,1380786,V Ravindran,HUN,2023-2026,33,32,1,842,77,27.16,0,5,2,583,144.42,99,36,2026-10-06
T20I,male,1280675,I Niyomugabo,RWN,2024-2026,46,44,7,840,59*,22.7,0,3,5,849,98.93,74,16,2026-10-06
T20I,male,1093632,Junaid Aziz,BHR,2020-2026,84,54,16,838,52,22.05,0,1,1,763,109.82,55,40,2026-10-06
T20I,male,637526,IO Okpe,NGA,2019-2026,90,74,13,838,65*,13.73,0,2,7,759,110.4,34,35,2026-10-06
T20I,male,1338613,L Yamamoto-Lake,JPN,2022-2026,46,45,3,838,134*,19.95,1,4,8,644,130.12,84,34,2026-10-06
T20I,male,1432707,C Roberts,Fran,2024-2026,34,33,9,837,72,34.87,0,3,1,777,107.72,67,6,2026-10-06
T20I,male,1151255,C Rubagumya,RWN,2021-2025,91,75,14,834,40,13.67,0,0,11,981,85.01,52,13,2026-10-06
T20I,male,1200965,Saqlain Arshad,QAT,2019-2026,43,42,2,830,76,20.75,0,4,4,669,124.06,106,22,2026-10-06
T20I,male,403317,IDM Latin,GIBR,2022-2026,40,40,6,829,89,24.38,0,4,3,679,122.09,64,37,2026-10-06
T20I,male,1143139,SA Okpe,NGA,2019-2026,85,65,14,828,45*,16.23,0,0,5,797,103.88,52,28,2026-10-06
T20I,male,1178905,B Arora,MLT,2019-2024,56,51,9,826,66*,19.66,0,3,2,911,90.66,74,20,2026-10-06
T20I,male,1418085,AV Lazarus,THA,2024-2026,41,40,7,826,95,25.03,0,5,1,711,116.17,66,31,2026-10-06
T20I,male,1071473,JN Loftie-Eaton,NAM,2021-2026,63,49,7,825,101,19.64,1,1,3,607,135.91,79,34,2026-10-06
T20I,male,41984,Mohammad Nadeem,OMA,2015-2026,73,52,13,824,77*,21.12,0,3,2,796,103.51,52,21,2026-10-06
T20I,male,348133,SR Taylor,USA,2019-2025,32,29,3,822,101*,31.61,1,4,3,615,133.65,90,35,2026-10-06
T20I,male,914503,H Thaker,CAN,2019-2026,54,42,10,822,53*,25.68,0,2,0,668,123.05,49,35,2026-10-06
T20I,male,928109,K Waiswa,UGA,2020-2026,82,63,13,821,66*,16.42,0,1,7,748,109.75,76,24,2026-10-06
T20I,male,1273278,Imal Zuwak,SWE,2021-2026,47,46,3,818,70,19.02,0,3,5,775,105.54,78,16,2026-10-06
T20I,male,524270,J Rasu,VAN,2019-2026,45,44,4,818,74,20.45,0,3,4,765,106.92,55,31,2026-10-06
T20I,male,227760,Sarfaraz Ahmed,PAK,2010-2021,61,42,12,818,89*,27.26,0,3,2,653,125.26,79,15,2026-10-06
T20I,male,534734,Chirag Suri,UAE,2018-2022,31,31,3,817,88,29.17,0,7,2,708,115.39,84,18,2026-10-06
T20I,male,541991,JP Kotze,NAM,2019-2025,47,43,5,817,101*,21.5,1,2,6,679,120.32,81,38,2026-10-06
T20I,male,1107669,S Singh,KENYA,2021-2026,69,56,10,816,57*,17.73,0,2,6,778,104.88,90,11,2026-10-06
T20I,male,784373,PHKD Mendis,SL,2018-2026,49,44,4,815,65*,20.37,0,4,3,633,128.75,64,36,2026-10-06
T20I,male,44407,W Barresi,NED,2012-2024,46,44,7,812,75*,21.94,0,4,4,706,115.01,71,21,2026-10-06
T20I,male,1153753,B Niaz,BEL,2021-2026,47,41,5,811,72*,22.52,0,4,5,645,125.73,66,41,2026-10-06
T20I,male,275654,A Mansale,VAN,2019-2026,40,39,4,808,82,23.08,0,5,5,693,116.59,53,31,2026-10-06
T20I,male,1188641,Khizer Ahmed,NOR,2019-2026,47,45,5,806,64*,20.15,0,2,4,692,116.47,81,22,2026-10-06
T20I,male,1442095,A Mundra,SWE,2024-2026,33,32,4,806,76*,28.78,0,5,1,519,155.29,88,39,2026-10-06
T20I,male,1151337,RB Patel,UGA,2021-2024,42,39,8,805,68*,25.96,0,4,3,779,103.33,96,8,2026-10-06
T20I,male,316102,CG Williams,NAM,2019-2022,35,33,4,805,81,27.75,0,6,3,713,112.9,69,23,2026-10-06
T20I,male,1369884,Manan Ali,KSA,2023-2025,47,43,8,803,52*,22.94,0,1,4,564,142.37,38,56,2026-10-06
T20I,male,25967,P Khadka,NEP,2014-2020,33,32,3,799,106*,27.55,1,4,3,624,128.04,82,26,2026-10-06
T20I,male,877051,T Banton,ENG,2019-2026,43,37,7,797,73,26.56,0,5,1,530,150.37,72,36,2026-10-06
T20I,male,291844,AA Obanda,KENYA,2007-2023,51,47,4,797,103*,18.53,1,1,6,670,118.95,100,25,2026-10-06
T20I,male,1209110,Basil Hameed,UAE,2020-2026,65,54,17,796,51,21.51,0,2,3,628,126.75,42,41,2026-10-06
T20I,male,1233053,IA De Silva,BUL,2020-2022,35,34,2,795,100*,24.84,1,4,3,690,115.21,72,37,2026-10-06
T20I,male,1204124,Zeeshan Kukikhel,HUN,2021-2025,27,27,1,793,137,30.5,1,5,1,508,156.1,83,42,2026-10-06
T20I,male,793467,Karim Janat,AFG,2016-2026,77,58,11,789,56*,16.78,0,4,6,677,116.54,57,33,2026-10-06
T20I,male,41378,Misbah-ul-Haq,PAK,2007-2012,39,34,13,788,87*,37.52,0,3,2,715,110.2,45,26,2026-10-06
T20I,male,949473,B McMullen,SCOT,2023-2026,30,29,4,787,96,31.48,0,7,2,547,143.87,63,39,2026-10-06
T20I,male,1194959,JG Bethell,ENG,2024-2026,36,32,6,786,105,30.23,1,4,1,521,150.86,63,45,2026-10-06
T20I,male,796255,Bilal Tahir,KUW,2019-2026,64,54,16,786,61*,20.68,0,1,4,561,140.1,46,55,2026-10-06
T20I,male,711559,Usman Ghani,AFG,2015-2023,35,34,3,786,73,25.35,0,4,0,733,107.23,76,21,2026-10-06
T20I,male,1142981,Azyan Farhath,MDV,2019-2024,35,35,7,784,66*,28,0,5,0,926,84.66,61,12,2026-10-06
T20I,male,746439,Umar Adam,MDV,2019-2024,46,45,1,783,56,17.79,0,4,5,589,132.93,62,45,2026-10-06
T20I,male,455463,Aamir Kaleem,OMA,2015-2026,58,50,6,779,72*,17.7,0,3,7,680,114.55,79,19,2026-10-06
T20I,male,348056,KR Mayers,WI,2020-2025,41,39,2,773,73,20.89,0,3,1,575,134.43,69,51,2026-10-06
T20I,male,1158760,S Adedeji,NGA,2019-2025,47,44,7,772,68,20.86,0,3,3,890,86.74,62,16,2026-10-06
T20I,male,1155498,J Bulele,MOZ,2019-2026,34,34,4,772,62*,25.73,0,4,3,812,95.07,97,5,2026-10-06
T20I,male,957645,Aaron Jones,USA,2019-2025,48,43,11,770,94*,24.06,0,2,1,672,114.58,41,39,2026-10-06
T20I,male,1082745,Anjar Tadarus,INA,2022-2026,92,76,14,770,59*,12.41,0,1,9,888,86.71,70,18,2026-10-06
T20I,male,485379,AGS Gous,USA,2024-2026,27,26,1,770,81,30.8,0,6,1,539,142.85,67,42,2026-10-06
T20I,male,318845,RR Rossouw,SA,2014-2023,29,27,5,767,109,34.86,2,3,5,480,159.79,69,39,2026-10-06
T20I,male,946517,D Myers,ZIM,2021-2026,45,42,3,766,96,19.64,0,3,3,637,120.25,68,21,2026-10-06
T20I,male,307195,YSD Seneveratne,CAY,2019-2026,29,29,7,766,150*,34.81,1,3,1,648,118.2,60,36,2026-10-06
T20I,male,820685,NR Kirton,CAN,2019-2026,40,38,6,764,69*,23.87,0,2,0,624,122.43,51,29,2026-10-06
T20I,male,554691,AR Patel,IND,2015-2026,107,67,21,764,65,16.6,0,1,4,593,128.83,52,29,2026-10-06
T20I,male,1388460,R Chopra,UAE,2024-2026,41,36,8,759,80,27.1,0,5,2,661,114.82,53,29,2026-10-06
T20I,male,959767,R Ravindra,NZ,2021-2026,52,46,9,759,69,20.51,0,4,3,561,135.29,60,32,2026-10-06
T20I,male,23460,LJ Wright,ENG,2007-2014,51,45,5,759,99*,18.97,0,4,9,554,137,68,31,2026-10-06
T20I,male,5766,DJ Hussey,AUS,2008-2012,39,36,3,756,88*,22.9,0,3,4,623,121.34,41,34,2026-10-06
T20I,male,1107656,SR Bhudia,KENYA,2019-2026,57,44,8,753,77*,20.91,0,3,3,618,121.84,65,23,2026-10-06
T20I,male,824541,Jaker Ali,BAN,2023-2025,48,43,13,752,72*,25.06,0,3,1,611,123.07,41,41,2026-10-06
T20I,male,596664,ZE Green,NAM,2019-2026,85,59,15,751,54,17.06,0,2,4,670,112.08,68,15,2026-10-06
T20I,male,380561,O Harvey,GHA,2021-2026,50,46,7,751,107*,19.25,1,1,4,777,96.65,57,17,2026-10-06
T20I,male,1334805,A Limdawala,MWI,2022-2026,62,49,5,750,68,17.04,0,3,2,829,90.47,57,17,2026-10-06
T20I,male,496764,Musaddiq Ahmed,GER,2024-2026,25,25,0,747,122,29.88,2,2,2,432,172.91,75,50,2026-10-06
T20I,male,591665,Habib Khan,EST,2021-2026,31,29,0,746,90,25.72,0,5,2,573,130.19,59,38,2026-10-06
T20I,male,662973,SM Curran,ENG,2019-2026,80,51,16,744,58,21.25,0,2,0,573,129.84,45,32,2026-10-06
T20I,male,342619,PBB Rajapaksa,SL,2019-2025,45,40,7,744,77,22.54,0,3,3,570,130.52,64,31,2026-10-06
T20I,male,524219,KJ Stagno,GIBR,2022-2026,29,28,1,744,101,27.55,1,4,2,436,170.64,49,61,2026-10-06
T20I,male,345821,MD Gunathilaka,SL,2016-2022,46,45,0,741,57,16.46,0,3,4,615,120.48,78,21,2026-10-06
T20I,male,605661,RD Rickelton,SA,2024-2026,29,29,3,741,77*,28.5,0,4,2,493,150.3,57,42,2026-10-06
T20I,male,1390687,Abbas Ghani,HUN,2023-2026,29,28,0,739,90,26.39,0,7,4,483,153,77,36,2026-10-06
T20I,male,346571,L Lamin,SLE,2021-2026,64,59,13,739,52*,16.06,0,1,8,805,91.8,46,36,2026-10-06
T20I,male,1193310,SR Mukkamalla,USA,2024-2026,21,21,3,737,100*,40.94,1,6,0,494,149.19,72,31,2026-10-06
T20I,male,1139511,Parvez Hossain Emon,BAN,2022-2026,40,40,2,733,100,19.28,1,3,8,587,124.87,59,46,2026-10-06
T20I,male,401537,KD Shah,HKG,2014-2025,54,49,8,733,79,17.87,0,3,8,691,106.07,58,17,2026-10-06
T20I,male,659073,SA Ahmad,DEN,2019-2026,42,38,6,732,66,22.87,0,4,1,648,112.96,66,18,2026-10-06
T20I,male,1255249,M Kasselman,BOT,2023-2026,37,36,5,732,102,23.61,1,5,4,586,124.91,63,32,2026-10-06
T20I,male,1156467,AK Mohan,FIN,2019-2026,40,39,2,732,71,19.78,0,5,3,727,100.68,54,27,2026-10-06
T20I,male,1369881,Jaspal Singh,MLT,2023-2026,45,44,10,728,68*,21.41,0,4,2,642,113.39,54,36,2026-10-06
T20I,male,298154,PA Raikes,GIBR,2021-2026,26,26,2,728,74*,30.33,0,5,0,545,133.57,65,32,2026-10-06
T20I,male,1275736,Basil George,MLT,2021-2024,34,34,2,724,103*,22.62,1,3,2,583,124.18,51,38,2026-10-06
T20I,male,1322787,C Chatphaisan,THA,2022-2026,62,60,3,723,70*,12.68,0,2,15,732,98.77,65,21,2026-10-06
T20I,male,1151278,YBK Jaiswal,IND,2023-2024,23,22,2,723,100,36.15,1,5,2,440,164.31,82,38,2026-10-06
T20I,male,307189,RA Sealy,CAY,2022-2026,42,36,3,723,73*,21.9,0,3,3,521,138.77,48,41,2026-10-06
T20I,male,5939,MEK Hussey,AUS,2005-2012,38,30,11,721,60*,37.94,0,4,1,529,136.29,58,25,2026-10-06
T20I,male,1271990,KD Abeyrathna,NOR,2021-2026,43,41,4,714,46*,19.29,0,0,2,727,98.21,62,16,2026-10-06
T20I,male,437927,SJ Baard,NAM,2019-2022,28,28,3,714,92,28.56,0,5,1,632,112.97,61,18,2026-10-06
T20I,male,772311,Aritra Dutta,SGP,2019-2025,37,37,1,712,122,19.77,1,2,2,551,129.21,71,35,2026-10-06
T20I,male,1101858,Aziz Mohammad,BEL,2019-2026,30,30,3,711,72,26.33,0,7,3,520,136.73,75,37,2026-10-06
T20I,male,10582,RS Bopara,ENG,2008-2014,38,35,10,711,65*,28.44,0,3,0,599,118.69,54,17,2026-10-06
T20I,male,348129,NR Kumar,CAN/USA,2012-2024,36,32,4,711,83,25.39,0,4,2,567,125.39,51,25,2026-10-06
T20I,male,520138,J Mees,LUX,2019-2024,40,39,7,709,85,22.15,0,3,4,600,118.16,67,22,2026-10-06
T20I,male,290630,MK Pandey,IND,2015-2020,39,33,17,709,79*,44.31,0,3,2,562,126.15,49,19,2026-10-06
T20I,male,1155609,W Niyitanga,RWN,2021-2024,61,60,5,708,55*,12.87,0,2,7,858,82.51,47,21,2026-10-06
T20I,male,1107671,R Bakum,GHA,2019-2024,42,41,4,706,71,19.08,0,4,4,609,115.92,48,33,2026-10-06
T20I,male,209457,CK Kapugedera,SL,2006-2017,43,38,7,703,50,22.67,0,1,0,591,118.95,58,25,2026-10-06
T20I,male,723105,RK Singh,IND,2023-2026,48,35,16,702,69*,36.94,0,3,2,449,156.34,57,40,2026-10-06
T20I,male,1178902,Hamza Dar,ESP,2019-2026,38,32,10,701,91*,31.86,0,4,2,472,148.51,45,41,2026-10-06
T20I,male,1159653,Ravinderpal Singh,CAN,2019-2025,43,36,7,701,101,24.17,1,1,4,497,141.04,48,38,2026-10-06
T20I,male,348044,Lakshit Gupta,CAM,2023-2025,35,35,5,700,62,23.33,0,3,1,684,102.33,58,26,2026-10-06
T20I,male,277662,CJ Anderson,NZ/USA,2012-2024,42,34,6,697,94*,24.89,0,3,3,553,126.03,40,35,2026-10-06
T20I,male,1077310,Naseem Khushi,OMA,2017-2024,51,39,3,696,69,19.33,0,3,4,442,157.46,46,50,2026-10-06
T20I,male,524253,N Vanua,PNG,2015-2024,58,47,10,696,71,18.81,0,3,9,510,136.47,32,47,2026-10-06
T20I,male,1155599,M Akayezu,RWN,2021-2026,115,89,10,695,51,8.79,0,1,15,639,108.76,47,36,2026-10-06
T20I,male,1338610,I Takahashi,JPN,2022-2026,60,52,8,695,54*,15.79,0,1,5,550,126.36,50,35,2026-10-06
T20I,male,516363,G Kansonkho,MWI,2019-2026,59,50,7,693,52,16.11,0,1,4,820,84.51,71,3,2026-10-06
T20I,male,1021025,Muhammad Amir,MAS,2019-2026,70,53,6,692,80,14.72,0,2,4,636,108.8,62,20,2026-10-06
T20I,male,30045,KD Karthik,ICC/IND,2006-2022,60,48,22,686,55,26.38,0,1,3,481,142.61,71,28,2026-10-06
T20I,male,897549,WG Jacks,ENG,2022-2026,48,39,8,684,53*,22.06,0,1,1,463,147.73,60,34,2026-10-06
T20I,male,293831,RW Chakabva,ZIM,2008-2022,49,49,2,682,48,14.51,0,0,11,557,122.44,59,27,2026-10-06
T20I,male,1204127,Zahir Mohammed,HUN,2021-2026,42,39,0,676,85,17.33,0,3,4,456,148.24,51,47,2026-10-06
T20I,male,1387874,AS Samra,PHI,2023-2026,28,28,3,674,101,26.96,1,4,0,494,136.43,59,29,2026-10-06
T20I,male,1479954,D Norotam,POR,2025-2026,25,24,0,673,84,28.04,0,4,2,483,139.33,69,23,2026-10-06
T20I,male,1253822,Gulsan Jha,NEP,2022-2026,59,47,13,672,54,19.76,0,1,1,485,138.55,34,49,2026-10-06
T20I,male,372116,T Bavuma,SA,2019-2023,36,35,4,670,72,21.61,0,1,6,567,118.16,62,16,2026-10-06
T20I,male,1161443,RM Dorji,BHU,2019-2026,41,41,1,670,73,16.75,0,3,3,627,106.85,48,28,2026-10-06
T20I,male,1233051,KC D'Souza,BUL,2020-2022,36,33,9,669,92*,27.87,0,2,3,432,154.86,43,44,2026-10-06
T20I,male,55354,CJ Chibhabha,ZIM,2006-2020,36,35,0,667,67,19.05,0,5,4,609,109.52,78,13,2026-10-06
T20I,male,45789,JH Kallis,SA,2005-2012,25,23,4,666,73,35.05,0,5,0,558,119.35,56,20,2026-10-06
T20I,male,1290929,TB Robinson,NZ,2024-2026,31,28,3,665,106*,26.6,1,2,3,486,136.83,58,26,2026-10-06
T20I,male,469193,Arjun Vinod,SUI,2021-2026,35,34,6,661,67,23.6,0,1,2,592,111.65,63,15,2026-10-06
T20I,male,348125,Muhamad Syahadat,MAS,2019-2026,59,47,17,660,41*,22,0,0,3,628,105.09,43,24,2026-10-06
T20I,male,219885,TLW Cooper,NED,2012-2022,33,32,4,659,81*,23.53,0,3,3,509,129.46,62,22,2026-10-06
T20I,male,1273277,W Boshoff,SWE,2021-2026,41,35,7,657,56*,23.46,0,2,3,613,107.17,45,19,2026-10-06
T20I,male,793463,Rashid Khan,AFG/ICC,2015-2026,118,73,28,657,48*,14.6,0,0,8,501,131.13,45,41,2026-10-06
T20I,male,1082761,DC Smith,PHI,2019-2026,40,39,2,657,68,17.75,0,2,5,563,116.69,56,28,2026-10-06
T20I,male,1156472,A Ashokan,CZK-R,2019-2023,31,30,6,655,55*,27.29,0,3,0,580,112.93,31,26,2026-10-06
T20I,male,417375,IDA Damarell,GUE,2020-2026,44,39,7,655,52,20.46,0,2,2,561,116.75,73,11,2026-10-06
T20I,male,387041,T Jamtsho,BHU,2019-2026,43,43,7,651,66*,18.08,0,3,5,550,118.36,53,33,2026-10-06
T20I,male,1163142,Maaz Khan,LES,2021-2026,34,33,2,650,96,20.96,0,5,8,426,152.58,59,39,2026-10-06
T20I,male,1161050,Sediqullah Atal,AFG,2023-2026,32,32,2,647,73*,21.56,0,4,2,560,115.53,40,30,2026-10-06
T20I,male,1112212,B Ward,JER,2019-2026,48,36,11,644,58*,25.76,0,1,1,495,130.1,36,35,2026-10-06
T20I,male,1451383,BI Dilruksha,SKOR,2024-2026,23,23,4,643,73*,33.84,0,5,1,546,117.76,62,27,2026-10-06
T20I,male,1167318,DJ Hawoe,INA,2022-2026,112,83,18,643,40,9.89,0,0,16,536,119.96,38,35,2026-10-06
T20I,male,308798,DJM Short,AUS,2018-2020,23,23,2,642,76,30.57,0,4,1,540,118.88,71,15,2026-10-06
T20I,male,650887,M Simpson-Parker,AUT,2019-2025,41,34,5,640,65*,22.06,0,5,4,570,112.28,53,18,2026-10-06
T20I,male,1209330,Ahmed Hassan,SUI,2023-2026,29,28,5,639,59,27.78,0,2,1,492,129.87,40,44,2026-10-06
T20I,male,1089823,J Bangura,SLE,2021-2026,54,48,4,639,52*,14.52,0,1,7,825,77.45,48,9,2026-10-06
T20I,male,36592,PW Borren,NED,2008-2017,43,38,5,638,57,19.33,0,1,2,524,121.75,60,18,2026-10-06
T20I,male,1076713,C Green,AUS,2022-2026,28,26,4,638,62*,29,0,6,1,420,151.9,49,36,2026-10-06
T20I,male,1464831,Muhammad Asim,QAT,2024-2026,25,24,7,636,67*,37.41,0,5,4,460,138.26,60,23,2026-10-06
T20I,male,52917,D Ramdin,WI,2006-2019,71,50,16,636,55*,18.7,0,1,3,551,115.42,51,19,2026-10-06
T20I,male,1434630,M Gogev,BUL,2024-2026,27,27,1,634,77*,24.38,0,5,4,442,143.43,54,39,2026-10-06
T20I,male,1418076,Waji Ul Hassan,KSA,2024-2025,36,30,5,634,115*,25.36,1,3,4,527,120.3,47,23,2026-10-06
T20I,male,1060380,RD Gaikwad,IND,2021-2024,23,20,4,633,123*,39.56,1,4,1,441,143.53,65,24,2026-10-06
T20I,male,49209,ST Jayasuriya,SL,2006-2011,31,30,3,629,88,23.29,0,4,4,487,129.15,76,23,2026-10-06
T20I,male,821749,Saif Hassan,BAN,2021-2026,31,30,3,629,69,23.29,0,5,4,540,116.48,41,38,2026-10-06
T20I,male,649015,OGL Bascome,BER,2019-2026,40,37,5,628,54,19.62,0,1,2,480,130.83,44,42,2026-10-06
T20I,male,1233043,SSM Stanislaus,MLT,2020-2024,40,35,4,627,62,20.22,0,1,1,607,103.29,43,23,2026-10-06
T20I,male,585081,Khawar Ali,OMA,2015-2022,41,35,3,626,72*,19.56,0,2,2,635,98.58,67,15,2026-10-06
T20I,male,303812,Sheraz Sheikh,BEL,2021-2026,48,40,7,625,57,18.93,0,2,4,537,116.38,46,37,2026-10-06
T20I,male,221140,D Wiese,NAM/SA,2013-2024,54,40,14,624,66*,24,0,3,3,488,127.86,35,30,2026-10-06
T20I,male,1156258,M Gunasekara,CYP,2024-2026,30,29,2,621,70,23,0,4,3,504,123.21,40,38,2026-10-06
T20I,male,1161044,Shamim Hossain,BAN,2021-2026,52,43,8,621,51,17.74,0,1,4,506,122.72,57,22,2026-10-06
T20I,male,308794,MR Swart,NED,2012-2016,26,25,2,621,89,27,0,4,1,537,115.64,53,16,2026-10-06
T20I,male,1156464,VS Padhaal,FIN,2019-2026,45,43,3,619,84,15.47,0,2,3,603,102.65,58,11,2026-10-06
T20I,male,961443,PV Vuniwaqa,Fiji,2022-2026,22,22,1,617,72*,29.38,0,3,1,425,145.17,52,44,2026-10-06
T20I,male,469212,A Randhawa,AUT,2022-2026,44,39,9,613,78*,20.43,0,3,1,632,96.99,44,15,2026-10-06
T20I,male,55872,MN Waller,ZIM,2011-2018,32,31,8,613,68,26.65,0,1,2,443,138.37,42,28,2026-10-06
T20I,male,1347288,A Turay,SLE,2022-2026,40,40,2,609,78*,16.02,0,2,3,572,106.46,66,19,2026-10-06
T20I,male,956319,Ayaan Khan,OMA,2021-2024,42,37,5,607,53*,18.96,0,1,1,562,108,38,18,2026-10-06
T20I,male,1382799,Isa Zaroo,BUL,2023-2026,31,28,2,605,78*,23.26,0,2,1,507,119.32,63,16,2026-10-06
T20I,male,1156457,NG Collins,FIN,2019-2023,24,24,1,604,79,26.26,0,4,0,612,98.69,52,8,2026-10-06
T20I,male,1392861,P Pushparajan,MLT,2025-2026,21,21,2,604,103,31.78,1,4,1,387,156.07,48,35,2026-10-06
T20I,male,1267514,WAE Burton,SRB,2021-2026,41,39,6,602,84*,18.24,0,2,6,432,139.35,64,32,2026-10-06
T20I,male,1301593,M Podosky,PHI,2022-2025,35,35,4,602,101,19.41,1,1,6,525,114.66,47,33,2026-10-06
T20I,male,1161022,S Jora,NEP,2019-2026,45,36,7,601,63,20.72,0,5,1,494,121.65,35,28,2026-10-06
T20I,male,492679,Mohammed Rizlan,QAT,2019-2024,44,37,8,598,72*,20.62,0,3,4,528,113.25,36,32,2026-10-06
T20I,male,1082740,GD Arta,INA,2022-2026,86,63,12,597,46,11.7,0,0,7,703,84.92,35,30,2026-10-06
T20I,male,388802,TWM Latham,NZ,2012-2026,29,26,4,597,65*,27.13,0,4,1,545,109.54,51,11,2026-10-06
T20I,male,318340,Noor Ali Zadran,AFG,2010-2023,23,23,1,597,63,27.13,0,4,1,586,101.87,55,9,2026-10-06
T20I,male,1057665,Avishka Iroshan,ROM,2025-2026,33,28,7,595,66,28.33,0,2,2,514,115.75,54,24,2026-10-06
T20I,male,42683,Salman Butt,PAK,2007-2010,24,23,2,595,74,28.33,0,3,1,551,107.98,66,10,2026-10-06
T20I,male,681117,Faheem Ashraf,PAK,2017-2026,85,59,15,594,51,13.5,0,1,6,433,137.18,40,33,2026-10-06
T20I,male,514770,P Mishra,BUL,2019-2026,68,53,7,594,55,12.91,0,3,7,505,117.62,39,44,2026-10-06
T20I,male,701217,Aarif Sheikh,NEP,2018-2026,51,39,7,592,39*,18.5,0,0,3,532,111.27,57,13,2026-10-06
T20I,male,308515,SO Ngoche,KENYA,2010-2026,120,70,21,592,41*,12.08,0,0,11,557,106.28,48,19,2026-10-06
T20I,male,1343701,US Hathinjar,CAM,2023-2025,36,36,2,591,74*,17.38,0,4,7,500,118.2,54,31,2026-10-06
T20I,male,208657,PM Seelaar,NED,2008-2021,77,46,12,591,96*,17.38,0,1,1,532,111.09,43,12,2026-10-06
T20I,male,698311,J van Heerden,GER,2022-2026,19,18,4,591,74,42.21,0,3,1,438,134.93,64,15,2026-10-06
T20I,male,379774,CN Ackermann,NED,2019-2026,29,29,4,590,62,23.6,0,1,3,507,116.37,43,14,2026-10-06
T20I,male,1418989,Aqeel Wahid,MAS,2024-2026,38,31,13,589,65*,32.72,0,1,2,499,118.03,30,19,2026-10-06
T20I,male,1510106,KN Chaddha,INA,2026-2026,23,22,2,589,75*,29.45,0,4,1,548,107.48,48,12,2026-10-06
T20I,male,585436,T Tshose,BOT,2019-2026,63,51,9,589,60,14.02,0,1,7,504,116.86,35,26,2026-10-06
T20I,male,973799,Janak Prakash,SGP,2019-2024,43,41,12,588,56,20.27,0,1,2,467,125.91,37,24,2026-10-06
T20I,male,53115,DJG Sammy,WI/World,2007-2017,68,52,18,587,42*,17.26,0,0,3,398,147.48,45,31,2026-10-06
T20I,male,1419054,YS Samra,CAN,2025-2026,20,19,3,586,110,36.62,1,3,0,367,159.67,56,33,2026-10-06
T20I,male,919489,Shahid Wasif,HKG,2016-2026,42,34,10,586,59*,24.41,0,3,3,515,113.78,45,22,2026-10-06
T20I,male,311158,BA Stokes,ENG,2011-2022,43,36,9,585,52*,21.66,0,1,1,457,128,42,22,2026-10-06
T20I,male,10772,PD Collingwood,ENG/World,2005-2017,36,33,2,583,79,18.8,0,3,3,459,127.01,37,24,2026-10-06
T20I,male,410765,Nurul Hasan,BAN,2016-2026,58,53,19,583,42*,17.14,0,0,4,491,118.73,33,25,2026-10-06
T20I,male,53118,DR Smith,WI,2006-2015,33,32,0,582,72,18.18,0,3,1,474,122.78,62,31,2026-10-06
T20I,male,1398125,Hasan Nawaz,PAK,2025-2026,27,26,3,580,105*,25.21,1,3,5,369,157.18,31,43,2026-10-06
T20I,male,1271993,Sher Sahak,NOR,2021-2026,41,36,8,580,70*,20.71,0,2,2,419,138.42,37,33,2026-10-06
T20I,male,1314053,Sazib Bhuiyan,CZK-R,2022-2026,37,33,2,579,71,18.67,0,4,3,412,140.53,51,31,2026-10-06
T20I,male,1075863,K Mishara,SL,2022-2026,27,27,3,578,76,24.08,0,4,3,454,127.31,53,24,2026-10-06
T20I,male,1284209,Saim Hussain,BUL,2022-2023,18,17,2,578,108*,38.53,1,4,1,394,146.7,51,26,2026-10-06
T20I,male,38407,SB Styris,NZ,2005-2010,31,29,2,578,66,21.4,0,1,0,483,119.66,40,25,2026-10-06
T20I,male,1048907,Aman Desai,SGP,2022-2025,40,38,1,577,64,15.59,0,2,5,496,116.33,54,16,2026-10-06
T20I,male,494230,Asif Ali,PAK,2018-2023,58,51,13,577,41*,15.18,0,0,4,431,133.87,27,37,2026-10-06
T20I,male,23583,A Ferguson,ARG,2019-2026,33,29,8,577,86*,27.47,0,3,3,619,93.21,59,4,2026-10-06
T20I,male,1101871,V Ganesan,GER,2019-2024,47,40,9,577,61*,18.61,0,2,1,546,105.67,60,1,2026-10-06
T20I,male,1322778,Tenjin Rabgey,BHU,2022-2026,37,37,1,577,74,16.02,0,4,6,659,87.55,49,14,2026-10-06
T20I,male,307817,Adnan Idrees,KUW,2019-2026,43,38,2,576,80,16,0,3,6,421,136.81,68,25,2026-10-06
T20I,male,1184115,VB Chikkannaiah,GER,2019-2023,27,27,2,575,81*,23,0,4,1,571,100.7,47,14,2026-10-06
T20I,male,47850,RE van der Merwe,NED/SA,2009-2026,71,46,19,575,75*,21.29,0,2,7,453,126.93,43,16,2026-10-06
T20I,male,1089937,T Perera,BOT,2019-2025,35,32,7,574,48*,22.96,0,0,3,562,102.13,54,17,2026-10-06
T20I,male,307231,TS Fray,BER,2019-2026,47,40,5,573,62*,16.37,0,2,3,647,88.56,45,8,2026-10-06
T20I,male,1323416,AJ Mosca,ITA,2022-2026,23,21,6,573,78,38.2,0,4,2,447,128.18,44,22,2026-10-06
T20I,male,819441,Darwish Rasooli,AFG,2022-2026,33,31,3,572,84,20.42,0,4,6,464,123.27,43,19,2026-10-06
T20I,male,46248,JA Morkel,SA,2005-2015,50,38,11,572,43,21.18,0,0,1,402,142.28,29,39,2026-10-06
T20I,male,413023,E Beukes,CAM,2023-2025,43,38,13,571,39,22.84,0,0,4,460,124.13,33,35,2026-10-06
T20I,male,1198950,S Periyalwar,ROM,2019-2025,42,35,11,570,105*,23.75,1,3,4,518,110.03,61,10,2026-10-06
T20I,male,1314056,Dylan Steyn,CZK-R,2022-2024,21,21,0,568,106,27.04,1,2,0,429,132.4,68,8,2026-10-06
T20I,male,585555,T Sandeep,SWZ,2022-2026,27,27,4,566,68,24.6,0,3,1,489,115.74,70,8,2026-10-06
T20I,male,1318869,Omid Mailk Khel,BEL,2022-2026,26,24,5,564,59*,29.68,0,2,0,473,119.23,54,18,2026-10-06
T20I,male,1195664,AM Tribe,JER,2021-2025,26,24,2,564,73*,25.63,0,4,1,454,124.22,53,18,2026-10-06
T20I,male,515923,SKA Awiah,GHA,2021-2024,40,34,4,559,96*,18.63,0,2,4,601,93.01,52,11,2026-10-06
T20I,male,1286456,MO Kitunda,TAN,2021-2026,59,45,3,559,46,13.3,0,0,5,596,93.79,45,17,2026-10-06
T20I,male,1204210,S Gooch,EST,2024-2026,20,20,3,556,72*,32.7,0,5,1,510,109.01,48,16,2026-10-06
T20I,male,1205559,Mohammad Haris,PAK,2022-2025,35,34,2,555,107*,17.34,1,1,4,407,136.36,49,27,2026-10-06
T20I,male,227758,Imad Wasim,PAK,2015-2024,75,50,15,554,64*,15.82,0,1,6,426,130.04,55,12,2026-10-06
T20I,male,16406,MJ Lumb,ENG,2010-2014,27,27,1,552,63,21.23,0,3,1,413,133.65,64,21,2026-10-06
T20I,male,5961,MC Henriques,AUS/POR,2009-2026,28,25,5,551,111,27.55,1,3,0,400,137.75,35,26,2026-10-06
T20I,male,1163158,FA Cossa,MOZ,2019-2024,37,31,10,550,68,26.19,0,3,4,460,119.56,52,28,2026-10-06
T20I,male,1294141,A Sharma,UAE,2023-2026,22,22,2,550,74*,27.5,0,5,2,483,113.87,64,12,2026-10-06
T20I,male,469114,A McAuley,IOM,2020-2026,30,28,2,547,50,21.03,0,2,2,574,95.29,52,2,2026-10-06
T20I,male,1399344,AR Naidoo,CAY,2023-2026,29,27,5,545,53*,24.77,0,1,4,531,102.63,44,15,2026-10-06
T20I,male,953285,MTMMJ Ave,COK,2022-2026,23,23,6,544,92*,32,0,4,1,505,107.72,47,20,2026-10-06
T20I,male,1280667,D Gumyusenge,RWN,2024-2026,43,39,4,544,68,15.54,0,2,10,564,96.45,41,23,2026-10-06
T20I,male,522771,Mohamed Rishwan,MDV,2019-2024,36,34,1,544,67,16.48,0,3,3,592,91.89,45,22,2026-10-06
T20I,male,1233047,HS Gericke,MLT,2020-2022,21,20,0,541,91,27.05,0,4,0,330,163.93,46,22,2026-10-06
T20I,male,796809,Raghav Dhawan,UGA,2024-2025,22,20,2,539,56,29.94,0,3,1,499,108.01,41,15,2026-10-06
T20I,male,319758,Karim Sadiq,AFG,2010-2018,36,36,0,538,72,14.94,0,1,4,493,109.12,61,10,2026-10-06
T20I,male,470766,OB Nightingale,GUE,2022-2026,42,31,10,538,57,25.61,0,1,2,494,108.9,36,5,2026-10-06
T20I,male,308418,NM Odhiambo,KENYA,2010-2024,64,41,7,538,67,15.82,0,2,6,514,104.66,43,13,2026-10-06
T20I,male,1107683,V Mbazo,BOT,2019-2026,57,52,7,534,50,11.86,0,1,6,616,86.68,39,10,2026-10-06
T20I,male,1144657,ND Laegsgaard,DEN,2019-2024,29,28,5,533,91,23.17,0,3,5,360,148.05,47,30,2026-10-06
T20I,male,47660,RN ten Doeschate,NED,2008-2021,24,23,10,533,59,41,0,3,2,401,132.91,27,19,2026-10-06
T20I,male,1270816,Iqbal Hossain,AUT,2021-2023,25,21,0,532,71,25.33,0,3,3,328,162.19,49,38,2026-10-06
T20I,male,520128,Ali Raza,BEL,2021-2026,36,32,1,532,64,17.16,0,3,7,346,153.75,54,32,2026-10-06
T20I,male,1098186,G Stewart,ITA,2021-2026,24,21,2,532,76,28,0,3,4,332,160.24,35,44,2026-10-06
T20I,male,1156488,Talha Khan,GER,2019-2023,28,28,5,532,69*,23.13,0,3,4,514,103.5,43,12,2026-10-06
T20I,male,468573,GR Adair,IRE,2023-2026,23,23,0,531,100,23.08,1,1,0,375,141.6,51,30,2026-10-06
T20I,male,1093638,Imran Ali Butt,BHR,2019-2024,27,25,1,529,62,22.04,0,4,4,534,99.06,43,17,2026-10-06
T20I,male,448074,M Coetzee,HKG,2023-2025,31,29,1,528,102,18.85,1,3,2,406,130.04,71,12,2026-10-06
T20I,male,521637,BM Duckett,ENG,2019-2026,21,21,2,527,84,27.73,0,3,2,344,153.19,69,8,2026-10-06
T20I,male,230855,C Kieswetter,ENG,2010-2012,25,25,1,526,63,21.91,0,3,2,470,111.91,47,23,2026-10-06
T20I,male,1400318,Sahil Chauhan,EST,2023-2026,27,26,5,526,144*,25.04,1,1,4,299,175.91,32,46,2026-10-06
T20I,male,1498055,YS Chauhan,SWE,2025-2026,23,21,3,525,71,29.16,0,3,0,433,121.24,47,18,2026-10-06
T20I,male,1492931,Arun Yadav,TAN,2025-2026,15,15,2,524,86,40.3,0,3,0,352,148.86,57,21,2026-10-06
T20I,male,917093,Raza Iqbal,NOR,2019-2024,31,31,3,524,64*,18.71,0,4,4,445,117.75,65,10,2026-10-06
T20I,male,1437344,AN Lascu,ROM,2024-2026,21,20,5,523,72*,34.86,0,3,0,366,142.89,65,22,2026-10-06
T20I,male,449295,SP Gomes,POR,2022-2026,18,17,4,522,82*,40.15,0,5,2,399,130.82,49,12,2026-10-06
T20I,male,594321,N Mugabe,KENYA,2023-2025,27,26,5,522,71,24.85,0,3,4,480,108.75,43,17,2026-10-06
T20I,male,1440982,BM Pecic,SRB,2024-2026,27,27,3,521,102,21.7,1,2,0,464,112.28,42,18,2026-10-06
T20I,male,352286,PK Matautaava,VAN,2019-2026,34,34,3,520,103,16.77,1,1,6,431,120.64,34,28,2026-10-06
T20I,male,1153703,Musa Shaheen,DEN,2019-2026,33,28,1,520,80,19.25,0,2,1,486,106.99,40,18,2026-10-06
T20I,male,520142,J Barker,LUX,2019-2024,36,31,9,519,48,23.59,0,0,2,530,97.92,41,3,2026-10-06
T20I,male,1400313,Bilal Masud,EST,2023-2026,24,24,6,519,82,28.83,0,2,1,421,123.27,36,20,2026-10-06
T20I,male,1484471,Mehboob Ali,MLT,2025-2026,20,20,0,519,93,25.95,0,3,2,283,183.39,58,38,2026-10-06
T20I,male,44410,F Behardien,SA,2012-2018,38,30,14,518,64*,32.37,0,1,1,404,128.21,37,16,2026-10-06
T20I,male,833777,M van Lingen,NAM,2021-2024,30,27,0,518,67,19.18,0,2,2,447,115.88,61,14,2026-10-06
T20I,male,1320549,Arslan Amjad,EST,2022-2026,33,32,1,515,64,16.61,0,3,7,482,106.84,37,21,2026-10-06
T20I,male,234675,RA Jadeja,IND,2009-2024,74,41,17,515,46*,21.45,0,0,3,405,127.16,39,14,2026-10-06
T20I,male,1107687,P Silas,BOT,2019-2026,57,42,8,515,43,15.14,0,0,8,524,98.28,37,9,2026-10-06
T20I,male,346552,AB Kamara,SLE,2021-2026,33,31,5,514,57,19.76,0,1,5,542,94.83,35,14,2026-10-06
T20I,male,1490910,Md Ariyan,ROM,2025-2026,30,26,6,512,93*,25.6,0,3,3,342,149.7,33,40,2026-10-06
T20I,male,353899,MJ Richardson,GER,2019-2023,25,24,7,511,61*,30.05,0,2,0,492,103.86,47,5,2026-10-06
T20I,male,55787,V Sibanda,ZIM,2007-2016,26,26,1,511,59,20.44,0,1,3,503,101.59,52,11,2026-10-06
T20I,male,541224,LM Jongwe,ZIM,2015-2024,65,48,15,509,35,15.42,0,0,4,419,121.47,45,15,2026-10-06
T20I,male,1403924,LF Muller,BRA,2024-2026,24,23,2,508,57*,24.19,0,1,0,428,118.69,55,11,2026-10-06
T20I,male,359746,Saad Bin Zafar,CAN,2019-2026,69,36,16,507,33*,25.35,0,0,1,418,121.29,43,17,2026-10-06
T20I,male,1451387,A Donovan,PHI,2024-2026,21,19,7,506,122*,42.16,1,2,1,364,139.01,35,27,2026-10-06
T20I,male,1182011,S Kaveri,MEX,2019-2026,39,34,6,506,46*,18.07,0,0,2,637,79.43,31,4,2026-10-06
T20I,male,55395,C de Grandhomme,NZ,2012-2021,41,39,7,505,59,15.78,0,3,6,365,138.35,27,30,2026-10-06
T20I,male,1168651,Haider Ali,PAK,2020-2023,35,32,3,505,68,17.41,0,3,3,405,124.69,43,22,2026-10-06
T20I,male,318334,Nawroz Mangal,AFG,2010-2017,32,32,4,505,65*,18.03,0,2,4,453,111.47,42,19,2026-10-06
T20I,male,414973,OJ Hairs,SCOT,2019-2025,30,30,3,504,127*,18.66,1,2,6,305,165.24,47,33,2026-10-06
T20I,male,1204631,Najjam Shahzad,POR,2019-2025,30,27,6,504,53*,24,0,1,4,366,137.7,32,35,2026-10-06
T20I,male,467829,Usman Khan,Fran,2021-2026,42,33,8,503,63*,20.12,0,3,4,435,115.63,51,10,2026-10-06
T20I,male,1143136,VD Adewoye,NGA,2019-2026,55,46,7,502,49,12.87,0,0,7,396,126.76,35,26,2026-10-06
T20I,male,1301600,Umer Toor,BHR,2022-2024,33,33,1,501,72,15.65,0,2,4,434,115.43,40,28,2026-10-06
T20I,male,40563,Imran Nazir,PAK,2007-2012,25,24,1,500,72,21.73,0,3,2,370,135.13,59,22,2026-10-06
Test,female,53891,JA Brittin,ENG-W,1979-1998,27,44,5,1935,167,49.61,5,11,2,,,,,2026-10-06
Test,female,53696,CM Edwards,ENG-W,1996-2015,23,43,5,1676,117,44.1,4,9,0,,,,,2026-10-06
Test,female,53887,R Heyhoe-Flint,ENG-W,1960-1979,22,38,3,1594,179,45.54,3,10,1,,,,,2026-10-06
Test,female,54298,DA Hockley,NZ-W,1979-1996,19,29,4,1301,126*,52.04,4,7,1,,,,,2026-10-06
Test,female,53785,CA Hodges,ENG-W,1984-1992,18,31,2,1164,158*,40.13,2,6,3,,,,,2026-10-06
Test,female,53913,S Agarwal,IND-W,1984-1995,13,23,1,1110,190,50.45,4,4,1,,,,,2026-10-06
Test,female,53731,E Bakewell,ENG-W,1968-1979,12,22,4,1078,124,59.88,4,7,0,,,,,2026-10-06
Test,female,53715,SC Taylor,ENG-W,1999-2009,15,27,2,1030,177,41.2,4,2,3,,,,,2026-10-06
Test,female,53885,ME Maclagan,ENG-W,1934-1951,14,25,1,1007,119,41.95,2,6,0,,,,,2026-10-06
Test,female,275487,EA Perry,AUS-W,2008-2026,15,24,7,1006,213*,59.17,2,5,0,,,,,2026-10-06
Test,female,53458,KL Rolton,AUS-W,1995-2009,14,22,4,1002,209*,55.66,2,5,3,,,,,2026-10-06
Test,female,358259,HC Knight,ENG-W,2011-2026,15,27,2,989,168*,39.56,2,5,1,,,,,2026-10-06
Test,female,515905,Nat Sciver-Brunt,ENG-W,2014-2026,13,22,1,938,169*,44.66,2,5,2,,,,,2026-10-06
Test,female,53413,BJ Clark,AUS-W,1991-2005,15,25,5,919,136,45.95,2,6,2,,,,,2026-10-06
Test,female,53724,ME Hide,ENG-W,1934-1954,15,27,3,872,124*,36.33,2,5,1,,,,,2026-10-06
Test,female,53637,ER Wilson,AUS-W,1948-1958,11,16,1,862,127,57.46,3,3,0,,,,,2026-10-06
Test,female,53842,MC Robinson,ENG-W,1949-1963,14,27,2,829,105,33.16,2,2,1,,,,,2026-10-06
Test,female,53477,DA Annetts,AUS-W,1987-1992,10,13,3,819,193,81.9,2,6,0,,,,,2026-10-06
Test,female,597806,S Mandhana,IND-W,2014-2026,9,16,1,788,149,52.53,2,5,0,,,,,2026-10-06
Test,female,54382,JD Doull,NZ-W,1966-1975,11,22,4,779,103,43.27,1,5,1,,,,,2026-10-06
Test,female,53578,P Verco,AUS-W,1977-1985,13,20,1,765,105,40.26,1,4,0,,,,,2026-10-06
Test,female,53505,BJ Haggett,AUS-W,1987-1992,10,15,2,762,144,58.61,2,4,0,,,,,2026-10-06
Test,female,54274,S Rangaswamy,IND-W,1976-1991,16,26,3,750,108,32.6,1,6,3,,,,,2026-10-06
Test,female,1071705,A Sutherland,AUS-W,2021-2026,7,10,2,715,210,89.37,4,0,0,,,,,2026-10-06
Test,female,53521,J Kennare,AUS-W,1979-1985,12,19,0,702,131,36.94,3,2,4,,,,,2026-10-06
Test,female,54082,S Kulkarni,IND-W,1976-1991,19,32,2,700,118,23.33,1,2,3,,,,,2026-10-06
Test,female,54416,PF McKelvey,NZ-W,1966-1979,15,26,2,699,155*,29.12,2,1,2,,,,,2026-10-06
Test,female,54273,M Raj,IND-W,2002-2021,12,19,3,699,214,43.68,1,4,2,,,,,2026-10-06
Test,female,53762,MB Duggan,ENG-W,1949-1963,17,31,4,652,108,24.14,2,1,0,,,,,2026-10-06
Test,female,1182523,Shafali Verma,IND-W,2021-2026,7,14,1,640,205,49.23,1,3,1,,,,,2026-10-06
Test,female,54124,G Banerji,IND-W,1984-1991,12,22,0,614,75,27.9,0,6,0,,,,,2026-10-06
Test,female,297074,TT Beaumont,ENG-W,2013-2026,12,20,0,614,208,30.7,1,2,2,,,,,2026-10-06
Test,female,53729,EA Snowball,ENG-W,1934-1949,10,18,3,613,189,40.86,1,4,1,,,,,2026-10-06
Test,female,53862,DL Thomas,ENG-W,1966-1976,10,18,3,610,90,40.66,0,5,0,,,,,2026-10-06
Test,female,54046,S Shah,IND-W,1976-1991,21,38,6,601,62*,18.78,0,1,2,,,,,2026-10-06
Test,female,381258,BL Mooney,AUS-W,2017-2026,9,14,0,578,106,41.28,1,4,0,,,,,2026-10-06
Test,female,53752,JM Court,ENG-W,1976-1987,17,30,2,577,90,20.6,0,1,2,,,,,2026-10-06
Test,female,53689,J Smit,ENG-W,1992-2006,21,30,7,554,69,24.08,0,2,2,,,,,2026-10-06
Test,female,53820,A Brindle,ENG-W,2001-2014,11,20,2,551,101*,30.61,1,3,0,,,,,2026-10-06
Test,female,53910,A Chopra,IND-W,1995-2006,12,20,2,548,98,30.44,0,4,2,,,,,2026-10-06
Test,female,53564,LA Reeler,AUS-W,1984-1987,10,15,2,510,110*,39.23,1,3,0,,,,,2026-10-06
Test,female,53917,H Kala,IND-W,1999-2006,7,10,0,503,110,50.3,2,3,1,,,,,2026-10-06
Test,female,53693,CJ Connor,ENG-W,1995-2005,16,26,1,502,61,20.08,0,1,2,,,,,2026-10-06
Test,female,275486,AJ Healy,AUS-W,2011-2026,11,17,0,502,99,29.52,0,3,3,,,,,2026-10-06
Test,female,53507,L Hill,AUS-W,1975-1977,7,10,2,499,118*,62.37,1,2,0,,,,,2026-10-06
Test,female,53849,J Southgate,ENG-W,1976-1985,13,22,1,490,74,23.33,0,3,1,,,,,2026-10-06
Test,female,54372,J Clark,NZ-W,1984-1992,11,18,0,482,79,26.77,0,2,0,,,,,2026-10-06
Test,female,53869,RE Westbrook,ENG-W,1957-1963,11,20,5,476,87,31.73,0,3,0,,,,,2026-10-06
Test,female,54388,KE Flavell,NZ-W,1995-1996,6,7,0,473,204,67.57,1,2,0,,,,,2026-10-06
Test,female,55159,P Whittaker,WI-W,1976-1979,11,18,1,472,65,29.5,0,4,1,,,,,2026-10-06
Test,female,53551,UL Paisley,AUS-W,1948-1961,12,17,0,471,108,27.7,2,0,0,,,,,2026-10-06
Test,female,54417,A McKenna,NZ-W,1969-1985,7,14,1,465,97*,35.76,0,3,1,,,,,2026-10-06
Test,female,53498,D Emerson,AUS-W,1984-1987,7,11,0,454,121,41.27,1,3,1,,,,,2026-10-06
Test,female,54253,S Gupta,IND-W,1984-1991,13,22,6,452,48*,28.25,0,0,2,,,,,2026-10-06
Test,female,53512,A Hudson,AUS-W,1935-1951,9,16,3,451,81*,34.69,0,3,1,,,,,2026-10-06
Test,female,53702,LK Newton,ENG-W,1999-2006,13,22,1,448,103,21.33,1,2,5,,,,,2026-10-06
Test,female,53677,AJ Blackwell,AUS-W,2003-2017,12,22,2,444,74,22.2,0,4,4,,,,,2026-10-06
Test,female,53721,K Smithies,ENG-W,1987-1999,15,21,1,443,64,22.15,0,3,3,,,,,2026-10-06
Test,female,53687,BA Daniels,ENG-W,1995-1998,9,15,1,441,160,31.5,1,0,1,,,,,2026-10-06
Test,female,53915,A Jain,IND-W,1995-2003,8,12,0,441,110,36.75,1,3,1,,,,,2026-10-06
Test,female,53404,J Broadbent,AUS-W,1990-1998,10,8,4,437,200,109.25,1,2,0,,,,,2026-10-06
Test,female,53698,KM Leng,ENG-W,1995-2003,12,19,1,436,144,24.22,1,0,1,,,,,2026-10-06
Test,female,53874,J Wilkinson,ENG-W,1949-1958,13,24,2,436,90,19.81,0,3,3,,,,,2026-10-06
Test,female,54290,EC Drumm,NZ-W,1992-1996,5,6,3,433,161*,144.33,2,2,0,,,,,2026-10-06
Test,female,54446,JE Stead,NZ-W,1966-1972,9,18,2,433,95,27.06,0,3,3,,,,,2026-10-06
Test,female,53734,E Barker,ENG-W,1957-1969,15,21,4,426,100,25.05,1,3,4,,,,,2026-10-06
Test,female,53461,LC Sthalekar,AUS-W,2003-2011,8,15,2,416,120*,32,1,2,2,,,,,2026-10-06
Test,female,54432,SJ Rattray,NZ-W,1975-1985,9,17,2,412,59,27.46,0,4,0,,,,,2026-10-06
Test,female,53527,LA Larsen,AUS-W,1984-1992,15,14,4,410,86,41,0,3,0,,,,,2026-10-06
Test,female,54044,DF Edulji,IND-W,1976-1991,20,30,5,404,57*,16.16,0,1,3,,,,,2026-10-06
Test,female,597811,DB Sharma,IND-W,2021-2026,7,12,3,402,78,44.66,0,5,0,,,,,2026-10-06
Test,female,54544,BL Bevege,NZ-W,1975-1979,5,10,1,400,100*,44.44,1,2,2,,,,,2026-10-06
Test,female,53867,CJ Watmough,ENG-W,1968-1985,13,24,2,397,70,18.04,0,1,4,,,,,2026-10-06
Test,female,351836,M Kapp,SA-W,2014-2024,4,8,1,395,150,56.42,1,2,1,,,,,2026-10-06
Test,female,53758,AD Disbury,ENG-W,1957-1969,10,17,1,391,47,24.43,0,0,1,,,,,2026-10-06
Test,female,53800,JL Gunn,ENG-W,2004-2014,11,19,2,391,62*,23,0,1,2,,,,,2026-10-06
Test,female,268889,RL Haynes,AUS-W,2009-2022,6,11,0,383,98,34.81,0,3,0,,,,,2026-10-06
Test,female,53437,LM Keightley,AUS-W,1995-2005,9,14,0,378,90,27,0,3,5,,,,,2026-10-06
Test,female,53810,OM Marshall,ENG-W,1954-1966,13,21,4,378,81,22.23,0,3,5,,,,,2026-10-06
Test,female,54360,P Blackler,NZ-W,1948-1966,12,21,0,371,68,17.66,0,1,4,,,,,2026-10-06
Test,female,381311,TM McGrath,AUS-W,2017-2026,8,11,0,371,73,33.72,0,4,1,,,,,2026-10-06
Test,female,53817,SJ Metcalfe,ENG-W,1984-1996,13,17,2,365,66,24.33,0,2,1,,,,,2026-10-06
Test,female,53709,LS Greenway,ENG-W,2003-2015,14,24,1,362,70,15.73,0,2,2,,,,,2026-10-06
Test,female,54989,Kiran Baluch,PAK-W,1998-2004,3,6,0,360,242,60,1,1,1,,,,,2026-10-06
Test,female,53833,S Potter,ENG-W,1984-1987,7,12,1,360,102,32.72,1,1,0,,,,,2026-10-06
Test,female,53897,CMG Atkins,ENG-W,2001-2011,9,17,0,357,90,21,0,3,2,,,,,2026-10-06
Test,female,53510,WJ Hills,AUS-W,1976-1979,9,12,1,351,69*,31.9,0,1,0,,,,,2026-10-06
Test,female,53494,L Denholm,AUS-W,1963-1977,8,14,2,349,93,29.08,0,1,0,,,,,2026-10-06
Test,female,53475,M Allitt,AUS-W,1951-1963,11,20,0,348,76,17.4,0,1,2,,,,,2026-10-06
Test,female,55113,LP Browne,WI-W,1976-1979,9,14,2,348,67,29,0,2,1,,,,,2026-10-06
Test,female,54259,F Khalili,IND-W,1976-1977,8,15,2,347,84,26.69,0,3,2,,,,,2026-10-06
Test,female,53576,SA Tredrea,AUS-W,1975-1984,10,14,3,346,63,31.45,0,1,0,,,,,2026-10-06
Test,female,329336,MM Lanning,AUS-W,2013-2022,6,12,1,345,93,31.36,0,2,1,,,,,2026-10-06
Test,female,53531,JK Lumsden,AUS-W,1976-1977,6,8,0,345,123,43.12,1,1,0,,,,,2026-10-06
Test,female,53855,J Stephenson,ENG-W,1966-1976,12,18,5,345,60*,26.53,0,3,2,,,,,2026-10-06
Test,female,53516,MJ Jennings,AUS-W,1972-1977,8,12,0,341,104,28.41,1,2,0,,,,,2026-10-06
Test,female,53473,HD Pritchard,AUS-W,1934-1937,6,12,0,340,87,28.33,0,3,2,,,,,2026-10-06
Test,female,883405,JI Rodrigues,IND-W,2023-2026,5,9,1,339,73,42.37,0,4,0,,,,,2026-10-06
Test,female,53569,KM Smith,AUS-W,1934-1937,6,12,0,335,88,27.91,0,2,1,,,,,2026-10-06
Test,female,53665,JM Fields,AUS-W,2006-2014,4,7,2,331,139,66.2,1,1,0,,,,,2026-10-06
Test,female,858809,A Gardner,AUS-W,2019-2026,8,12,1,326,65,29.63,0,3,0,,,,,2026-10-06
Test,female,55112,BM Browne,WI-W,1976-1979,11,17,0,324,72,19.05,0,2,2,,,,,2026-10-06
Test,female,54378,SD Cowles,NZ-W,1969-1977,7,14,0,324,46,23.14,0,0,0,,,,,2026-10-06
Test,female,54383,JR Dunning,NZ-W,1984-1985,6,12,2,320,71,32,0,2,1,,,,,2026-10-06
Test,female,53523,M Knee,AUS-W,1961-1972,8,14,2,319,96,26.58,0,3,3,,,,,2026-10-06
Test,female,54052,C Kaul,IND-W,1995-1999,5,9,0,318,75,35.33,0,3,0,,,,,2026-10-06
Test,female,53845,HM Sanders,ENG-W,1949-1958,12,22,1,318,54,15.14,0,2,3,,,,,2026-10-06
Test,female,372317,H Kaur,IND-W,2014-2026,8,13,1,304,69,25.33,0,2,2,,,,,2026-10-06
Test,female,54403,CE Marett,NZ-W,1972-1979,7,13,4,304,49,33.77,0,0,0,,,,,2026-10-06
Test,female,54545,BA Brentnall,NZ-W,1966-1972,10,16,2,301,84*,21.5,0,1,1,,,,,2026-10-06
Test,female,249935,SJ Taylor,ENG-W,2006-2019,10,17,1,300,40,18.75,0,0,3,,,,,2026-10-06
ODI,female,54273,M Raj,IND-W,1999-2022,232,211,57,7805,125*,50.68,7,64,7,,,,,2026-10-06
ODI,female,355359,SR Taylor,WI-W,2008-2026,182,175,27,6396,171,43.21,10,42,6,,,,,2026-10-06
ODI,female,53696,CM Edwards,ENG-W,1997-2016,191,180,23,5992,173*,38.16,9,46,16,,,,,2026-10-06
ODI,female,54565,SW Bates,NZ-W,2006-2026,184,174,16,5982,168,37.86,13,37,12,,,,,2026-10-06
ODI,female,922481,L Wolvaardt,SA-W,2016-2026,128,127,16,5695,184*,51.3,13,40,8,,,,,2026-10-06
ODI,female,597806,S Mandhana,IND-W,2013-2026,120,120,7,5411,136,47.88,14,35,4,,,,,2026-10-06
ODI,female,53413,BJ Clark,AUS-W,1991-2005,118,114,12,4844,229*,47.49,5,30,3,,,,,2026-10-06
ODI,female,53458,KL Rolton,AUS-W,1995-2009,141,132,32,4814,154*,48.14,8,33,4,,,,,2026-10-06
ODI,female,297074,TT Beaumont,ENG-W,2009-2025,140,130,13,4738,168*,40.49,12,24,7,,,,,2026-10-06
ODI,female,233007,AE Satterthwaite,NZ-W,2007-2022,145,138,17,4639,137*,38.33,7,27,9,,,,,2026-10-06
ODI,female,329336,MM Lanning,AUS-W,2011-2023,103,102,16,4602,152*,53.51,15,21,9,,,,,2026-10-06
ODI,female,275487,EA Perry,AUS-W,2007-2026,168,140,45,4581,112*,48.22,3,37,7,,,,,2026-10-06
ODI,female,372317,H Kaur,IND-W,2009-2026,164,143,21,4541,171*,37.22,7,24,4,,,,,2026-10-06
ODI,female,358259,HC Knight,ENG-W,2010-2026,160,151,28,4372,109,35.54,3,27,11,,,,,2026-10-06
ODI,female,515905,Nat Sciver-Brunt,ENG-W,2013-2025,129,114,20,4354,148*,46.31,10,26,5,,,,,2026-10-06
ODI,female,231740,SFM Devine,NZ-W,2006-2025,159,144,13,4279,145,32.66,9,18,5,,,,,2026-10-06
ODI,female,318853,AMCJK Athapaththu,SL-W,2010-2026,129,128,5,4253,195*,34.57,9,21,12,,,,,2026-10-06
ODI,female,53715,SC Taylor,ENG-W,1998-2011,126,120,18,4101,156*,40.2,8,23,6,,,,,2026-10-06
ODI,female,54298,DA Hockley,NZ-W,1982-2000,118,115,18,4064,117,41.89,4,34,6,,,,,2026-10-06
ODI,female,249935,SJ Taylor,ENG-W,2006-2019,126,119,13,4056,147,38.26,7,20,8,,,,,2026-10-06
ODI,female,355349,DJS Dottin,WI-W,2008-2026,158,148,15,3894,150*,29.27,3,22,10,,,,,2026-10-06
ODI,female,474308,HK Matthews,WI-W,2014-2026,111,108,6,3892,182,38.15,14,8,7,,,,,2026-10-06
ODI,female,275486,AJ Healy,AUS-W,2010-2026,126,114,12,3777,170,37.02,8,19,6,,,,,2026-10-06
ODI,female,54646,M du Preez,SA-W,2007-2022,154,141,27,3760,116*,32.98,2,18,8,,,,,2026-10-06
ODI,female,351836,M Kapp,SA-W,2009-2025,162,139,39,3511,121*,35.11,4,17,10,,,,,2026-10-06
ODI,female,53677,AJ Blackwell,AUS-W,2003-2017,144,124,27,3492,114,36,3,25,8,,,,,2026-10-06
ODI,female,260229,Bismah Maroof,PAK-W,2006-2024,136,132,18,3369,99,29.55,0,21,10,,,,,2026-10-06
ODI,female,483484,L Lee,SA-W,2013-2022,100,99,8,3315,132*,36.42,3,23,12,,,,,2026-10-06
ODI,female,381258,BL Mooney,AUS-W,2016-2026,97,88,23,3275,138,50.38,6,21,3,,,,,2026-10-06
ODI,female,487007,S Luus,SA-W,2012-2026,151,131,19,3141,114,28.04,2,21,8,,,,,2026-10-06
ODI,female,54325,HM Tiffen,NZ-W,1999-2009,117,111,16,2919,100,30.72,1,18,8,,,,,2026-10-06
ODI,female,346680,Javeria Khan,PAK-W,2008-2022,116,113,12,2885,133*,28.56,2,15,4,,,,,2026-10-06
ODI,female,53910,A Chopra,IND-W,1995-2012,127,112,21,2856,100,31.38,1,18,8,,,,,2026-10-06
ODI,female,54290,EC Drumm,NZ-W,1992-2006,101,94,13,2844,116,35.11,2,19,7,,,,,2026-10-06
ODI,female,362356,Sidra Amin,PAK-W,2011-2026,92,88,8,2810,176*,35.12,7,17,4,,,,,2026-10-06
ODI,female,597811,DB Sharma,IND-W,2014-2026,124,106,29,2771,188,35.98,1,18,5,,,,,2026-10-06
ODI,female,53461,LC Sthalekar,AUS-W,2001-2013,125,111,22,2728,104*,30.65,2,16,9,,,,,2026-10-06
ODI,female,803971,AC Kerr,NZ-W,2016-2026,93,79,16,2715,232*,43.09,5,12,5,,,,,2026-10-06
ODI,female,276681,T Chetty,SA-W,2007-2022,134,113,16,2703,95,27.86,0,16,7,,,,,2026-10-06
ODI,female,515874,AE Jones,ENG-W,2013-2026,114,96,13,2689,129,32.39,2,16,7,,,,,2026-10-06
ODI,female,53437,LM Keightley,AUS-W,1995-2005,82,78,12,2630,156*,39.84,4,21,5,,,,,2026-10-06
ODI,female,268889,RL Haynes,AUS-W,2009-2022,77,71,6,2585,130,39.76,2,19,6,,,,,2026-10-06
ODI,female,53709,LS Greenway,ENG-W,2003-2016,126,111,26,2554,125*,30.04,1,12,7,,,,,2026-10-06
ODI,female,54527,SJ McGlashan,NZ-W,2002-2016,134,125,16,2438,97*,22.36,0,11,14,,,,,2026-10-06
ODI,female,453370,CL Tryon,SA-W,2011-2026,130,108,17,2431,92,26.71,0,15,6,,,,,2026-10-06
ODI,female,438265,ML Green,NZ-W,2014-2026,97,85,13,2345,141*,32.56,3,11,3,,,,,2026-10-06
ODI,female,360401,PG Raut,IND-W,2009-2021,73,73,7,2299,109*,34.83,3,15,6,,,,,2026-10-06
ODI,female,364413,D van Niekerk,SA-W,2009-2025,110,86,24,2273,102,36.66,1,10,2,,,,,2026-10-06
ODI,female,54323,RJ Rolls,NZ-W,1997-2007,104,91,3,2201,114,25.01,2,12,9,,,,,2026-10-06
ODI,female,53891,JA Brittin,ENG-W,1979-1998,63,59,9,2121,138*,42.42,5,8,2,,,,,2026-10-06
ODI,female,424631,SA Campbelle,WI-W,2009-2026,142,126,21,2109,105,20.08,1,6,8,,,,,2026-10-06
ODI,female,54000,J Sharma,IND-W,2002-2008,77,75,7,2091,138*,30.75,2,14,9,,,,,2026-10-06
ODI,female,774347,GH Lewis,IRE-W,2016-2026,68,67,4,2083,96*,33.06,0,17,4,,,,,2026-10-06
ODI,female,254168,DN Wyatt,ENG-W,2010-2025,120,103,15,2074,129,23.56,2,5,6,,,,,2026-10-06
ODI,female,53613,S Nitschke,AUS-W,2004-2011,80,69,9,2047,113*,34.11,1,14,4,,,,,2026-10-06
ODI,female,54850,HASD Siriwardene,SL-W,2003-2019,118,114,4,2029,68,18.44,0,7,10,,,,,2026-10-06
ODI,female,54504,NJ Browne,NZ-W,2002-2014,125,102,28,2002,63,27.05,0,10,9,,,,,2026-10-06
ODI,female,486995,Fargana Hoque,BAN-W,2011-2026,81,78,5,1939,107,26.56,2,15,10,,,,,2026-10-06
ODI,female,53820,A Brindle,ENG-W,1999-2014,88,84,15,1928,107*,27.94,1,11,2,,,,,2026-10-06
ODI,female,267611,NE Bolton,AUS-W,2014-2019,50,50,4,1896,124,41.21,4,12,3,,,,,2026-10-06
ODI,female,54300,AL Watkins,NZ-W,2002-2011,103,94,7,1889,111,21.71,2,6,9,,,,,2026-10-06
ODI,female,600731,T Brits,SA-W,2021-2026,57,57,3,1838,171*,34.03,7,4,4,,,,,2026-10-06
ODI,female,883405,JI Rodrigues,IND-W,2018-2026,62,59,6,1810,127*,34.15,3,8,8,,,,,2026-10-06
ODI,female,54537,KJ Martin,NZ-W,2003-2022,103,95,14,1793,81,22.13,0,7,2,,,,,2026-10-06
ODI,female,355348,MR Aguilleira,WI-W,2008-2018,112,100,15,1752,71,20.61,0,6,10,,,,,2026-10-06
ODI,female,53915,A Jain,IND-W,1993-2005,65,65,7,1729,90,29.81,0,12,6,,,,,2026-10-06
ODI,female,858809,A Gardner,AUS-W,2017-2026,93,67,14,1699,115,32.05,3,8,3,,,,,2026-10-06
ODI,female,231305,RH Priest,NZ-W,2007-2020,87,74,14,1694,157,28.23,2,9,5,,,,,2026-10-06
ODI,female,333355,Nida Dar,PAK-W,2010-2024,112,96,7,1690,87,18.98,0,11,12,,,,,2026-10-06
ODI,female,572645,Aliya Riaz,PAK-W,2014-2026,86,76,10,1681,81,25.46,0,10,5,,,,,2026-10-06
ODI,female,220668,Sana Mir,PAK-W,2005-2019,120,110,19,1630,52,17.91,0,3,8,,,,,2026-10-06
ODI,female,53800,JL Gunn,ENG-W,2004-2019,144,111,28,1629,73,19.62,0,5,11,,,,,2026-10-06
ODI,female,272324,Nain Abidi,PAK-W,2006-2017,87,83,5,1625,101*,20.83,1,9,7,,,,,2026-10-06
ODI,female,54634,C Brits,SA-W,2002-2013,69,63,7,1622,107*,28.96,1,11,5,,,,,2026-10-06
ODI,female,557839,H Samarawickrama,SL-W,2016-2026,56,54,8,1620,105,35.21,2,9,3,,,,,2026-10-06
ODI,female,1176132,P Litchfield,AUS-W,2023-2026,42,41,5,1604,119,44.55,3,11,1,,,,,2026-10-06
ODI,female,924177,Nigar Sultana,BAN-W,2015-2026,68,63,6,1585,101,27.8,1,9,2,,,,,2026-10-06
ODI,female,1229014,A Hunter,IRE-W,2021-2026,46,46,3,1488,121*,34.6,1,11,4,,,,,2026-10-06
ODI,female,941795,Muneeba Ali,PAK-W,2018-2026,65,63,4,1466,107,24.84,1,5,4,,,,,2026-10-06
ODI,female,594654,BM Halliday,NZ-W,2021-2026,56,49,6,1462,157*,34,1,9,1,,,,,2026-10-06
ODI,female,535868,Sharmin Akhter,BAN-W,2011-2026,56,55,2,1452,96,27.39,0,11,6,,,,,2026-10-06
ODI,female,54873,ME Grealey,IRE-W,1987-2005,79,73,12,1412,101,23.14,1,5,4,,,,,2026-10-06
ODI,female,418420,L Delany,IRE-W,2010-2025,75,69,8,1411,109,23.13,1,5,7,,,,,2026-10-06
ODI,female,361854,Nahida Khan,PAK-W,2009-2022,66,62,2,1410,79,23.5,0,8,4,,,,,2026-10-06
ODI,female,54481,MF Fahey,NZ-W,2003-2010,54,53,2,1403,91,27.5,0,14,6,,,,,2026-10-06
ODI,female,1026403,L Paul,IRE-W,2017-2026,57,56,2,1375,137,25.46,1,8,2,,,,,2026-10-06
ODI,female,54304,MAM Lewis,NZ-W,1992-2005,78,73,12,1372,105,22.49,1,4,2,,,,,2026-10-06
ODI,female,272623,MADD Surangika,SL-W,2006-2019,97,88,16,1363,84,18.93,0,3,10,,,,,2026-10-06
ODI,female,54656,PJ te Beest,NL-W,1990-2008,64,62,1,1361,142,22.31,2,4,7,,,,,2026-10-06
ODI,female,371185,GWHM Perera,SL-W,2014-2026,69,64,3,1350,95,22.13,0,4,6,,,,,2026-10-06
ODI,female,1150585,O Prendergast,IRE-W,2021-2026,50,48,6,1330,122*,31.66,1,6,2,,,,,2026-10-06
ODI,female,472975,Kycia A Knight,WI-W,2011-2022,87,80,4,1327,69,17.46,0,2,11,,,,,2026-10-06
ODI,female,53702,LK Newton,ENG-W,1997-2007,73,68,4,1324,79,20.68,0,9,9,,,,,2026-10-06
ODI,female,53687,BA Daniels,ENG-W,1993-2000,55,53,5,1309,142*,27.27,1,7,4,,,,,2026-10-06
ODI,female,53897,CMG Atkins,ENG-W,2001-2010,58,49,6,1291,145,30.02,1,6,3,,,,,2026-10-06
ODI,female,54903,CMA Shillington,IRE-W,1997-2017,90,79,7,1276,95*,17.72,0,6,12,,,,,2026-10-06
ODI,female,268887,JE Duffin,AUS-W,2009-2015,50,43,9,1265,90*,37.2,0,9,3,,,,,2026-10-06
ODI,female,885815,SIR Dunkley,ENG-W,2021-2026,51,47,3,1261,119,28.65,2,7,2,,,,,2026-10-06
ODI,female,54588,M Terblanche,SA-W,1997-2008,61,59,6,1256,114*,23.69,1,5,4,,,,,2026-10-06
ODI,female,55174,JB Nero,WI-W,2003-2013,76,72,4,1243,100,18.27,1,4,9,,,,,2026-10-06
ODI,female,53932,J Goswami,IND-W,2002-2022,204,121,37,1228,57,14.61,0,1,18,,,,,2026-10-06
ODI,female,557764,NND Silva,SL-W,2015-2026,63,55,13,1224,63,29.14,0,4,1,,,,,2026-10-06
ODI,female,54750,LE Kaushalya,SL-W,2005-2017,89,86,8,1219,65*,15.62,0,5,10,,,,,2026-10-06
ODI,female,54865,CM Beggs,IRE-W,1995-2008,61,59,10,1217,78*,24.83,0,7,5,,,,,2026-10-06
ODI,female,1212830,RM Ghosh,IND-W,2021-2026,54,52,10,1208,96,28.76,0,7,2,,,,,2026-10-06
ODI,female,274958,KT Perkins,NZ-W,2012-2020,73,57,13,1198,78,27.22,0,4,3,,,,,2026-10-06
ODI,female,1289557,Pratika Rawal,IND-W,2024-2026,27,26,1,1189,154,47.56,2,8,1,,,,,2026-10-06
ODI,female,517572,L Winfield-Hill,ENG-W,2013-2022,55,55,4,1186,123,23.25,1,3,3,,,,,2026-10-06
ODI,female,54315,N Payne,NL-W/NZ-W,1988-2003,65,64,7,1178,93,20.66,0,4,6,,,,,2026-10-06
ODI,female,54875,CNIM Joyce,IRE-W,2001-2018,57,54,4,1172,78*,23.44,0,3,6,,,,,2026-10-06
ODI,female,53665,JM Fields,AUS-W,2006-2013,67,50,9,1162,64*,28.34,0,5,3,,,,,2026-10-06
ODI,female,53477,DA Annetts,AUS-W,1985-1993,43,39,12,1126,100*,41.7,1,8,0,,,,,2026-10-06
ODI,female,53426,ZJ Goss,AUS-W,1987-2000,65,47,10,1099,96*,29.7,0,7,4,,,,,2026-10-06
ODI,female,53906,K Sciver-Brunt,ENG-W,2005-2022,141,82,22,1090,72*,18.16,0,2,5,,,,,2026-10-06
ODI,female,53693,CJ Connor,ENG-W,1995-2005,93,77,11,1087,85*,16.46,0,5,9,,,,,2026-10-06
ODI,female,54854,PRCS Kumarihami,SL-W,2004-2018,75,73,3,1083,68*,15.47,0,3,9,,,,,2026-10-06
ODI,female,53785,CA Hodges,ENG-W,1982-1993,47,39,6,1073,113,32.51,2,3,2,,,,,2026-10-06
ODI,female,960845,H Deol,IND-W,2019-2026,38,35,2,1064,115,32.24,1,4,0,,,,,2026-10-06
ODI,female,1071705,A Sutherland,AUS-W,2020-2026,52,36,10,1062,110,40.84,3,4,3,,,,,2026-10-06
ODI,female,939249,N de Klerk,SA-W,2017-2026,64,55,12,1058,84*,24.6,0,3,7,,,,,2026-10-06
ODI,female,53564,LA Reeler,AUS-W,1984-1988,23,23,5,1034,143*,57.44,2,8,1,,,,,2026-10-06
ODI,female,53633,LJ Poulton,AUS-W,2006-2012,48,45,4,1033,104*,25.19,2,4,9,,,,,2026-10-06
ODI,female,53435,M Jones,AUS-W,1997-2005,61,54,6,1028,58,21.41,0,4,2,,,,,2026-10-06
ODI,female,53917,H Kala,IND-W,1999-2008,78,59,10,1023,65,20.87,0,3,3,,,,,2026-10-06
ODI,female,54748,WHD Fernando,SL-W,1997-2010,60,59,11,1015,78*,21.14,0,3,5,,,,,2026-10-06
ODI,female,53689,J Smit,ENG-W,1993-2007,109,81,25,1003,91,17.91,0,4,7,,,,,2026-10-06
ODI,female,370132,SF Daley,WI-W,2008-2017,70,62,11,1001,63,19.62,0,3,6,,,,,2026-10-06
ODI,female,54877,IMHC Joyce,IRE-W,1999-2018,79,64,6,995,67*,17.15,0,4,9,,,,,2026-10-06
ODI,female,53404,J Broadbent,AUS-W,1990-2000,60,43,8,993,85,28.37,0,6,2,,,,,2026-10-06
ODI,female,54171,KV Jain,IND-W,2004-2014,44,40,6,987,103,29.02,1,9,2,,,,,2026-10-06
ODI,female,442310,PM Weerakkody,SL-W,2011-2024,57,57,1,987,69,17.62,0,2,3,,,,,2026-10-06
ODI,female,343648,Rumana Ahmed,BAN-W,2011-2022,50,47,5,963,75,22.92,0,5,4,,,,,2026-10-06
ODI,female,54114,R Dhar,IND-W,2003-2012,78,60,11,961,92*,19.61,0,6,8,,,,,2026-10-06
ODI,female,593936,L Goodall,SA-W,2016-2026,58,52,5,961,93*,20.44,0,3,3,,,,,2026-10-06
ODI,female,54636,SA Fritz,SA-W,2003-2014,59,51,6,959,68,21.31,0,5,5,,,,,2026-10-06
ODI,female,355355,CN Nation,WI-W,2008-2024,68,61,6,951,51*,17.29,0,1,5,,,,,2026-10-06
ODI,female,474190,CA Henry,WI-W,2014-2026,66,59,7,940,61,18.07,0,4,7,,,,,2026-10-06
ODI,female,503123,A Steyn,SA-W,2014-2022,39,38,3,938,117,26.8,1,6,2,,,,,2026-10-06
ODI,female,1290105,RMVD Gunaratne,SL-W,2022-2026,37,36,2,927,123,27.26,2,3,2,,,,,2026-10-06
ODI,female,54172,A Sharma,IND-W,2002-2014,116,73,18,926,51*,16.83,0,1,8,,,,,2026-10-06
ODI,female,220665,Asmavia Iqbal,PAK-W,2005-2017,92,81,23,922,49*,15.89,0,0,10,,,,,2026-10-06
ODI,female,53721,K Smithies,ENG-W,1986-2000,69,51,12,921,110*,23.61,1,1,6,,,,,2026-10-06
ODI,female,53505,BJ Haggett,AUS-W,1986-1993,37,34,4,913,80,30.43,0,6,1,,,,,2026-10-06
ODI,female,923703,WK Dilhari,SL-W,2018-2026,47,41,8,900,84,27.27,0,3,4,,,,,2026-10-06
ODI,female,54663,CA Salomons,NL-W,1995-2011,51,48,4,894,89,20.31,0,5,6,,,,,2026-10-06
ODI,female,53831,HC Plimmer,ENG-W,1989-1997,37,35,0,886,118,25.31,1,5,1,,,,,2026-10-06
ODI,female,355352,SACA King,WI-W,2008-2019,75,64,5,885,70,15,0,1,9,,,,,2026-10-06
ODI,female,54746,LDVV Silva,SL-W,2000-2010,42,42,0,884,78,21.04,0,6,2,,,,,2026-10-06
ODI,female,381311,TM McGrath,AUS-W,2016-2026,61,43,9,882,74,25.94,0,5,2,,,,,2026-10-06
ODI,female,54372,J Clark,NZ-W,1985-1992,31,31,1,875,85,29.16,0,7,3,,,,,2026-10-06
ODI,female,55003,Sajjida Shah,PAK-W,2000-2009,60,59,5,863,52,15.98,0,1,2,,,,,2026-10-06
ODI,female,1144886,Fatima Sana,PAK-W,2019-2026,64,54,9,855,90*,19,0,5,5,,,,,2026-10-06
ODI,female,54926,MP Moore,IRE-W,1987-1996,37,37,3,854,114*,25.11,1,3,2,,,,,2026-10-06
ODI,female,472977,Kyshona A Knight,WI-W,2013-2022,51,48,8,851,88,21.27,0,1,3,,,,,2026-10-06
ODI,female,54637,J Logtenberg,SA-W,2003-2007,26,26,4,848,153*,38.54,2,5,2,,,,,2026-10-06
ODI,female,54583,L Olivier,SA-W,1997-2000,28,28,4,838,101*,34.91,1,7,4,,,,,2026-10-06
ODI,female,54776,CR Seneviratna,SL-W,1997-2013,80,70,14,832,56,14.85,0,1,12,,,,,2026-10-06
ODI,female,442205,V Krishnamurthy,IND-W,2011-2018,48,41,9,829,71,25.9,0,8,2,,,,,2026-10-06
ODI,female,220728,MDT Kamini,IND-W,2006-2017,39,37,5,825,113*,25.78,2,3,2,,,,,2026-10-06
ODI,female,53862,DL Thomas,ENG-W/IntWn,1973-1982,24,22,4,821,134,45.61,1,3,0,,,,,2026-10-06
ODI,female,53498,D Emerson,AUS-W,1982-1987,21,21,1,820,84,41,0,8,3,,,,,2026-10-06
ODI,female,941777,Omaima Sohail,PAK-W,2018-2025,47,43,6,799,65,21.59,0,3,5,,,,,2026-10-06
ODI,female,538591,M Mupachikwa,ZIM-W,2021-2026,33,33,1,798,86,24.93,0,5,1,,,,,2026-10-06
ODI,female,53521,J Kennare,AUS-W,1982-1987,19,19,2,789,122,46.41,2,3,0,,,,,2026-10-06
ODI,female,915489,Ayesha Zafar,PAK-W,2015-2026,41,39,3,779,81,21.63,0,5,2,,,,,2026-10-06
ODI,female,53868,WA Watson,ENG-W,1987-1993,23,22,6,768,107*,48,1,5,1,,,,,2026-10-06
ODI,female,1315572,Sadaf Shamas,PAK-W,2022-2026,26,25,1,761,101,31.7,1,5,2,,,,,2026-10-06
ODI,female,1163087,A Dercksen,SA-W,2024-2026,24,22,1,751,104,35.76,1,5,0,,,,,2026-10-06
ODI,female,1182523,Shafali Verma,IND-W,2021-2026,32,32,1,745,87,24.03,0,5,3,,,,,2026-10-06
ODI,female,54317,KL Pulford,NZ-W,1999-2010,46,40,0,743,95,18.57,0,3,4,,,,,2026-10-06
ODI,female,54347,SJ Tsukigawa,NZ-W,2006-2009,42,39,6,730,78*,22.12,0,2,4,,,,,2026-10-06
ODI,female,1022077,ME Bouchier,ENG-W,2023-2026,23,19,2,729,104,42.88,2,3,1,,,,,2026-10-06
ODI,female,54713,HW Rambaldo,NL-W,1998-2011,46,46,0,723,67,15.71,0,1,4,,,,,2026-10-06
ODI,female,54836,SS Weerakkody,SL-W,2006-2018,89,79,22,722,29*,12.66,0,0,8,,,,,2026-10-06
ODI,female,54388,KE Flavell,NZ-W,1988-1996,38,33,9,719,54,29.95,0,2,1,,,,,2026-10-06
ODI,female,486942,N Chantham,THA-W,2022-2026,17,17,0,716,102,42.11,1,7,0,,,,,2026-10-06
ODI,female,53698,KM Leng,ENG-W,1995-2003,56,50,5,711,80,15.8,0,1,7,,,,,2026-10-06
ODI,female,54914,AM Linehan,IRE-W,1989-2008,60,52,3,699,74,14.26,0,3,8,,,,,2026-10-06
ODI,female,249934,LA Marsh,ENG-W,2006-2019,103,61,12,682,67,13.91,0,1,7,,,,,2026-10-06
ODI,female,317148,CS Mugeri-Tiripano,ZIM-W,2023-2026,24,24,2,676,71*,30.72,0,5,4,,,,,2026-10-06
ODI,female,231311,LR Doolan,NZ-W,2008-2013,40,36,5,674,76,21.74,0,1,2,,,,,2026-10-06
ODI,female,53428,MAJ Goszko,AUS-W,1997-2006,34,31,5,669,51*,25.73,0,1,4,,,,,2026-10-06
ODI,female,960715,YH Bhatia,IND-W,2021-2024,28,27,0,666,64,24.66,0,4,2,,,,,2026-10-06
ODI,female,53422,CL Fitzpatrick,AUS-W,1993-2007,109,58,19,651,43,16.69,0,0,4,,,,,2026-10-06
ODI,female,53887,R Heyhoe-Flint,ENG-W,1973-1982,23,20,9,643,114,58.45,1,4,0,,,,,2026-10-06
ODI,female,478808,Ritu Moni,BAN-W,2012-2026,57,45,8,641,67*,17.32,0,1,2,,,,,2026-10-06
ODI,female,493715,BYA Mendis,SL-W,2011-2019,33,33,0,635,56,19.24,0,3,4,,,,,2026-10-06
ODI,female,418423,KJ Garth,AUS-W/IRE-W,2010-2026,66,45,11,624,72*,18.35,0,2,6,,,,,2026-10-06
ODI,female,54455,NJ Turner,NZ-W,1982-1991,28,26,2,624,114,26,1,2,1,,,,,2026-10-06
ODI,female,55171,NAJ George,WI-W,2003-2008,41,40,3,622,53,16.81,0,1,6,,,,,2026-10-06
ODI,female,55164,NA Williams,WI-W,2003-2005,30,30,6,620,82*,25.83,0,3,1,,,,,2026-10-06
ODI,female,749957,EL Lamb,ENG-W,2022-2026,29,24,0,618,102,25.75,1,4,1,,,,,2026-10-06
ODI,female,54052,C Kaul,IND-W,1993-2000,31,29,3,616,80,23.69,0,3,3,,,,,2026-10-06
ODI,female,374936,JL Jonassen,AUS-W,2012-2023,93,49,17,610,39,19.06,0,0,2,,,,,2026-10-06
ODI,female,54778,SP de Alwis,SL-W,2005-2011,49,47,5,604,73,14.38,0,1,6,,,,,2026-10-06
ODI,female,275442,EJ Villani,AUS-W,2014-2019,34,30,2,603,75,21.53,0,3,5,,,,,2026-10-06
ODI,female,638256,JN Nkomo,ZIM-W,2021-2026,21,21,7,601,76,42.92,0,6,4,,,,,2026-10-06
ODI,female,54643,AL Hodgkinson,SA-W,2000-2012,38,37,4,598,71,18.12,0,2,4,,,,,2026-10-06
ODI,female,914675,KE Bryce,SCO-W,2023-2025,10,10,1,594,131*,66,1,6,1,,,,,2026-10-06
ODI,female,53867,CJ Watmough,ENG-W,1973-1985,28,25,5,593,54*,29.65,0,4,0,,,,,2026-10-06
ODI,female,1211545,IC Gaze,NZ-W,2022-2026,39,31,7,590,68,24.58,0,3,2,,,,,2026-10-06
ODI,female,53904,BL Morgan,ENG-W,1999-2011,72,50,6,590,77,13.4,0,1,7,,,,,2026-10-06
ODI,female,493860,MAA Sanjeewani,SL-W,2014-2026,54,46,6,586,55,14.65,0,1,5,,,,,2026-10-06
ODI,female,883413,P Vastrakar,IND-W,2018-2024,33,28,5,585,67,25.43,0,4,1,,,,,2026-10-06
ODI,female,1208951,GE Plimmer,NZ-W,2022-2026,37,29,1,583,112,20.82,1,0,1,,,,,2026-10-06
ODI,female,54331,HM Watson,NZ-W,1999-2008,66,48,10,580,115*,15.26,1,0,5,,,,,2026-10-06
ODI,female,661441,AA Alleyne,WI-W,2019-2026,58,47,11,576,44,16,0,0,3,,,,,2026-10-06
ODI,female,54432,SJ Rattray,IntWn/NZ-W,1973-1985,30,29,8,576,68,27.42,0,3,3,,,,,2026-10-06
ODI,female,424629,B Cooper,WI-W,2009-2021,49,42,7,575,55*,16.42,0,1,6,,,,,2026-10-06
ODI,female,54016,S Naik,IND-W,2002-2013,46,41,4,574,79*,15.51,0,2,5,,,,,2026-10-06
ODI,female,54989,Kiran Baluch,PAK-W,1997-2004,40,40,0,570,61,14.25,0,1,7,,,,,2026-10-06
ODI,female,54897,CM O'Leary,IRE-W,1996-2003,37,36,5,570,53*,18.38,0,1,5,,,,,2026-10-06
ODI,female,53913,S Agarwal,IND-W,1984-1995,21,21,3,567,72,31.5,0,4,0,,,,,2026-10-06
ODI,female,1187120,A Capsey,ENG-W,2022-2026,39,30,4,566,50,21.76,0,1,3,,,,,2026-10-06
ODI,female,55187,A Mohammed,WI-W,2003-2022,141,91,30,566,31*,9.27,0,0,13,,,,,2026-10-06
ODI,female,1039421,CE Dean,ENG-W,2021-2026,59,36,12,560,47*,23.33,0,0,3,,,,,2026-10-06
ODI,female,54780,LDV Ratnayake,SL-W,1997-2003,22,22,1,558,88,26.57,0,3,1,,,,,2026-10-06
ODI,female,54594,AE Smith,SA-W,2003-2009,37,30,3,557,68,20.62,0,1,2,,,,,2026-10-06
ODI,female,1145089,S Mostary,BAN-W,2018-2026,33,29,8,556,74,26.47,0,3,1,,,,,2026-10-06
ODI,female,1215360,G Voll,AUS-W,2024-2026,13,13,2,549,101,49.9,2,2,2,,,,,2026-10-06
ODI,female,55194,PY Lavine,WI-W,2005-2010,24,24,4,548,66*,27.4,0,3,2,,,,,2026-10-06
ODI,female,342862,MDN Hansika,SL-W,2013-2018,34,34,1,544,50*,16.48,0,1,6,,,,,2026-10-06
ODI,female,54669,MA Koster,NL-W,1995-2007,46,42,7,539,58*,15.4,0,1,8,,,,,2026-10-06
ODI,female,1080264,Murshida Khatun,BAN-W,2018-2025,32,30,3,535,91*,19.81,0,3,1,,,,,2026-10-06
ODI,female,53410,BL Calver,AUS-W,1991-1998,34,21,11,534,81*,53.4,0,3,1,,,,,2026-10-06
ODI,female,53817,SJ Metcalfe,ENG-W,1985-1998,36,28,6,534,51*,24.27,0,1,0,,,,,2026-10-06
ODI,female,355351,ASS Fletcher,WI-W,2008-2026,101,72,21,531,36*,10.41,0,0,9,,,,,2026-10-06
ODI,female,53576,SA Tredrea,AUS-W,1973-1988,31,22,3,528,69,27.78,0,4,2,,,,,2026-10-06
ODI,female,1250707,KT Ndhlovu,ZIM-W,2023-2026,25,25,2,526,61,22.86,0,4,3,,,,,2026-10-06
ODI,female,54321,KA Ramel,NZ-W,1997-2002,47,37,7,519,41,17.3,0,0,3,,,,,2026-10-06
ODI,female,54051,P Rau,IND-W,1993-2000,33,27,3,516,67*,21.5,0,2,3,,,,,2026-10-06
ODI,female,442145,S Pandey,IND-W,2014-2021,55,34,9,512,59,20.48,0,2,4,,,,,2026-10-06
ODI,female,53487,R Buckstein,AUS-W,1986-1988,16,14,2,511,105*,42.58,2,1,1,,,,,2026-10-06
ODI,female,55104,Urooj Mumtaz,PAK-W,2004-2009,38,37,2,502,57,14.34,0,1,5,,,,,2026-10-06
ODI,female,53731,E Bakewell,ENG-W,1973-1982,23,17,3,500,118,35.71,2,2,1,,,,,2026-10-06
ODI,female,482506,A Bosch,SA-W,2016-2026,30,27,3,500,91,20.83,0,3,4,,,,,2026-10-06
T20I,female,597806,S Mandhana,IND-W,2013-2026,179,172,15,4867,124,31,2,37,6,,,,,2026-10-06
T20I,female,54565,SW Bates,NZ-W,2007-2026,186,178,13,4758,124*,28.83,1,28,13,,,,,2026-10-06
T20I,female,372317,H Kaur,IND-W,2009-2026,210,188,44,4346,103,30.18,1,18,6,,,,,2026-10-06
T20I,female,318853,AMCJK Athapaththu,SL-W,2009-2026,173,170,11,4311,119*,27.11,4,16,10,,,,,2026-10-06
T20I,female,231740,SFM Devine,NZ-W,2006-2026,158,154,21,3817,105,28.69,1,24,12,,,,,2026-10-06
T20I,female,381258,BL Mooney,AUS-W,2016-2026,125,119,28,3783,117*,41.57,2,31,6,,,,,2026-10-06
T20I,female,355359,SR Taylor,WI-W,2008-2026,141,137,31,3676,90,34.67,0,22,8,,,,,2026-10-06
T20I,female,254168,DN Wyatt,ENG-W,2010-2026,187,166,16,3671,124,24.47,3,23,23,,,,,2026-10-06
T20I,female,1126416,ER Oza,UAE-W,2018-2026,120,118,17,3453,158*,34.18,5,14,0,,,,,2026-10-06
T20I,female,329336,MM Lanning,AUS-W,2010-2023,132,121,28,3405,133*,36.61,2,15,1,,,,,2026-10-06
T20I,female,474308,HK Matthews,BRB-W/WI-W,2014-2026,127,127,11,3382,132,29.15,3,21,7,,,,,2026-10-06
T20I,female,1182523,Shafali Verma,IND-W,2019-2026,119,118,8,3325,100*,30.22,1,21,7,,,,,2026-10-06
T20I,female,355349,DJS Dottin,BRB-W/WI-W,2008-2026,154,150,26,3228,112*,26.03,2,14,14,,,,,2026-10-06
T20I,female,515905,Nat Sciver-Brunt,ENG-W,2013-2026,141,135,31,3187,82,30.64,0,20,6,,,,,2026-10-06
T20I,female,774347,GH Lewis,IRE-W,2014-2026,119,117,15,3185,119,31.22,2,20,8,,,,,2026-10-06
T20I,female,275486,AJ Healy,AUS-W,2010-2024,162,143,23,3054,148*,25.45,1,17,12,,,,,2026-10-06
T20I,female,922481,L Wolvaardt,SA-W,2016-2026,109,103,23,3049,126*,38.11,4,16,5,,,,,2026-10-06
T20I,female,944285,N Koncharoenkai,THA-W,2018-2026,146,132,33,2896,75,29.25,0,12,10,,,,,2026-10-06
T20I,female,260229,Bismah Maroof,PAK-W,2009-2023,140,134,29,2893,70*,27.55,0,12,6,,,,,2026-10-06
T20I,female,883405,JI Rodrigues,IND-W,2018-2026,131,118,22,2824,76,29.41,0,16,6,,,,,2026-10-06
T20I,female,486942,N Chantham,THA-W,2018-2026,129,125,35,2792,148*,31.02,1,12,6,,,,,2026-10-06
T20I,female,924177,Nigar Sultana,BAN-W,2015-2026,134,128,27,2743,113*,27.15,1,13,8,,,,,2026-10-06
T20I,female,358259,HC Knight,ENG-W,2010-2026,145,128,32,2656,108*,27.66,1,10,7,,,,,2026-10-06
T20I,female,53696,CM Edwards,ENG-W,2004-2016,95,93,14,2605,92*,32.97,0,12,3,,,,,2026-10-06
T20I,female,275487,EA Perry,AUS-W,2008-2026,181,124,44,2495,75,31.18,0,11,5,,,,,2026-10-06
T20I,female,1290388,Theertha Satish,UAE-W,2021-2026,107,100,26,2394,93,32.35,0,13,4,,,,,2026-10-06
T20I,female,54273,M Raj,IND-W,2006-2019,89,84,21,2364,97*,37.52,0,17,5,,,,,2026-10-06
T20I,female,343129,M Hill,HKG-W,2019-2026,106,103,11,2223,106,24.16,2,8,13,,,,,2026-10-06
T20I,female,249935,SJ Taylor,ENG-W,2006-2019,90,87,12,2177,77,29.02,0,16,2,,,,,2026-10-06
T20I,female,600731,T Brits,SA-W,2018-2026,84,81,15,2143,114*,32.46,1,16,6,,,,,2026-10-06
T20I,female,486944,N Chaiwai,THA-W,2018-2026,142,117,26,2111,83*,23.19,0,5,9,,,,,2026-10-06
T20I,female,333355,Nida Dar,PAK-W,2010-2024,160,141,24,2091,75,17.87,0,7,7,,,,,2026-10-06
T20I,female,260142,NT Miles,HKG-W,2021-2026,94,93,19,2057,100*,27.79,1,9,10,,,,,2026-10-06
T20I,female,1150585,O Prendergast,IRE-W,2019-2026,88,83,15,2054,80,30.2,0,14,5,,,,,2026-10-06
T20I,female,774311,SL Kalis,NL-W,2018-2026,69,69,10,2053,126*,34.79,1,11,3,,,,,2026-10-06
T20I,female,1119578,Yasmeen Khan,NAM-W,2018-2026,117,112,17,2052,78*,21.6,0,9,7,,,,,2026-10-06
T20I,female,803971,AC Kerr,NZ-W,2016-2026,104,85,19,2049,105,31.04,2,7,5,,,,,2026-10-06
T20I,female,1172639,G Ishimwe,RWA-W,2019-2026,117,110,10,2026,114*,20.26,1,4,9,,,,,2026-10-06
T20I,female,346680,Javeria Khan,PAK-W,2009-2023,112,106,13,2018,74*,21.69,0,10,5,,,,,2026-10-06
T20I,female,557839,H Samarawickrama,SL-W,2016-2026,99,90,17,1977,86*,27.08,0,9,3,,,,,2026-10-06
T20I,female,297074,TT Beaumont,ENG-W,2009-2025,109,93,11,1975,116,24.08,1,11,4,,,,,2026-10-06
T20I,female,364413,D van Niekerk,SA-W,2009-2026,94,83,11,1962,90*,27.25,0,10,4,,,,,2026-10-06
T20I,female,1126419,KKN Egodage,UAE-W,2018-2024,88,83,25,1947,92*,33.56,0,9,5,,,,,2026-10-06
T20I,female,546086,SA Wittmann,NAM-W,2019-2026,108,105,8,1937,93*,19.96,0,12,11,,,,,2026-10-06
T20I,female,483484,L Lee,SA-W,2013-2021,82,82,8,1896,101,25.62,1,13,8,,,,,2026-10-06
T20I,female,941795,Muneeba Ali,PAK-W,2016-2026,101,99,7,1893,102,20.57,2,4,8,,,,,2026-10-06
T20I,female,914677,SJ Bryce,SCO-W,2018-2026,84,82,20,1888,67,30.45,0,5,3,,,,,2026-10-06
T20I,female,487007,S Luus,SA-W,2012-2026,146,111,28,1872,81,22.55,0,8,10,,,,,2026-10-06
T20I,female,515874,AE Jones,ENG-W,2013-2026,138,112,20,1859,89,20.2,0,7,11,,,,,2026-10-06
T20I,female,54646,M du Preez,SA-W,2007-2022,114,104,18,1805,69,20.98,0,7,7,,,,,2026-10-06
T20I,female,877473,B de Leede,NL-W,2018-2026,102,96,16,1800,82*,22.5,0,9,5,,,,,2026-10-06
T20I,female,233007,AE Satterthwaite,NZ-W,2007-2021,111,100,17,1784,71*,21.49,0,1,1,,,,,2026-10-06
T20I,female,351836,M Kapp,SA-W,2009-2026,126,104,19,1774,81*,20.87,0,6,6,,,,,2026-10-06
T20I,female,587502,KY Chan,HKG-W,2019-2026,117,107,13,1765,87,18.77,0,4,6,,,,,2026-10-06
T20I,female,1119460,J Mbabazi,UGA-W,2018-2026,126,118,16,1757,63*,17.22,0,4,7,,,,,2026-10-06
T20I,female,1119464,R Musamali,UGA-W,2018-2026,132,113,33,1753,103*,21.91,1,2,9,,,,,2026-10-06
T20I,female,538591,M Mupachikwa,ZIM-W,2019-2026,83,79,17,1737,75*,28.01,0,4,6,,,,,2026-10-06
T20I,female,1116789,Mas Elysa,MAL-W,2018-2026,110,106,15,1719,67,18.89,0,7,15,,,,,2026-10-06
T20I,female,424631,SA Campbelle,WI-W,2009-2026,160,128,24,1707,90*,16.41,0,1,7,,,,,2026-10-06
T20I,female,418420,L Delany,IRE-W,2010-2026,132,107,29,1659,91,21.26,0,4,7,,,,,2026-10-06
T20I,female,914675,KE Bryce,SCO-W,2018-2026,65,63,15,1650,73*,34.37,0,13,3,,,,,2026-10-06
T20I,female,1229014,A Hunter,IRE-W,2021-2026,68,66,10,1645,114*,29.37,2,6,2,,,,,2026-10-06
T20I,female,1119461,I Nakisuuyi,UGA-W,2018-2026,114,101,22,1638,68*,20.73,0,2,7,,,,,2026-10-06
T20I,female,1172637,MD Bimenyimana,RWA-W,2019-2026,129,108,16,1636,114*,17.78,1,1,6,,,,,2026-10-06
T20I,female,858809,A Gardner,AUS-W,2017-2026,106,84,21,1633,93,25.92,0,9,6,,,,,2026-10-06
T20I,female,1119581,FO Kibasu,TZN-W,2019-2025,69,67,10,1623,127*,28.47,3,6,6,,,,,2026-10-06
T20I,female,1116776,NPAN Sakarini,IDN-W,2019-2026,75,66,21,1618,95*,35.95,0,10,1,,,,,2026-10-06
T20I,female,54842,HMD Rasangika,BHR-W/SL-W,2009-2026,72,66,17,1567,161*,31.97,2,4,5,,,,,2026-10-06
T20I,female,1119431,Q Abel,KEN-W,2019-2025,69,68,10,1537,109,26.5,1,8,5,,,,,2026-10-06
T20I,female,411109,Y Daswani,HKG-W,2019-2026,97,89,29,1525,84*,25.41,0,5,6,,,,,2026-10-06
T20I,female,301637,WA Duraisingam,MAL-W,2018-2026,104,101,7,1503,73,15.98,0,4,20,,,,,2026-10-06
T20I,female,877469,R Rijke,NL-W,2018-2026,102,95,21,1497,84*,20.22,0,3,8,,,,,2026-10-06
T20I,female,557764,NND Silva,SL-W,2013-2026,125,104,30,1482,63*,20.02,0,3,7,,,,,2026-10-06
T20I,female,1182745,S Mtae,TZN-W,2019-2026,78,70,4,1482,86*,22.45,0,6,5,,,,,2026-10-06
T20I,female,1344430,L Barnett,IOM-W,2022-2026,38,37,11,1479,123*,56.88,1,14,0,,,,,2026-10-06
T20I,female,885815,SIR Dunkley,ENG-W,2018-2026,81,69,12,1463,81*,25.66,0,7,5,,,,,2026-10-06
T20I,female,317148,CS Mugeri-Tiripano,ZIM-W,2019-2026,75,70,11,1454,80,24.64,0,2,4,,,,,2026-10-06
T20I,female,1212830,RM Ghosh,IND-W,2020-2026,96,81,27,1445,64*,26.75,0,2,4,,,,,2026-10-06
T20I,female,438265,ML Green,NZ-W,2012-2026,128,105,29,1439,62,18.93,0,2,3,,,,,2026-10-06
T20I,female,1172634,H Ishimwe,RWA-W,2019-2026,134,120,31,1437,67*,16.14,0,1,14,,,,,2026-10-06
T20I,female,572645,Aliya Riaz,PAK-W,2014-2026,117,100,29,1425,57*,20.07,0,2,7,,,,,2026-10-06
T20I,female,453370,CL Tryon,SA-W,2010-2026,131,106,30,1422,57*,18.71,0,1,4,,,,,2026-10-06
T20I,female,1119573,KA Green,NAM-W,2018-2026,116,102,22,1375,86*,17.18,0,3,17,,,,,2026-10-06
T20I,female,944349,B Tau,PNG-W,2018-2026,78,71,21,1369,62*,27.38,0,5,2,,,,,2026-10-06
T20I,female,275442,EJ Villani,AUS-W,2009-2018,62,58,10,1369,90*,28.52,0,12,4,,,,,2026-10-06
T20I,female,746839,CM Gough,GER-W,2019-2025,53,50,15,1364,101*,38.97,1,7,3,,,,,2026-10-06
T20I,female,1196284,AM Zepeda,AUT-W,2019-2026,49,49,14,1358,101,38.8,1,6,2,,,,,2026-10-06
T20I,female,1161398,RD Moretti,BRA-W,2018-2026,70,64,28,1353,77*,37.58,0,6,6,,,,,2026-10-06
T20I,female,577359,HDJ Siegers,NL-W,2018-2026,76,72,5,1339,106*,19.98,1,3,7,,,,,2026-10-06
T20I,female,1199586,S Sunday,NGA-W,2019-2026,84,78,17,1337,63,21.91,0,3,5,,,,,2026-10-06
T20I,female,500984,I Barma,NEP-W,2019-2026,100,92,21,1322,55*,18.61,0,1,9,,,,,2026-10-06
T20I,female,53677,AJ Blackwell,AUS-W,2005-2017,95,81,19,1314,61,21.19,0,1,5,,,,,2026-10-06
T20I,female,1250707,KT Ndhlovu,ZIM-W,2022-2026,75,72,9,1312,70*,20.82,0,4,7,,,,,2026-10-06
T20I,female,597811,DB Sharma,IND-W,2016-2026,157,101,42,1306,64,22.13,0,2,6,,,,,2026-10-06
T20I,female,1158370,L Mophakedi,BOT-W,2018-2026,82,82,4,1289,67,16.52,0,5,9,,,,,2026-10-06
T20I,female,1093518,R Andrew,VAN-W,2019-2026,61,60,8,1281,106*,24.63,1,4,8,,,,,2026-10-06
T20I,female,587145,C Sutthiruang,THA-W,2018-2026,145,115,23,1279,46*,13.9,0,0,14,,,,,2026-10-06
T20I,female,1150582,N Vare,PNG-W,2018-2026,76,71,20,1276,88*,25.01,0,6,6,,,,,2026-10-06
T20I,female,944345,T Ruma,PNG-W,2018-2026,55,51,13,1261,69*,33.18,0,7,2,,,,,2026-10-06
T20I,female,486995,Fargana Hoque,BAN-W,2012-2023,84,79,12,1253,110*,18.7,1,3,5,,,,,2026-10-06
T20I,female,1333934,RL Blake,ROM-W,2022-2026,20,20,12,1224,135*,153,3,9,0,,,,,2026-10-06
T20I,female,1189310,P Alako,UGA-W,2019-2026,91,82,10,1213,116,16.84,2,2,10,,,,,2026-10-06
T20I,female,1119469,S Nampiina,UGA-W,2018-2026,111,96,23,1207,51,16.53,0,1,10,,,,,2026-10-06
T20I,female,53709,LS Greenway,ENG-W,2004-2016,85,73,24,1192,80*,24.32,0,2,8,,,,,2026-10-06
T20I,female,54527,SJ McGlashan,NZ-W,2004-2016,76,73,9,1164,84,18.18,0,2,2,,,,,2026-10-06
T20I,female,1145089,S Mostary,BAN-W,2019-2026,72,66,6,1160,59,19.33,0,1,5,,,,,2026-10-06
T20I,female,1093513,V Langiatu,VAN-W,2019-2026,61,60,2,1154,87*,19.89,0,7,5,,,,,2026-10-06
T20I,female,381311,TM McGrath,AUS-W,2021-2026,59,45,17,1154,91*,41.21,0,7,1,,,,,2026-10-06
T20I,female,1161401,LV Boas,BRA-W,2018-2026,69,66,8,1152,121,19.86,1,2,6,,,,,2026-10-06
T20I,female,482506,A Bosch,SA-W,2019-2026,57,47,6,1149,83,28.02,0,7,4,,,,,2026-10-06
T20I,female,371185,GWHM Perera,SL-W,2014-2026,106,95,14,1130,65,13.95,0,2,13,,,,,2026-10-06
T20I,female,1119587,HM Omary,TZN-W,2019-2026,78,70,18,1120,64,21.53,0,4,2,,,,,2026-10-06
T20I,female,276681,T Chetty,SA-W,2007-2022,82,72,7,1117,55,17.18,0,3,6,,,,,2026-10-06
T20I,female,500726,RC Belbashi,NEP-W,2019-2026,100,85,26,1100,118*,18.64,1,1,11,,,,,2026-10-06
T20I,female,54850,HASD Siriwardene,SL-W,2010-2020,81,73,9,1097,52,17.14,0,2,5,,,,,2026-10-06
T20I,female,1161397,L Agatha,BRA-W,2018-2026,70,62,9,1087,144*,20.5,1,6,8,,,,,2026-10-06
T20I,female,1352119,DEM Carter,SCO-W,2023-2026,47,46,8,1080,76*,28.42,0,10,5,,,,,2026-10-06
T20I,female,486890,SR Magar,NEP-W,2019-2026,77,69,17,1078,82*,20.73,0,1,5,,,,,2026-10-06
T20I,female,362356,Sidra Amin,PAK-W,2011-2026,68,63,3,1070,63,17.83,0,4,5,,,,,2026-10-06
T20I,female,501348,M Musonda,ZIM-W,2019-2024,58,53,12,1054,60,25.7,0,5,5,,,,,2026-10-06
T20I,female,1187120,A Capsey,ENG-W,2022-2026,58,52,4,1053,82,21.93,0,6,2,,,,,2026-10-06
T20I,female,301800,N Boochatham,THA-W,2018-2025,116,90,8,1035,56,12.62,0,2,15,,,,,2026-10-06
T20I,female,54903,CMA Shillington,IRE-W,2008-2018,56,56,1,1019,58*,18.52,0,1,5,,,,,2026-10-06
T20I,female,1119473,K Awino,UGA-W,2018-2025,109,84,18,1014,95*,15.36,0,3,8,,,,,2026-10-06
T20I,female,1213637,Aysha,QAT-W,2020-2026,53,53,7,1014,113*,22.04,1,1,4,,,,,2026-10-06
T20I,female,1119571,JA Diergaardt,NAM-W,2018-2026,115,97,23,1004,62*,13.56,0,1,15,,,,,2026-10-06
T20I,female,1050029,Ainna Hamizah Hashim,MAL-W,2018-2026,110,90,23,1003,61,14.97,0,2,14,,,,,2026-10-06
T20I,female,54537,KJ Martin,NZ-W,2008-2022,95,77,22,996,65,18.1,0,4,6,,,,,2026-10-06
T20I,female,355352,SACA King,WI-W,2008-2019,86,74,16,989,81,17.05,0,3,6,,,,,2026-10-06
T20I,female,1158415,W Mwatile,NAM-W,2018-2026,110,89,19,984,54*,14.05,0,1,10,,,,,2026-10-06
T20I,female,272324,Nain Abidi,PAK-W,2009-2018,68,65,11,972,56,18,0,3,4,,,,,2026-10-06
T20I,female,1323105,NLKWR Dewi,IDN-W,2023-2026,59,50,12,970,78,25.52,0,5,8,,,,,2026-10-06
T20I,female,1119572,A van der Merwe,NAM-W,2018-2023,59,57,9,967,57,20.14,0,2,7,,,,,2026-10-06
T20I,female,1186107,A Merritt,JEY-W,2019-2026,48,44,5,964,77,24.71,0,7,2,,,,,2026-10-06
T20I,female,1126408,Wan Julia,MAL-W,2018-2026,88,82,7,962,52,12.82,0,1,7,,,,,2026-10-06
T20I,female,1196299,P Sabu,AUT-W,2019-2026,60,55,7,960,84*,20,0,5,8,,,,,2026-10-06
T20I,female,1144886,Fatima Sana,PAK-W,2019-2026,70,51,22,957,90,33,0,3,7,,,,,2026-10-06
T20I,female,1080264,Murshida Khatun,BAN-W,2018-2025,52,51,6,947,80,21.04,0,6,2,,,,,2026-10-06
T20I,female,54877,IMHC Joyce,IRE-W,2008-2018,55,52,5,944,56*,20.08,0,1,6,,,,,2026-10-06
T20I,female,268887,JE Duffin,AUS-W,2009-2015,64,55,10,941,68*,20.91,0,3,4,,,,,2026-10-06
T20I,female,1343254,M Corazon,IDN-W,2022-2026,48,41,6,926,74*,26.45,0,5,6,,,,,2026-10-06
T20I,female,1483977,J Gunasekar,OMA-W,2025-2026,28,27,6,922,101*,43.9,1,5,1,,,,,2026-10-06
T20I,female,1094717,R Stokell,IRE-W,2019-2026,80,69,21,908,60*,18.91,0,1,6,,,,,2026-10-06
T20I,female,1185795,IJR Zwilling,NL-W,2019-2026,98,77,15,895,56,14.43,0,2,5,,,,,2026-10-06
T20I,female,1290105,RMVD Gunaratne,SL-W,2022-2026,61,59,8,892,73*,17.49,0,3,8,,,,,2026-10-06
T20I,female,1190587,JE Ronalds,GER-W,2019-2025,51,45,10,889,105*,25.4,1,2,3,,,,,2026-10-06
T20I,female,1119584,NJ Pius,TZN-W,2019-2026,71,61,10,887,77*,17.39,0,2,12,,,,,2026-10-06
T20I,female,442205,V Krishnamurthy,IND-W,2011-2020,76,63,16,875,57*,18.61,0,2,1,,,,,2026-10-06
T20I,female,231305,RH Priest,NZ-W,2007-2020,75,64,12,873,60,16.78,0,1,3,,,,,2026-10-06
T20I,female,587497,Shanzeen Shahzad,HKG-W,2019-2026,104,84,9,869,54,11.58,0,2,14,,,,,2026-10-06
T20I,female,343648,Rumana Ahmed,BAN-W,2012-2024,87,77,11,866,50,13.12,0,1,7,,,,,2026-10-06
T20I,female,535870,Shamima Sultana,BAN-W,2014-2023,64,62,1,864,51,14.16,0,2,6,,,,,2026-10-06
T20I,female,1171524,Elsa Hunter,MAL-W,2019-2026,56,53,10,861,69*,20.02,0,3,5,,,,,2026-10-06
T20I,female,1393635,Puja Mahato,NEP-W,2023-2026,64,57,7,859,63,17.18,0,4,4,,,,,2026-10-06
T20I,female,1265228,M Uwase,RWA-W,2022-2026,76,69,12,859,62*,15.07,0,2,9,,,,,2026-10-06
T20I,female,923703,WK Dilhari,SL-W,2018-2026,96,72,16,853,51*,15.23,0,1,3,,,,,2026-10-06
T20I,female,939249,N de Klerk,SA-W,2018-2026,87,63,28,852,44*,24.34,0,0,3,,,,,2026-10-06
T20I,female,268889,RL Haynes,AUS-W,2010-2022,84,56,24,850,69*,26.56,0,3,1,,,,,2026-10-06
T20I,female,1175166,Priyada Murali,KUW-W,2019-2026,60,58,4,844,45,15.62,0,0,5,,,,,2026-10-06
T20I,female,1050043,Shafina Mahesh,SIN-W,2018-2026,70,69,9,843,92*,14.05,0,3,8,,,,,2026-10-06
T20I,female,1171482,Zon Lin,MYA-W,2019-2026,55,49,8,843,58,20.56,0,2,6,,,,,2026-10-06
T20I,female,1026403,L Paul,IRE-W,2019-2026,78,55,12,836,79*,19.44,0,3,7,,,,,2026-10-06
T20I,female,1283421,L Cardoso,BRA-W,2021-2026,62,55,12,830,71*,19.3,0,3,6,,,,,2026-10-06
T20I,female,1487349,Meghna Rajan,SUI-W,2025-2026,26,21,7,812,95,58,0,6,0,,,,,2026-10-06
T20I,female,1050033,Mahirah Izzati Ismail,MAL-W,2018-2026,91,79,9,808,48*,11.54,0,0,13,,,,,2026-10-06
T20I,female,1123422,Erika Oda,JPN-W,2019-2026,52,50,5,807,52*,17.93,0,1,3,,,,,2026-10-06
T20I,female,1184173,A Lister,SCO-W,2021-2026,60,54,6,807,68*,16.81,0,4,5,,,,,2026-10-06
T20I,female,301595,Ayasha Rahman,BAN-W,2012-2020,61,61,4,804,46,14.1,0,0,1,,,,,2026-10-06
T20I,female,220668,Sana Mir,PAK-W,2009-2019,106,81,24,802,48*,14.07,0,0,8,,,,,2026-10-06
T20I,female,472975,Kycia A Knight,BRB-W/WI-W,2011-2022,70,65,17,801,62*,16.68,0,2,7,,,,,2026-10-06
T20I,female,1022077,ME Bouchier,ENG-W,2021-2026,48,41,7,800,91,23.52,0,3,4,,,,,2026-10-06
T20I,female,1385478,P Molkenboer,NL-W,2023-2026,59,54,10,795,91*,18.06,0,2,8,,,,,2026-10-06
T20I,female,1265231,L Piety,NGA-W,2021-2026,50,46,11,785,92,22.42,0,3,5,,,,,2026-10-06
T20I,female,301718,GK Diviya,SIN-W,2018-2025,62,57,13,784,77*,17.81,0,1,6,,,,,2026-10-06
T20I,female,53633,LJ Poulton,AUS-W,2006-2012,40,40,2,784,61,20.63,0,2,2,,,,,2026-10-06
T20I,female,1119430,V Ooko,KEN-W,2019-2025,72,66,19,781,57*,16.61,0,1,4,,,,,2026-10-06
T20I,female,1213626,Fiza,OMA-W,2020-2026,49,45,8,780,76*,21.08,0,1,5,,,,,2026-10-06
T20I,female,54750,LE Kaushalya,SL-W,2009-2018,68,62,7,780,50,14.18,0,1,7,,,,,2026-10-06
T20I,female,418423,KJ Garth,AUS-W/IRE-W,2010-2026,73,50,16,778,51*,22.88,0,1,1,,,,,2026-10-06
T20I,female,317144,SM Mayers,ZIM-W,2019-2026,37,34,3,777,71*,25.06,0,4,2,,,,,2026-10-06
T20I,female,540354,M Yanagida,JPN-W,2019-2026,62,58,9,777,67,15.85,0,3,6,,,,,2026-10-06
T20I,female,53613,S Nitschke,AUS-W,2005-2011,36,35,2,776,56,23.51,0,3,2,,,,,2026-10-06
T20I,female,1318941,C Uwase,RWA-W,2022-2026,89,80,12,772,59,11.35,0,1,16,,,,,2026-10-06
T20I,female,54300,AL Watkins,NZ-W,2004-2011,36,36,3,772,89*,23.39,0,3,3,,,,,2026-10-06
T20I,female,1189313,E Iloku,UGA-W,2019-2026,60,57,10,770,49,16.38,0,0,5,,,,,2026-10-06
T20I,female,53461,LC Sthalekar,AUS-W,2005-2013,54,50,14,769,52,21.36,0,1,4,,,,,2026-10-06
T20I,female,355348,MR Aguilleira,WI-W,2009-2019,95,72,19,768,39*,14.49,0,0,2,,,,,2026-10-06
T20I,female,1186115,G Wetherall,JEY-W,2019-2026,50,35,7,766,85*,27.35,0,5,4,,,,,2026-10-06
T20I,female,493860,MAA Sanjeewani,SL-W,2014-2025,86,71,18,764,61,14.41,0,1,4,,,,,2026-10-06
T20I,female,1174312,RR Seth,SIN-W,2018-2026,58,56,6,759,70,15.18,0,3,5,,,,,2026-10-06
T20I,female,1203219,M Castineiras,ARG-W,2019-2026,45,44,9,756,155*,21.6,2,1,4,,,,,2026-10-06
T20I,female,249934,LA Marsh,ENG-W,2007-2019,67,53,7,755,54,16.41,0,1,5,,,,,2026-10-06
T20I,female,1346729,Dilara Akter,BAN-W,2022-2026,47,47,0,752,51,16,0,1,5,,,,,2026-10-06
T20I,female,54945,EAJ Richardson,IRE-W,2008-2024,75,56,10,752,63*,16.34,0,2,6,,,,,2026-10-06
T20I,female,272623,MADD Surangika,SL-W,2009-2019,62,53,15,752,50*,19.78,0,1,4,,,,,2026-10-06
T20I,female,915489,Ayesha Zafar,PAK-W,2015-2026,50,49,3,750,102*,16.3,1,1,2,,,,,2026-10-06
T20I,female,944357,S Jimmy,PNG-W,2018-2026,58,52,4,750,58*,15.62,0,1,4,,,,,2026-10-06
T20I,female,1378740,A Aikenhead,JEY-W,2023-2026,38,34,7,744,85,27.55,0,6,5,,,,,2026-10-06
T20I,female,1140106,M Bibi,HKG-W,2019-2026,110,74,21,744,43,14.03,0,0,11,,,,,2026-10-06
T20I,female,1172642,A Ikuzwe,RWA-W,2019-2026,113,86,16,733,38*,10.47,0,0,11,,,,,2026-10-06
T20I,female,535868,Sharmin Akhter,BAN-W,2012-2026,42,40,4,732,63,20.33,0,2,4,,,,,2026-10-06
T20I,female,1093523,S Solman,VAN-W,2019-2026,54,52,18,730,56*,21.47,0,2,5,,,,,2026-10-06
T20I,female,1175165,Zeefa Jilani,KUW-W,2019-2026,56,52,4,729,77,15.18,0,2,8,,,,,2026-10-06
T20I,female,1203321,Samjhana Khadka,NEP-W,2023-2026,63,58,6,728,72*,14,0,2,8,,,,,2026-10-06
T20I,female,360401,PG Raut,IND-W,2009-2014,35,31,5,719,75,27.65,0,4,2,,,,,2026-10-06
T20I,female,789163,I Chathurani,CYP-W,2024-2026,30,25,10,712,69*,47.46,0,3,1,,,,,2026-10-06
T20I,female,1158367,G Matome,BOT-W,2018-2026,74,68,21,711,45*,15.12,0,0,10,,,,,2026-10-06
T20I,female,1175149,Maryam Omar,KUW-W,2019-2026,47,42,5,709,65*,19.16,0,2,4,,,,,2026-10-06
T20I,female,1093508,N Navaika,VAN-W,2019-2026,56,49,10,707,47*,18.12,0,0,3,,,,,2026-10-06
T20I,female,474190,CA Henry,WI-W,2013-2026,80,66,27,700,51*,17.94,0,1,3,,,,,2026-10-06
T20I,female,53800,JL Gunn,ENG-W,2004-2018,104,67,18,682,69,13.91,0,1,6,,,,,2026-10-06
T20I,female,1199589,E Sandy,NGA-W,2019-2026,59,56,3,681,63,12.84,0,2,5,,,,,2026-10-06
T20I,female,1176132,P Litchfield,AUS-W,2022-2026,37,32,8,680,64*,28.33,0,3,0,,,,,2026-10-06
T20I,female,1318949,W Hornero-Garcia,GER-W,2022-2026,36,34,6,679,52*,24.25,0,4,4,,,,,2026-10-06
T20I,female,1208951,GE Plimmer,NZ-W,2022-2026,54,47,5,679,63,16.16,0,3,3,,,,,2026-10-06
T20I,female,1171469,KM Myat,MYA-W,2019-2026,50,46,6,678,68*,16.95,0,2,5,,,,,2026-10-06
T20I,female,594654,BM Halliday,NZ-W,2021-2026,63,50,8,676,46*,16.09,0,0,1,,,,,2026-10-06
T20I,female,1171667,N Choden,BHU-W,2019-2026,40,40,3,675,78*,18.24,0,2,3,,,,,2026-10-06
T20I,female,638256,JN Nkomo,ZIM-W,2019-2026,73,53,23,675,56*,22.5,0,1,2,,,,,2026-10-06
T20I,female,1352206,Shorna Akter,BAN-W,2023-2026,60,55,13,674,60,16.04,0,1,5,,,,,2026-10-06
T20I,female,1158405,P Cuinica,MOZ-W,2018-2026,44,42,3,661,80*,16.94,0,3,9,,,,,2026-10-06
T20I,female,54875,CNIM Joyce,IRE-W,2008-2018,43,39,5,661,60,19.44,0,1,3,,,,,2026-10-06
T20I,female,1140099,D Wangmo,BHU-W,2019-2026,37,37,8,661,64*,22.79,0,2,1,,,,,2026-10-06
T20I,female,1320247,Vinu Kumar,SIN-W,2022-2026,53,52,6,648,53,14.08,0,1,6,,,,,2026-10-06
T20I,female,1344427,N Hillman-Bermejo,ESP-W,2022-2026,24,18,9,646,100*,71.77,1,1,0,,,,,2026-10-06
T20I,female,526987,PA Chatterji,SCO-W,2018-2026,83,60,15,645,45*,14.33,0,0,5,,,,,2026-10-06
T20I,female,1119436,E Wachira,KEN-W,2019-2025,75,62,13,641,54*,13.08,0,2,8,,,,,2026-10-06
T20I,female,1163087,A Dercksen,SA-W,2023-2026,47,35,13,634,55*,28.81,0,2,2,,,,,2026-10-06
T20I,female,546018,B Etim,NGA-W,2019-2024,62,56,11,634,50*,14.08,0,1,9,,,,,2026-10-06
T20I,female,301603,Salma Khatun,BAN-W,2012-2023,95,58,17,634,49*,15.46,0,0,6,,,,,2026-10-06
T20I,female,424629,B Cooper,WI-W,2009-2023,76,66,9,633,61,11.1,0,1,10,,,,,2026-10-06
T20I,female,885797,EL Bartram,ITA-W,2022-2026,46,39,10,627,79,21.62,0,3,5,,,,,2026-10-06
T20I,female,493715,BYA Mendis,SL-W,2011-2019,56,54,1,627,45,11.83,0,0,5,,,,,2026-10-06
T20I,female,1213630,PE Mendonca,OMA-W,2020-2026,49,41,9,625,62*,19.53,0,1,5,,,,,2026-10-06
T20I,female,1196300,JA Stiglitz,AUT-W,2020-2025,48,43,11,617,49*,19.28,0,0,5,,,,,2026-10-06
T20I,female,53715,SC Taylor,ENG-W,2004-2011,27,26,4,615,76*,27.95,0,3,1,,,,,2026-10-06
T20I,female,1329435,M Rathnayake,ITA-W,2022-2026,48,42,6,611,81,16.97,0,3,8,,,,,2026-10-06
T20I,female,1396116,CR Pagydyala,USA-W,2023-2026,31,28,4,610,81*,25.41,0,2,2,,,,,2026-10-06
T20I,female,1333937,A Argyropoulou,GRC-W,2022-2026,46,42,9,606,58,18.36,0,2,6,,,,,2026-10-06
T20I,female,1126415,Chaya Mughal,UAE-W,2018-2023,66,53,7,605,52,13.15,0,1,5,,,,,2026-10-06
T20I,female,361854,Nahida Khan,PAK-W,2010-2021,54,52,6,604,43,13.13,0,0,4,,,,,2026-10-06
T20I,female,1215360,G Voll,AUS-W,2025-2026,19,19,1,604,101,33.55,1,3,1,,,,,2026-10-06
T20I,female,1172640,S Uwera,RWA-W,2019-2025,69,63,9,599,60*,11.09,0,1,10,,,,,2026-10-06
T20I,female,1158421,Aminata Kamara,SLE-W,2018-2025,46,44,5,598,88*,15.33,0,1,9,,,,,2026-10-06
T20I,female,517572,L Winfield-Hill,ENG-W,2013-2022,44,35,6,596,74,20.55,0,3,2,,,,,2026-10-06
T20I,female,1331887,D Dhingra,USA-W,2022-2026,36,36,2,595,63*,17.5,0,4,3,,,,,2026-10-06
T20I,female,1198334,M Gorases,NAM-W,2021-2026,90,62,13,595,45,12.14,0,0,8,,,,,2026-10-06
T20I,female,53906,K Sciver-Brunt,ENG-W,2005-2023,112,67,30,590,42*,15.94,0,0,7,,,,,2026-10-06
T20I,female,1158371,S Mosweu,BOT-W,2018-2024,47,46,6,589,86*,14.72,0,2,9,,,,,2026-10-06
T20I,female,55174,JB Nero,WI-W,2008-2013,45,43,3,589,44,14.72,0,0,6,,,,,2026-10-06
T20I,female,1272397,C Mahamalage,ITA-W,2022-2026,52,40,10,585,53*,19.5,0,1,6,,,,,2026-10-06
T20I,female,381268,GM Harris,AUS-W,2015-2026,56,36,9,578,64*,21.4,0,1,6,,,,,2026-10-06
T20I,female,1276837,M Mwatile,NAM-W,2021-2026,67,56,16,577,60*,14.42,0,1,5,,,,,2026-10-06
T20I,female,54797,AS Withanage,ITA-W,2021-2023,25,25,3,575,64*,26.13,0,5,2,,,,,2026-10-06
T20I,female,478808,Ritu Moni,BAN-W,2012-2026,97,76,21,570,39*,10.36,0,0,8,,,,,2026-10-06
T20I,female,1144870,Gull Feroza,PAK-W,2022-2026,39,39,3,569,63*,15.8,0,3,7,,,,,2026-10-06
T20I,female,1158374,F Samanyika,BOT-W,2018-2023,48,45,4,569,41,13.87,0,0,3,,,,,2026-10-06
T20I,female,1171429,P Maya,THA-W,2022-2026,105,63,15,565,35,11.77,0,0,5,,,,,2026-10-06
T20I,female,416024,L Jack,SCO-W,2018-2024,56,48,11,558,57*,15.08,0,2,7,,,,,2026-10-06
T20I,female,1211545,IC Gaze,NZ-W,2022-2026,48,37,9,557,85*,19.89,0,3,4,,,,,2026-10-06
T20I,female,1158420,AM Kamara,SLE-W,2018-2025,51,47,13,557,84*,16.38,0,2,6,,,,,2026-10-06
T20I,female,54504,NJ Browne,NZ-W,2004-2014,54,46,12,552,34*,16.23,0,0,1,,,,,2026-10-06
T20I,female,355355,CN Nation,WI-W,2008-2024,57,44,8,552,63*,15.33,0,2,4,,,,,2026-10-06
T20I,female,1275221,Kanchan Rana,SWE-W,2022-2026,34,31,7,551,78,22.95,0,2,1,,,,,2026-10-06
T20I,female,879287,I Sims,ITA-W,2024-2026,31,26,7,550,61*,28.94,0,2,2,,,,,2026-10-06
T20I,female,1316846,A Vaidya,SWE-W,2022-2026,34,28,3,549,69*,21.96,0,2,1,,,,,2026-10-06
T20I,female,472977,Kyshona A Knight,BRB-W/WI-W,2013-2022,55,51,6,546,42,12.13,0,0,5,,,,,2026-10-06
T20I,female,1333943,M Syrioti,GRC-W,2022-2026,42,33,7,544,56,20.92,0,1,1,,,,,2026-10-06
T20I,female,1172330,F Eseigbe,NGA-W,2019-2026,74,60,11,536,47,10.93,0,0,7,,,,,2026-10-06
T20I,female,463208,MV Waldron,IRE-W,2010-2023,88,61,15,531,55*,11.54,0,1,6,,,,,2026-10-06
T20I,female,491144,RSM Lili'i,SAM-W,2019-2025,22,22,6,530,51,33.12,0,1,0,,,,,2026-10-06
T20I,female,262364,S Sriharsha,USA-W,2019-2024,32,27,5,530,74*,24.09,0,3,2,,,,,2026-10-06
T20I,female,1119434,V Abuga,KEN-W,2019-2025,46,43,4,528,56,13.53,0,1,6,,,,,2026-10-06
T20I,female,322731,TI Gajanayake,BHR-W,2022-2026,36,36,6,523,94*,17.43,0,2,2,,,,,2026-10-06
T20I,female,769485,Q Joseph,WI-W,2021-2026,40,33,1,521,63,16.28,0,2,3,,,,,2026-10-06
T20I,female,1365290,E Kamara,SLE-W,2023-2025,34,34,5,521,71,17.96,0,1,3,,,,,2026-10-06
T20I,female,1275235,Ayesha Hasan,NOR-W,2021-2026,37,36,4,520,54,16.25,0,1,5,,,,,2026-10-06
T20I,female,924291,I Dulani,SL-W,2023-2026,27,24,2,520,101*,23.63,1,2,0,,,,,2026-10-06
T20I,female,535869,Sanjida Islam,BAN-W,2012-2020,54,49,3,520,71*,11.3,0,1,6,,,,,2026-10-06
T20I,female,1323100,D Wulandari,IDN-W,2024-2026,41,31,5,517,69,19.88,0,3,2,,,,,2026-10-06
T20I,female,1146661,K Fraser,SCO-W,2019-2026,65,38,7,515,56*,16.61,0,1,3,,,,,2026-10-06
T20I,female,1119591,PZ Kamunya,TZN-W,2019-2026,82,54,7,512,34*,10.89,0,0,6,,,,,2026-10-06
T20I,female,1171417,K Kunwar,NEP-W,2019-2026,83,58,11,510,33,10.85,0,0,9,,,,,2026-10-06
T20I,female,1313539,T Smith,JEY-W,2022-2026,43,36,12,510,59*,21.25,0,2,2,,,,,2026-10-06
T20I,female,572633,Iram Javed,PAK-W,2013-2026,64,58,7,509,55,9.98,0,1,7,,,,,2026-10-06
T20I,female,333936,P Siaka,PNG-W,2018-2026,59,42,9,507,43*,15.36,0,0,7,,,,,2026-10-06
T20I,female,1283437,GC Bhogle,USA-W,2021-2026,31,30,11,501,39*,26.36,0,0,3,,,,,2026-10-06
