format,gender,cricinfo_id,name,country,Span,Mat,Inns,Balls,Runs,Wkts,BBI,BBM,Ave,Econ,SR,5,10,4,Overs,Mdns,snapshot
Test,male,49636,M Muralidaran,ICC/SL,1992-2010,133,230,44039,18180,800,9/51,16/220,22.72,2.47,55,67,22,,,,2026-09-28
Test,male,8166,SK Warne,AUS,1992-2007,145,273,40705,17995,708,8/71,12/128,25.41,2.65,57.4,37,10,,,,2026-09-28
Test,male,8608,JM Anderson,ENG,2003-2024,188,350,40037,18627,704,7/42,11/71,26.45,2.79,56.8,32,3,,,,2026-09-28
Test,male,30176,A Kumble,IND,1990-2008,132,236,40850,18355,619,10/74,14/149,29.65,2.69,65.9,35,8,,,,2026-09-28
Test,male,10617,SCJ Broad,ENG,2007-2023,167,309,33698,16719,604,8/15,11/121,27.68,2.97,55.7,20,3,,,,2026-09-28
Test,male,272279,NM Lyon,AUS,2011-2026,143,265,35117,17249,571,8/50,13/154,30.2,2.94,61.5,24,5,,,,2026-09-28
Test,male,6565,GD McGrath,AUS,1993-2007,124,243,29248,12186,563,8/24,10/27,21.64,2.49,51.9,29,3,,,,2026-09-28
Test,male,26421,R Ashwin,IND,2011-2024,106,200,27246,12891,537,7/59,13/140,24,2.83,50.7,37,8,,,,2026-09-28
Test,male,53216,CA Walsh,WI,1984-2001,132,242,30019,12688,519,7/37,13/55,24.44,2.53,57.8,22,3,,,,2026-09-28
Test,male,311592,MA Starc,AUS,2011-2026,107,206,20313,11626,445,7/58,11/94,26.12,3.43,45.6,19,4,,,,2026-09-28
Test,male,47492,DW Steyn,SA,2004-2019,93,171,18608,10077,439,7/51,11/60,22.95,3.24,42.3,26,5,,,,2026-09-28
Test,male,30028,N Kapil Dev,IND,1978-1994,131,227,27740,12867,434,9/83,11/146,29.64,2.78,63.9,23,2,,,,2026-09-28
Test,male,49178,HMRKB Herath,SL,1999-2018,93,170,25993,12157,433,9/127,14/184,28.07,2.8,60,34,9,,,,2026-09-28
Test,male,37224,Sir RJ Hadlee,NZ,1973-1990,86,150,21918,9611,431,9/52,15/123,22.29,2.63,50.8,36,9,,,,2026-09-28
Test,male,46774,SM Pollock,SA,1995-2008,108,202,24353,9733,421,7/87,10/147,23.11,2.39,57.8,16,1,,,,2026-09-28
Test,male,29264,Harbhajan Singh,IND,1998-2015,103,190,28580,13537,417,8/84,15/217,32.46,2.84,68.5,25,5,,,,2026-09-28
Test,male,43547,Wasim Akram,PAK,1985-2002,104,181,22627,9779,414,7/119,11/110,23.62,2.59,54.6,25,5,,,,2026-09-28
Test,male,51107,CEL Ambrose,WI,1988-2000,98,179,22103,8501,405,8/45,11/84,20.99,2.3,54.5,22,3,,,,2026-09-28
Test,male,232364,TG Southee,NZ,2008-2024,107,203,23490,11832,391,7/64,10/108,30.26,3.02,60,15,1,,,,2026-09-28
Test,male,46592,M Ntini,SA,1998-2009,101,190,20834,11242,390,7/37,13/132,28.82,3.23,53.4,18,4,,,,2026-09-28
Test,male,9163,IT Botham,ENG,1977-1992,102,168,21815,10878,383,8/34,13/106,28.4,2.99,56.9,27,4,,,,2026-09-28
Test,male,52419,MD Marshall,WI,1978-1991,81,151,17584,7876,376,7/22,11/89,20.94,2.68,46.7,22,4,,,,2026-09-28
Test,male,43543,Waqar Younis,PAK,1989-2003,87,154,16224,8788,373,7/76,13/135,23.56,3.25,43.4,22,5,,,,2026-09-28
Test,male,40560,Imran Khan,PAK,1971-1992,88,142,19458,8258,362,8/58,14/116,22.81,2.54,53.7,23,6,,,,2026-09-28
Test,male,38710,DL Vettori,ICC/NZ,1997-2014,113,187,28814,12441,362,7/87,12/149,34.36,2.59,79.5,20,3,,,,2026-09-28
Test,male,234675,RA Jadeja,IND,2012-2026,91,171,20856,9008,356,7/42,10/110,25.3,2.59,58.5,15,3,,,,2026-09-28
Test,male,6295,DK Lillee,AUS,1971-1984,70,132,18467,8493,355,7/83,11/123,23.92,2.75,52,23,7,,,,2026-09-28
Test,male,50804,WPUJC Vaas,SL,1994-2009,111,194,23438,10501,355,7/71,14/191,29.58,2.68,66,12,2,,,,2026-09-28
Test,male,550215,K Rabada,SA,2015-2025,73,134,13436,7493,340,7/112,13/144,22.03,3.34,39.5,17,4,,,,2026-09-28
Test,male,44716,AA Donald,SA,1992-2002,72,129,15519,7344,330,8/71,12/139,22.25,2.83,47,20,3,,,,2026-09-28
Test,male,22462,RGD Willis,ENG,1971-1984,90,165,17357,8190,325,8/43,9/92,25.2,2.83,53.4,16,0,,,,2026-09-28
Test,male,489889,PJ Cummins,AUS,2011-2026,74,137,14673,7056,322,6/23,10/62,21.91,2.88,45.5,14,2,,,,2026-09-28
Test,male,277912,TA Boult,NZ,2011-2022,78,149,17417,8717,317,6/30,10/80,27.49,3,54.9,10,1,,,,2026-09-28
Test,male,6033,MG Johnson,AUS,2007-2015,73,140,16001,8891,313,8/61,12/127,28.4,3.33,51.1,12,3,,,,2026-09-28
Test,male,30102,Z Khan,IND,2000-2014,92,165,18785,10247,311,7/87,10/149,32.94,3.27,60.4,11,1,,,,2026-09-28
Test,male,236779,I Sharma,IND,2007-2021,105,188,19160,10078,311,7/74,10/108,32.4,3.15,61.6,11,1,,,,2026-09-28
Test,male,6278,B Lee,AUS,1999-2008,76,150,16531,9554,310,5/30,9/171,30.81,3.46,53.3,10,0,,,,2026-09-28
Test,male,51883,LR Gibbs,WI,1958-1976,79,148,27115,8989,309,8/38,11/157,29.09,1.98,87.7,18,2,,,,2026-09-28
Test,male,46538,M Morkel,SA,2006-2018,86,160,16498,8550,309,6/23,9/110,27.66,3.1,53.3,8,0,,,,2026-09-28
Test,male,21600,FS Trueman,ENG,1952-1965,67,127,15178,6625,307,8/31,12/119,21.57,2.61,49.4,17,3,,,,2026-09-28
Test,male,230553,KAJ Roach,WI,2009-2026,91,165,15773,8192,304,6/48,10/146,26.94,3.11,51.8,12,1,,,,2026-09-28
Test,male,288284,JR Hazlewood,AUS,2014-2026,78,147,15717,7272,303,6/67,9/79,24,2.77,51.8,14,0,,,,2026-09-28
Test,male,22149,DL Underwood,ENG,1966-1982,86,151,21862,7674,297,8/51,13/71,25.83,2.1,73.6,17,6,,,,2026-09-28
Test,male,45789,JH Kallis,ICC/SA,1995-2013,166,272,20232,9535,292,6/54,9/92,32.65,2.82,69.2,5,0,,,,2026-09-28
Test,male,6551,CJ McDermott,AUS,1984-1996,71,124,16586,8332,291,8/97,11/157,28.63,3.01,56.9,14,2,,,,2026-09-28
Test,male,401057,Taijul Islam,BAN,2014-2026,62,110,16184,8250,272,8/39,11/170,30.33,3.05,59.5,19,2,,,,2026-09-28
Test,male,26875,BS Bedi,IND,1966-1979,67,118,21364,7637,266,7/98,10/194,28.71,2.14,80.3,14,1,,,,2026-09-28
Test,male,40043,Danish Kaneria,PAK,2000-2010,61,112,17697,9082,261,7/77,12/94,34.79,3.07,67.8,15,2,,,,2026-09-28
Test,male,233713,N Wagner,NZ,2012-2024,64,122,13725,7169,260,7/39,9/73,27.57,3.13,52.7,9,0,,,,2026-09-28
Test,male,51876,J Garner,WI,1977-1987,58,111,13169,5433,259,6/56,9/108,20.97,2.47,50.8,7,0,,,,2026-09-28
Test,male,5392,JN Gillespie,AUS,1996-2006,71,137,14234,6770,259,7/37,9/80,26.13,2.85,54.9,8,0,,,,2026-09-28
Test,male,20431,GP Swann,ENG,2008-2013,60,109,15349,7642,255,6/65,10/132,29.96,2.98,60.1,17,3,,,,2026-09-28
Test,male,20341,JB Statham,ENG,1951-1965,70,129,16056,6261,252,7/39,11/97,24.84,2.33,63.7,9,1,,,,2026-09-28
Test,male,311158,BA Stokes,ENG,2013-2026,122,182,14085,7808,252,6/22,8/161,30.98,3.32,55.8,6,0,,,,2026-09-28
Test,male,52063,MA Holding,WI,1975-1987,60,113,12680,5898,249,8/92,14/149,23.68,2.79,50.9,13,2,,,,2026-09-28
Test,male,4123,R Benaud,AUS,1952-1964,63,116,19108,6704,248,7/72,11/105,27.03,2.1,77,16,1,,,,2026-09-28
Test,male,14236,MJ Hoggard,ENG,2000-2008,67,122,13909,7564,248,7/61,12/205,30.5,3.26,56,7,1,,,,2026-09-28
Test,male,6576,GD McKenzie,AUS,1961-1971,60,113,17681,7328,246,8/71,10/91,29.78,2.48,71.8,16,3,,,,2026-09-28
Test,male,56143,Shakib Al Hasan,BAN,2007-2024,71,121,15675,7804,246,7/36,10/124,31.72,2.98,63.7,19,2,,,,2026-09-28
Test,male,43685,Yasir Shah,PAK,2014-2022,48,89,14255,7657,244,8/41,14/184,31.38,3.22,58.4,16,3,,,,2026-09-28
Test,male,27591,BS Chandrasekhar,IND,1964-1979,58,97,15963,7199,242,8/79,12/104,29.74,2.7,65.9,16,2,,,,2026-09-28
Test,male,38973,Abdul Qadir,PAK,1977-1990,67,111,17126,7742,236,9/56,13/101,32.8,2.71,72.5,15,5,,,,2026-09-28
Test,male,9057,AV Bedser,ENG,1946-1955,51,92,15918,5876,236,7/44,14/99,24.89,2.21,67.4,15,5,,,,2026-09-28
Test,male,34105,J Srinath,IND,1991-2002,67,121,15104,7196,236,8/86,13/132,30.49,2.85,64,10,1,,,,2026-09-28
Test,male,52946,GS Sobers,WI,1954-1974,93,159,21599,7999,235,6/73,8/80,34.03,2.22,91.9,6,0,,,,2026-09-28
Test,male,625383,JJ Bumrah,IND,2018-2025,52,99,10031,4631,234,6/27,9/86,19.79,2.77,42.8,16,0,,,,2026-09-28
Test,male,10633,AR Caddick,ENG,1993-2003,62,105,13558,6999,234,7/46,10/215,29.91,3.09,57.9,13,1,,,,2026-09-28
Test,male,37700,CS Martin,NZ,2000-2013,71,126,14026,7878,233,6/26,11/180,33.81,3.37,60.1,10,1,,,,2026-09-28
Test,male,13411,D Gough,ENG,1994-2003,58,95,11821,6503,229,6/42,9/92,28.39,3.3,51.6,9,0,,,,2026-09-28
Test,male,481896,Mohammed Shami,IND,2013-2023,64,122,11515,6346,229,6/56,9/118,27.71,3.3,50.2,6,0,,,,2026-09-28
Test,male,6299,RR Lindwall,AUS,1946-1960,61,113,13650,5251,228,7/38,9/70,23.03,2.3,59.8,12,0,,,,2026-09-28
Test,male,12856,A Flintoff,ENG/ICC,1998-2009,79,137,14951,7410,226,5/58,8/156,32.78,2.97,66.1,3,0,,,,2026-09-28
Test,male,14054,SJ Harmison,ENG/ICC,2002-2009,63,115,13375,7192,226,7/12,11/76,31.82,3.22,59.1,8,1,,,,2026-09-28
Test,male,629063,Mehidy Hasan Miraz,BAN,2016-2026,60,105,13903,7134,225,7/58,12/117,31.7,3.07,61.7,15,3,,,,2026-09-28
Test,male,46945,VD Philander,SA,2011-2020,64,119,11391,5000,224,6/21,10/102,22.32,2.63,50.8,13,2,,,,2026-09-28
Test,male,7898,PM Siddle,AUS,2008-2019,67,126,13907,6777,221,6/54,9/104,30.66,2.92,62.9,8,0,,,,2026-09-28
Test,male,36597,CL Cairns,NZ,1989-2004,62,104,11698,6410,218,7/27,10/100,29.4,3.28,53.6,13,1,,,,2026-09-28
Test,male,267724,KA Maharaj,SA,2016-2025,62,106,12308,6370,218,9/129,12/283,29.22,3.1,56.4,12,1,,,,2026-09-28
Test,male,5443,CV Grimmett,AUS,1925-1936,37,67,14513,5231,216,7/40,14/199,24.21,2.16,67.1,21,7,,,,2026-09-28
Test,male,55761,HH Streak,ZIM,1993-2005,65,102,13559,6079,216,6/73,9/72,28.14,2.69,62.7,7,0,,,,2026-09-28
Test,male,5726,MG Hughes,AUS,1985-1994,53,97,12285,6017,212,8/87,13/217,28.38,2.93,57.9,7,1,,,,2026-09-28
Test,male,6441,SCG MacGill,AUS,1998-2008,44,85,11237,6038,208,8/108,12/107,29.02,3.22,54,12,2,,,,2026-09-28
Test,male,42628,Saqlain Mushtaq,PAK,1995-2004,49,86,14070,6206,208,8/164,10/155,29.83,2.64,67.6,13,3,,,,2026-09-28
Test,male,8917,MM Ali,ENG,2014-2023,68,119,12610,7612,204,6/53,10/112,37.31,3.62,61.8,5,1,,,,2026-09-28
Test,male,52817,AME Roberts,WI,1974-1983,47,90,11135,5174,202,7/54,12/121,25.61,2.78,55.1,11,2,,,,2026-09-28
Test,male,20282,JA Snow,ENG,1965-1976,49,93,12021,5387,202,7/40,10/142,26.66,2.68,59.5,8,1,,,,2026-09-28
Test,male,7946,JR Thomson,AUS,1972-1985,51,90,10535,5601,200,6/46,9/105,28,3.18,52.6,8,0,,,,2026-09-28
Test,male,16172,JC Laker,ENG,1948-1959,46,86,12027,4101,193,10/53,19/90,21.24,2.04,62.3,9,3,,,,2026-09-28
Test,male,52043,WW Hall,WI,1958-1969,48,92,10421,5066,192,7/69,11/126,26.38,2.91,54.2,9,1,,,,2026-09-28
Test,male,247235,CR Woakes,ENG,2013-2025,62,118,11219,5686,192,6/17,11/102,29.61,3.04,58.4,5,1,,,,2026-09-28
Test,male,8996,SF Barnes,ENG,1901-1914,27,50,7873,3106,189,9/103,17/159,16.43,2.36,41.6,24,7,,,,2026-09-28
Test,male,32357,EAS Prasanna,IND,1962-1978,49,86,14353,5742,189,8/76,11/140,30.38,2.4,75.9,10,2,,,,2026-09-28
Test,male,4902,AK Davidson,AUS,1953-1963,44,82,11587,3819,186,7/93,12/124,20.53,1.97,62.2,14,2,,,,2026-09-28
Test,male,41316,Mushtaq Ahmed,PAK,1990-2003,52,89,12532,6100,185,7/56,10/106,32.97,2.92,67.7,10,3,,,,2026-09-28
Test,male,6272,GF Lawson,AUS,1980-1989,46,78,11118,5501,180,8/112,11/134,30.56,2.96,61.7,11,2,,,,2026-09-28
Test,male,42699,Saeed Ajmal,PAK,2009-2014,35,67,11592,5003,178,7/55,11/111,28.1,2.58,65.1,10,4,,,,2026-09-28
Test,male,42655,Shoaib Akhtar,PAK,1997-2007,46,82,8143,4574,178,6/11,11/78,25.69,3.37,45.7,12,2,,,,2026-09-28
Test,male,12909,ARC Fraser,ENG,1989-1998,46,79,10876,4836,177,8/53,11/110,27.32,2.66,61.4,13,2,,,,2026-09-28
Test,male,42630,Sarfraz Nawaz,PAK,1969-1984,55,95,13951,5798,177,9/86,11/125,32.75,2.49,78.8,4,1,,,,2026-09-28
Test,male,16331,GAR Lock,ENG,1952-1968,49,88,13147,4451,174,7/35,11/48,25.58,2.03,75.5,9,3,,,,2026-09-28
Test,male,40572,Iqbal Qasim,PAK,1976-1988,50,86,13019,4807,171,7/49,11/118,28.11,2.21,76.1,8,2,,,,2026-09-28
Test,male,49619,RAS Lakmal,SL,2010-2022,70,122,12443,6232,171,5/47,7/80,36.44,3,72.7,4,0,,,,2026-09-28
Test,male,3943,TM Alderman,AUS,1981-1991,41,73,10181,4616,170,6/47,10/151,27.15,2.72,59.8,14,1,,,,2026-09-28
Test,male,6612,KR Miller,AUS,1946-1956,55,95,10461,3906,170,7/60,10/152,22.97,2.24,61.5,7,1,,,,2026-09-28
Test,male,47531,HJ Tayfield,SA,1949-1960,37,61,13568,4405,170,9/113,13/165,25.91,1.94,79.8,14,2,,,,2026-09-28
Test,male,376116,UT Yadav,IND,2011-2023,57,112,8979,5263,170,6/88,10/133,30.95,3.51,52.8,3,1,,,,2026-09-28
Test,male,18655,MS Panesar,ENG,2006-2013,50,85,12475,5797,167,6/37,11/210,34.71,2.78,74.7,12,2,,,,2026-09-28
Test,male,446101,ST Gabriel,WI,2012-2023,59,104,9379,5348,166,8/62,13/121,32.21,3.42,56.5,6,1,,,,2026-09-28
Test,male,51782,FH Edwards,WI,2003-2012,55,97,9602,6249,165,7/87,8/132,37.87,3.9,58.1,12,0,,,,2026-09-28
Test,male,43524,Umar Gul,PAK,2003-2013,47,90,9599,5553,163,6/135,9/164,34.06,3.47,58.8,4,0,,,,2026-09-28
Test,male,391485,JO Holder,WI,2014-2024,69,122,11305,4924,162,6/42,11/103,30.39,2.61,69.7,8,1,,,,2026-09-28
Test,male,30939,MH Mankad,IND,1946-1959,44,70,14686,5236,162,8/52,13/131,32.32,2.13,90.6,8,2,,,,2026-09-28
Test,male,51226,IR Bishop,WI,1989-1998,43,76,8407,3909,161,6/40,8/57,24.27,2.78,52.2,6,0,,,,2026-09-28
Test,male,49920,MDK Perera,SL,2014-2021,43,78,10805,5780,161,6/32,10/78,35.9,3.2,67.1,8,2,,,,2026-09-28
Test,male,6041,WA Johnston,AUS,1947-1955,40,75,11048,3826,160,6/44,9/183,23.91,2.07,69,7,0,,,,2026-09-28
Test,male,37730,DK Morrison,NZ,1987-1997,48,76,10064,5549,160,7/89,8/83,34.68,3.3,62.9,10,0,,,,2026-09-28
Test,male,52804,S Ramadhin,WI,1950-1961,43,76,13939,4579,158,7/49,11/152,28.98,1.97,88.2,10,1,,,,2026-09-28
Test,male,35656,S Venkataraghavan,IND,1965-1983,57,96,14877,5634,156,8/72,12/152,36.11,2.27,95.3,3,1,,,,2026-09-28
Test,male,21462,MW Tate,ENG,1924-1935,39,68,12523,4055,155,6/42,11/228,26.16,1.94,80.7,7,1,,,,2026-09-28
Test,male,21548,FJ Titmus,ENG,1955-1975,53,90,15118,4931,153,7/79,9/162,32.22,1.95,98.8,7,0,,,,2026-09-28
Test,male,506612,MJ Henry,NZ,2015-2026,35,69,7642,3959,152,7/23,11/109,26.04,3.1,50.2,8,1,,,,2026-09-28
Test,male,33975,RJ Shastri,IND,1981-1992,80,125,15751,6185,151,5/75,8/179,40.96,2.35,104.3,2,0,,,,2026-09-28
Test,male,28880,SP Gupte,IND,1951-1961,36,61,11284,4403,149,9/102,10/223,29.55,2.34,75.7,12,1,,,,2026-09-28
Test,male,12514,JE Emburey,ENG,1978-1995,64,103,15391,5646,147,7/78,7/105,38.4,2.2,104.7,6,0,,,,2026-09-28
Test,male,940973,Mohammed Siraj,IND,2020-2026,48,90,7349,4267,144,6/15,9/190,29.63,3.48,51,5,0,,,,2026-09-28
Test,male,7020,WJ O'Reilly,AUS,1932-1946,27,48,10024,3254,144,7/54,11/129,22.59,1.94,69.6,11,3,,,,2026-09-28
Test,male,22185,H Verity,ENG,1931-1939,40,73,11173,3510,144,8/43,15/104,24.37,1.88,77.5,5,2,,,,2026-09-28
Test,male,13368,AF Giles,ENG,1998-2006,54,88,12180,5806,143,5/57,9/122,40.6,2.86,85.1,5,0,,,,2026-09-28
Test,male,18256,CM Old,ENG,1972-1981,46,81,8858,4020,143,7/50,9/88,28.11,2.72,61.9,4,0,,,,2026-09-28
Test,male,455524,MJ Leach,ENG,2018-2024,39,67,9402,4838,142,5/66,10/166,34.07,3.08,66.2,5,1,,,,2026-09-28
Test,male,13463,AW Greig,ENG,1972-1977,58,93,9802,4541,141,8/86,13/156,32.2,2.77,69.5,6,2,,,,2026-09-28
Test,male,7977,H Trumble,AUS,1890-1904,32,57,8099,3072,141,8/65,12/89,21.78,2.27,57.4,9,3,,,,2026-09-28
Test,male,11865,PAJ DeFreitas,ENG,1986-1995,44,76,9838,4700,140,7/70,9/165,33.57,2.86,70.2,4,0,,,,2026-09-28
Test,male,40092,Fazal Mahmood,PAK,1952-1962,34,53,9834,3434,139,7/42,13/114,24.7,2.09,70.7,13,4,,,,2026-09-28
Test,male,53196,AL Valentine,WI,1950-1962,36,63,12953,4215,139,8/104,11/204,30.32,1.95,93.1,8,2,,,,2026-09-28
Test,male,11893,GR Dilley,ENG,1979-1989,41,65,8192,4107,138,6/38,9/128,29.76,3,59.3,6,0,,,,2026-09-28
Test,male,8137,MHN Walker,AUS,1972-1977,34,63,10094,3792,138,8/143,8/143,27.47,2.25,73.1,6,0,,,,2026-09-28
Test,male,43919,PR Adams,SA,1995-2004,45,76,8850,4405,134,7/128,10/106,32.87,2.98,66,4,1,,,,2026-09-28
Test,male,422871,NGRP Jayasuriya,SL,2022-2026,25,46,8152,4288,134,7/52,12/177,32,3.15,60.8,12,2,,,,2026-09-28
Test,male,8944,TE Bailey,ENG,1949-1959,61,95,9712,3856,132,7/34,11/98,29.21,2.38,73.5,5,1,,,,2026-09-28
Test,male,6472,AA Mallett,AUS,1968-1980,38,71,9990,3940,132,8/59,10/144,29.84,2.36,75.6,6,1,,,,2026-09-28
Test,male,10816,DG Cork,ENG,1995-2002,37,62,7678,3906,131,7/43,9/162,29.81,3.05,58.6,5,0,,,,2026-09-28
Test,male,51651,M Dillon,WI,1997-2004,38,66,8704,4398,131,5/71,8/123,33.57,3.03,66.4,2,0,,,,2026-09-28
Test,male,389666,Mohammad Abbas,PAK,2017-2026,33,59,6915,2971,131,6/54,10/95,22.67,2.57,52.7,8,1,,,,2026-09-28
Test,male,36595,BL Cairns,NZ,1974-1985,43,72,10628,4280,130,7/74,10/144,32.92,2.41,81.7,6,1,,,,2026-09-28
Test,male,670031,AS Joseph,WI,2016-2026,42,79,7024,4363,130,5/27,7/111,33.56,3.72,54,2,0,,,,2026-09-28
Test,male,53191,JE Taylor,WI,2003-2016,46,78,7757,4480,130,6/47,9/95,34.46,3.46,59.6,4,0,,,,2026-09-28
Test,male,16885,DE Malcolm,ENG,1989-1997,40,72,8480,4748,128,9/57,10/137,37.09,3.35,66.2,5,2,,,,2026-09-28
Test,male,19376,W Rhodes,ENG,1899-1930,58,90,8225,3425,127,8/68,15/124,26.96,2.49,64.7,6,1,,,,2026-09-28
Test,male,1072470,Shaheen Shah Afridi,PAK,2018-2026,34,58,6684,3545,126,6/51,10/94,28.13,3.18,53,4,1,,,,2026-09-28
Test,male,8449,B Yardley,AUS,1978-1983,33,58,8909,3986,126,7/98,10/185,31.63,2.68,70.7,6,1,,,,2026-09-28
Test,male,51485,CEH Croft,WI,1977-1982,27,52,6165,2913,125,8/29,9/95,23.3,2.83,49.3,3,0,,,,2026-09-28
Test,male,12486,PH Edmonds,ENG,1975-1987,51,84,12028,4273,125,7/66,7/66,34.18,2.13,96.2,2,0,,,,2026-09-28
Test,male,210283,ST Finn,ENG,2010-2016,36,66,6412,3800,125,6/79,9/187,30.4,3.55,51.2,5,0,,,,2026-09-28
Test,male,40567,Intikhab Alam,PAK,1959-1977,47,78,10474,4494,125,7/52,11/130,35.95,2.57,83.7,5,2,,,,2026-09-28
Test,male,36603,EJ Chatfield,NZ,1975-1989,43,73,10360,3958,123,6/73,10/124,32.17,2.29,84.2,3,1,,,,2026-09-28
Test,male,45234,TL Goddard,SA,1955-1970,41,75,11736,3226,123,6/53,8/92,26.22,1.64,95.4,5,0,,,,2026-09-28
Test,male,5685,RM Hogg,AUS,1978-1984,38,66,7633,3503,123,6/74,10/66,28.47,2.75,62,6,2,,,,2026-09-28
Test,male,46569,A Nel,SA,2001-2008,36,69,7630,3919,123,6/32,10/88,31.86,3.08,62,3,1,,,,2026-09-28
Test,male,8513,DA Allen,ENG,1960-1966,39,65,11297,3779,122,5/30,9/162,30.97,2,92.5,4,0,,,,2026-09-28
Test,male,15385,R Illingworth,ENG,1958-1973,61,100,11934,3807,122,6/29,7/29,31.2,1.91,97.8,3,0,,,,2026-09-28
Test,male,6936,MA Noble,AUS,1898-1909,42,71,7159,3025,121,7/17,13/77,25,2.53,59.1,9,2,,,,2026-09-28
Test,male,21611,PCR Tufnell,ENG,1990-2001,42,70,11288,4560,121,7/47,11/93,37.68,2.42,93.2,5,2,,,,2026-09-28
Test,male,290948,Mohammad Amir,PAK,2009-2019,36,67,7619,3627,119,6/44,7/64,30.47,2.85,64,4,0,,,,2026-09-28
Test,male,351588,MA Wood,ENG,2015-2025,38,71,6610,3665,119,6/37,9/100,30.79,3.32,55.5,5,0,,,,2026-09-28
Test,male,9223,J Briggs,ENG,1884-1899,33,49,5332,2095,118,8/11,15/28,17.75,2.35,45.1,9,4,,,,2026-09-28
Test,male,341593,D Bishoo,WI,2011-2018,36,59,8067,4350,117,8/49,10/174,37.17,3.23,68.9,4,1,,,,2026-09-28
Test,male,36606,RO Collinge,NZ,1965-1978,35,62,7689,3393,116,6/63,9/166,29.25,2.64,66.2,3,0,,,,2026-09-28
Test,male,46770,PM Pollock,SA,1961-1970,28,52,6522,2806,116,6/38,10/87,24.18,2.58,56.2,9,1,,,,2026-09-28
Test,male,8566,GG Arnold,ENG,1967-1975,34,61,7650,3254,115,6/45,9/91,28.29,2.55,66.5,6,0,,,,2026-09-28
Test,male,28107,DR Doshi,IND,1979-1983,33,55,9322,3502,114,6/102,8/103,30.71,2.25,81.7,6,0,,,,2026-09-28
Test,male,52066,CL Hooper,WI,1987-2002,102,145,13794,5635,114,5/26,7/178,49.42,2.45,121,4,0,,,,2026-09-28
Test,male,5779,RJ Harris,AUS,2010-2015,27,52,5736,2658,113,7/117,9/106,23.52,2.78,50.7,5,0,,,,2026-09-28
Test,male,6126,MS Kasprowicz,AUS,1996-2006,38,73,7140,3716,113,7/36,8/92,32.88,3.12,63.1,4,0,,,,2026-09-28
Test,male,32130,PP Ojha,IND,2009-2013,24,48,7633,3420,113,6/47,10/89,30.26,2.68,67.5,7,1,,,,2026-09-28
Test,male,7319,BA Reid,AUS,1985-1992,27,42,6244,2784,113,7/51,13/148,24.63,2.67,55.2,5,2,,,,2026-09-28
Test,male,16337,GA Lohmann,ENG,1886-1896,18,36,3830,1205,112,9/28,15/45,10.75,1.88,34.1,9,5,,,,2026-09-28
Test,male,38609,BR Taylor,NZ,1965-1973,30,53,6334,2953,111,7/74,9/182,26.6,2.79,57,4,0,,,,2026-09-28
Test,male,1199304,JNT Seales,WI,2021-2026,30,57,5067,2843,110,6/61,9/106,25.84,3.36,46,4,0,,,,2026-09-28
Test,male,28813,KD Ghavri,IND,1974-1981,39,69,7036,3656,109,5/33,7/120,33.54,3.11,64.5,4,0,,,,2026-09-28
Test,male,52061,VA Holder,WI,1969-1979,40,72,9095,3627,109,6/28,8/223,33.27,2.39,83.4,3,0,,,,2026-09-28
Test,male,6100,IWG Johnson,AUS,1946-1956,45,74,8780,3182,109,7/44,8/86,29.19,2.17,80.5,3,0,,,,2026-09-28
Test,male,22536,DVP Wright,ENG,1938-1951,34,59,8135,4224,108,7/105,10/175,39.11,3.11,75.3,6,1,,,,2026-09-28
Test,male,784375,CBRLS Kumara,SL,2016-2026,37,61,6044,3925,107,6/122,7/135,36.68,3.89,56.4,1,0,,,,2026-09-28
Test,male,51479,PT Collins,WI,1999-2006,32,61,6964,3671,106,6/53,9/117,34.63,3.16,65.6,3,0,,,,2026-09-28
Test,male,41411,Mohammad Asif,PAK,2005-2010,23,44,5171,2583,106,6/41,11/71,24.36,2.99,48.7,7,1,,,,2026-09-28
Test,male,43923,NAT Adcock,SA,1953-1962,26,46,6391,2195,104,6/43,8/87,21.1,2.06,61.4,5,0,,,,2026-09-28
Test,male,7326,PR Reiffel,AUS,1992-1998,35,67,6403,2804,104,6/71,8/152,26.96,2.62,61.5,5,0,,,,2026-09-28
Test,male,527776,OE Robinson,ENG,2021-2026,24,45,4479,2003,104,5/39,8/35,19.25,2.68,43,5,0,,,,2026-09-28
Test,male,5382,G Giffen,AUS,1881-1896,31,43,6391,2791,103,7/117,10/160,27.09,2.62,62,7,1,,,,2026-09-28
Test,male,45568,PL Harris,SA,2007-2011,37,63,8809,3901,103,6/127,9/161,37.87,2.65,85.5,3,0,,,,2026-09-28
Test,male,36306,JG Bracewell,NZ,1980-1990,41,67,8403,3653,102,6/32,10/106,35.81,2.6,82.3,4,1,,,,2026-09-28
Test,male,4613,AN Connolly,AUS,1963-1971,29,55,7818,2981,102,6/47,7/109,29.22,2.28,76.6,4,0,,,,2026-09-28
Test,male,22288,JH Wardle,ENG,1948-1957,28,52,6597,2080,102,7/36,12/89,20.39,1.89,64.6,5,1,,,,2026-09-28
Test,male,36064,NS Yadav,IND,1979-1987,35,61,8360,3580,102,5/76,8/118,35.09,2.56,81.9,3,0,,,,2026-09-28
Test,male,49758,SL Malinga,SL,2004-2010,30,59,5209,3349,101,5/50,9/210,33.15,3.85,51.5,3,0,,,,2026-09-28
Test,male,238672,Noman Ali,PAK,2021-2026,22,42,4906,2534,101,8/46,11/147,25.08,3.09,48.5,9,3,,,,2026-09-28
Test,male,18489,R Peel,ENG,1884-1896,20,35,5216,1715,101,7/31,11/68,16.98,1.97,51.6,5,1,,,,2026-09-28
Test,male,7990,CTB Turner,AUS,1887-1895,17,30,5179,1670,101,7/43,12/87,16.53,1.93,51.2,11,2,,,,2026-09-28
Test,male,39836,Abdul Razzaq,PAK,1999-2006,46,76,7008,3694,100,5/35,7/155,36.94,3.16,70,1,0,,,,2026-09-28
Test,male,9134,C Blythe,ENG,1901-1910,19,37,4546,1863,100,8/59,15/99,18.63,2.45,45.4,9,4,,,,2026-09-28
Test,male,44091,N Boje,SA,2000-2006,43,72,8620,4265,100,5/62,8/134,42.65,2.96,86.2,3,0,,,,2026-09-28
Test,male,48835,CRD Fernando,SL,2000-2012,40,68,6181,3784,100,5/42,7/95,37.84,3.67,61.8,3,0,,,,2026-09-28
Test,male,55973,Mohammad Rafique,BAN,2000-2008,33,48,8744,4076,100,6/77,9/160,40.76,2.79,87.4,7,0,,,,2026-09-28
Test,male,37733,RC Motz,NZ,1961-1969,32,55,7034,3148,100,6/63,8/113,31.48,2.68,70.3,5,0,,,,2026-09-28
Test,male,32685,IK Pathan,IND,2003-2008,29,54,5884,3226,100,7/59,12/126,32.26,3.28,58.8,7,2,,,,2026-09-28
Test,male,39091,Abdur Rehman,PAK,2007-2014,22,43,6892,2910,99,6/25,8/92,29.39,2.53,69.6,2,0,,,,2026-09-28
Test,male,5941,BW Hilfenhaus,AUS,2009-2012,27,49,6078,2822,99,5/75,8/97,28.5,2.78,61.3,2,0,,,,2026-09-28
Test,male,6465,AA Mailey,AUS,1920-1926,21,34,6119,3358,99,9/121,13/236,33.91,3.29,61.8,6,2,,,,2026-09-28
Test,male,36835,SB Doull,NZ,1992-2000,32,51,6053,2872,98,7/65,9/114,29.3,2.84,61.7,6,0,,,,2026-09-28
Test,male,49209,ST Jayasuriya,SL,1991-2007,110,140,8188,3366,98,5/34,9/74,34.34,2.46,83.5,2,0,,,,2026-09-28
Test,male,22192,W Voce,ENG,1930-1947,27,51,6360,2733,98,7/70,11/149,27.88,2.57,64.8,3,2,,,,2026-09-28
Test,male,786925,AM Fernando,SL,2021-2026,28,47,4498,2594,97,6/51,10/144,26.74,3.46,46.3,3,1,,,,2026-09-28
Test,male,391832,RL Chase,WI,2016-2026,61,89,7995,4724,96,8/60,8/60,49.2,3.54,83.2,4,0,,,,2026-09-28
Test,male,32323,M Prabhakar,IND,1984-1995,39,68,7475,3581,96,6/132,6/92,37.3,2.87,77.8,3,0,,,,2026-09-28
Test,male,32345,BKV Prasad,IND,1996-2001,33,58,7041,3360,96,6/33,10/153,35,2.86,73.3,7,1,,,,2026-09-28
Test,male,4582,SR Clark,AUS,2006-2009,24,48,5146,2243,94,5/32,9/89,23.86,2.61,54.7,2,0,,,,2026-09-28
Test,male,51907,CC Griffith,WI,1960-1969,28,50,5631,2683,94,6/36,9/81,28.54,2.85,59.9,5,0,,,,2026-09-28
Test,male,7663,FR Spofforth,AUS,1877-1887,18,30,4185,1731,94,7/44,14/90,18.41,2.48,44.5,7,4,,,,2026-09-28
Test,male,51481,CD Collymore,WI,1999-2007,30,53,6337,3004,93,7/57,11/134,32.3,2.84,68.1,4,1,,,,2026-09-28
Test,male,5398,JW Gleeson,AUS,1967-1972,29,53,8857,3367,93,5/61,8/186,36.2,2.28,95.2,3,0,,,,2026-09-28
Test,male,16274,CC Lewis,ENG,1990-1996,32,55,6852,3490,93,6/111,7/114,37.52,3.05,73.6,3,0,,,,2026-09-28
Test,male,38008,DJ Nash,NZ,1992-2001,32,53,6196,2649,93,6/27,11/169,28.48,2.56,66.6,3,1,,,,2026-09-28
Test,male,52671,BP Patterson,WI,1986-1992,28,53,4829,2874,93,5/24,9/88,30.9,3.57,51.9,5,0,,,,2026-09-28
Test,male,33044,SLV Raju,IND,1990-2001,28,51,7602,2857,93,6/12,11/125,30.72,2.25,81.7,5,1,,,,2026-09-28
Test,male,43277,Tauseef Ahmed,PAK,1980-1993,34,58,7778,2950,93,6/45,9/77,31.72,2.27,83.6,3,0,,,,2026-09-28
Test,male,51218,KCG Benjamin,WI,1992-1998,26,48,5132,2785,92,6/66,10/174,30.27,3.25,55.7,4,1,,,,2026-09-28
Test,male,8192,SR Waugh,AUS,1985-2004,168,150,7805,3445,92,5/28,8/169,37.44,2.64,84.8,3,0,,,,2026-09-28
Test,male,5611,NJN Hawke,AUS,1963-1968,27,50,6974,2677,91,7/105,10/115,29.41,2.3,76.6,6,1,,,,2026-09-28
Test,male,595783,AY Patel,NZ,2018-2025,22,39,5020,2623,91,10/119,14/225,28.82,3.13,55.1,7,2,,,,2026-09-28
Test,male,625960,KA Jamieson,NZ,2020-2026,21,40,3948,1821,90,6/48,11/117,20.23,2.76,43.8,6,1,,,,2026-09-28
Test,male,4632,A Cotter,AUS,1904-1912,21,38,4633,2549,89,7/148,9/221,28.64,3.3,52,7,0,,,,2026-09-28
Test,male,696401,M Jansen,SA,2021-2025,21,38,3408,1880,89,7/13,11/86,21.12,3.3,38.2,4,1,,,,2026-09-28
Test,male,12879,NA Foster,ENG,1983-1993,29,47,6261,2891,88,8/107,11/163,32.85,2.77,71.1,5,1,,,,2026-09-28
Test,male,681305,Hasan Ali,PAK,2017-2026,27,52,4825,2472,88,5/27,10/114,28.09,3.07,54.8,6,1,,,,2026-09-28
Test,male,30923,Maninder Singh,IND,1982-1993,35,52,8218,3288,88,7/27,10/107,37.36,2.4,93.3,3,2,,,,2026-09-28
Test,male,31760,RG Nadkarni,IND,1955-1968,41,65,9165,2559,88,6/43,11/122,29.07,1.67,104.1,4,1,,,,2026-09-28
Test,male,19389,T Richardson,ENG,1893-1898,14,24,4498,2220,88,8/94,13/244,25.22,2.96,51.1,11,4,,,,2026-09-28
Test,male,3982,WW Armstrong,AUS,1902-1921,50,80,8022,2923,87,6/35,7/166,33.59,2.18,92.2,3,0,,,,2026-09-28
Test,male,51248,SJ Benn,WI,2008-2015,26,42,7321,3402,87,6/81,8/108,39.1,2.78,84.1,6,0,,,,2026-09-28
Test,male,36326,SE Bond,NZ,2001-2009,18,32,3372,1922,87,6/51,10/99,22.09,3.41,38.7,5,1,,,,2026-09-28
Test,male,14159,M Hendrick,ENG,1974-1981,30,54,6208,2248,87,4/28,8/95,25.83,2.17,71.3,0,0,,,,2026-09-28
Test,male,34274,S Sreesanth,IND,2006-2011,27,50,5419,3271,87,5/40,8/99,37.59,3.62,62.2,3,0,,,,2026-09-28
Test,male,51439,DJ Bravo,WI,2004-2010,40,61,6466,3426,86,6/55,6/84,39.83,3.17,75.1,2,0,,,,2026-09-28
Test,male,37255,HJ Howarth,NZ,1969-1977,30,50,8833,3178,86,5/34,9/100,36.95,2.15,102.7,2,0,,,,2026-09-28
Test,male,44696,PS de Villiers,SA,1993-1998,18,34,4805,2063,85,6/23,10/108,24.27,2.57,56.5,5,2,,,,2026-09-28
Test,male,5435,JM Gregory,AUS,1920-1928,24,42,5582,2648,85,7/69,8/101,31.15,2.84,65.6,4,0,,,,2026-09-28
Test,male,41324,Mohammad Sami,PAK,2001-2012,36,66,7499,4483,85,5/36,8/106,52.74,3.58,88.2,2,0,,,,2026-09-28
Test,male,52790,DBL Powell,WI,2002-2009,37,66,7077,4068,85,5/25,7/114,47.85,3.44,83.2,1,0,,,,2026-09-28
Test,male,38248,JR Reid,NZ,1949-1965,58,72,7725,2835,85,6/60,6/60,33.35,2.2,90.8,1,0,,,,2026-09-28
Test,male,50848,GP Wickramasinghe,SL,1991-2001,40,63,7260,3559,85,6/60,6/80,41.87,2.94,85.4,3,0,,,,2026-09-28
Test,male,53115,DJG Sammy,WI,2007-2013,38,65,6215,3007,84,7/66,8/98,35.79,2.9,73.9,4,0,,,,2026-09-28
Test,male,47736,CL Vincent,SA,1927-1935,25,40,5851,2631,84,6/51,8/149,31.32,2.69,69.6,3,0,,,,2026-09-28
Test,male,432214,JA Warrican,WI,2015-2026,25,43,4999,2508,84,7/32,10/101,29.85,3.01,59.5,3,1,,,,2026-09-28
Test,male,669855,JC Archer,ENG,2019-2026,23,44,4529,2377,83,6/45,8/85,28.63,3.14,54.5,4,0,,,,2026-09-28
Test,male,1039481,AAP Atkinson,ENG,2024-2026,21,41,3457,2104,83,7/45,12/106,25.34,3.65,41.6,5,1,,,,2026-09-28
Test,male,14022,WR Hammond,ENG,1927-1947,85,110,7969,3138,83,5/36,7/87,37.8,2.36,96,2,0,,,,2026-09-28
Test,male,43590,Wahab Riaz,PAK,2010-2018,27,49,5018,2864,83,5/63,7/134,34.5,3.42,60.4,2,0,,,,2026-09-28
Test,male,22518,FE Woolley,ENG,1909-1934,64,87,6495,2815,83,7/76,10/49,33.91,2.6,78.2,4,1,,,,2026-09-28
Test,male,446548,SM Boland,AUS,2021-2026,19,37,3191,1524,82,6/7,10/76,18.58,2.86,38.9,2,1,,,,2026-09-28
Test,male,45039,GA Faulkner,SA,1906-1924,25,43,4227,2180,82,7/84,9/75,26.58,3.09,51.5,4,0,,,,2026-09-28
Test,male,37004,JEC Franklin,NZ,2001-2013,31,54,4767,2786,82,6/119,7/117,33.97,3.5,58.1,3,0,,,,2026-09-28
Test,male,8515,GOB Allen,ENG,1930-1948,25,45,4386,2379,81,7/80,10/78,29.37,3.25,54.1,5,1,,,,2026-09-28
Test,male,465783,MVT Fernando,SL,2016-2025,28,49,4422,2595,81,5/101,8/133,32.03,3.52,54.5,1,0,,,,2026-09-28
Test,male,272465,JL Pattinson,AUS,2011-2020,21,38,3963,2133,81,5/27,8/105,26.33,3.22,48.9,4,0,,,,2026-09-28
Test,male,45821,L Klusener,SA,1996-2004,49,84,6887,3033,80,8/64,8/139,37.91,2.64,86,1,0,,,,2026-09-28
Test,male,559235,Kuldeep Yadav,IND,2017-2026,19,36,3150,1869,80,5/40,8/113,23.36,3.56,39.3,5,0,,,,2026-09-28
Test,male,55698,RW Price,ZIM,1999-2013,22,35,6135,2885,80,6/73,10/161,36.06,2.82,76.6,5,1,,,,2026-09-28
Test,male,502714,MJ Santner,NZ,2015-2026,33,56,5697,2716,80,7/53,13/157,33.95,2.86,71.2,2,1,,,,2026-09-28
Test,male,9252,DJ Brown,ENG,1965-1969,26,46,5098,2237,79,5/42,7/98,28.31,2.63,64.5,2,0,,,,2026-09-28
Test,male,41318,Mushtaq Mohammad,PAK,1959-1979,57,70,5260,2309,79,5/28,9/119,29.22,2.63,66.5,3,0,,,,2026-09-28
Test,male,7564,JV Saunders,AUS,1902-1908,14,27,3565,1796,79,7/34,9/66,22.73,3.02,45.1,6,0,,,,2026-09-28
Test,male,20187,RJ Sidebottom,ENG,2001-2010,22,36,4812,2231,79,7/47,10/139,28.24,2.78,60.9,5,1,,,,2026-09-28
Test,male,4999,G Dymock,AUS,1974-1980,21,35,5545,2116,78,7/67,12/166,27.12,2.28,71,5,1,,,,2026-09-28
Test,male,16207,H Larwood,ENG,1926-1933,21,36,4969,2212,78,6/32,10/124,28.35,2.67,63.7,4,1,,,,2026-09-28
Test,male,56007,Mashrafe Mortaza,BAN,2001-2009,36,51,5990,3239,78,4/60,5/88,41.52,3.24,76.7,0,0,,,,2026-09-28
Test,male,7071,GE Palmer,AUS,1880-1886,17,30,4517,1678,78,7/65,11/165,21.51,2.22,57.9,6,2,,,,2026-09-28
Test,male,1062812,Sajid Khan,PAK,2021-2026,16,31,3948,2219,77,8/42,12/128,28.81,3.37,51.2,4,2,,,,2026-09-28
Test,male,38620,DR Tuffey,NZ,2000-2010,26,45,4877,2445,77,6/54,9/116,31.75,3,63.3,2,0,,,,2026-09-28
Test,male,31107,A Mishra,IND,2008-2016,22,40,5103,2715,76,5/71,7/72,35.72,3.19,67.1,1,0,,,,2026-09-28
Test,male,857975,JC Tongue,ENG,2023-2026,15,30,2918,2001,76,5/45,8/89,26.32,4.11,38.3,4,0,,,,2026-09-28
Test,male,21644,FH Tyson,ENG,1954-1959,17,29,3452,1411,76,7/27,10/130,18.56,2.45,45.4,4,1,,,,2026-09-28
Test,male,28118,SA Durani,IND,1960-1973,29,46,6446,2657,75,6/73,10/177,35.42,2.47,85.9,3,1,,,,2026-09-28
Test,male,5239,DW Fleming,AUS,1994-2001,20,38,4129,1942,75,5/30,9/91,25.89,2.82,55,3,0,,,,2026-09-28
Test,male,46214,BM McMillan,SA,1992-1998,38,64,6048,2537,75,4/65,7/117,33.82,2.51,80.6,0,0,,,,2026-09-28
Test,male,6534,TBA May,AUS,1987-1995,24,45,6577,2606,75,5/9,7/50,34.74,2.37,87.6,3,0,,,,2026-09-28
Test,male,38118,DN Patel,NZ,1987-1997,37,53,6594,3154,75,6/50,8/131,42.05,2.86,87.9,3,0,,,,2026-09-28
Test,male,50163,KTGD Prasad,SL,2008-2015,25,44,4327,2698,75,5/50,8/169,35.97,3.74,57.6,1,0,,,,2026-09-28
Test,male,8180,SR Watson,AUS,2005-2015,59,93,5495,2526,75,6/33,6/51,33.68,2.75,73.2,3,0,,,,2026-09-28
Test,male,36303,SL Boock,NZ,1978-1989,30,48,6598,2564,74,7/87,8/156,34.64,2.33,89.1,4,0,,,,2026-09-28
Test,male,362541,DAJ Bracewell,NZ,2011-2023,28,51,5164,2873,74,6/40,9/60,38.82,3.33,69.7,2,0,,,,2026-09-28
Test,male,28045,RB Desai,IND,1959-1968,28,45,5597,2761,74,6/56,8/190,37.31,2.95,75.6,2,0,,,,2026-09-28
Test,male,5977,H Ironmonger,AUS,1928-1933,14,27,4695,1330,74,7/23,11/24,17.97,1.69,63.4,4,2,,,,2026-09-28
Test,male,303669,JE Root,ENG,2012-2026,169,170,6332,3559,74,5/8,5/33,48.09,3.37,85.5,1,0,,,,2026-09-28
Test,male,51880,CH Gayle,WI,2000-2014,103,104,7109,3120,73,5/34,6/81,42.73,2.63,97.3,2,0,,,,2026-09-28
Test,male,16260,JK Lever,ENG,1976-1986,21,38,4433,1951,73,7/46,10/70,26.72,2.64,60.7,3,1,,,,2026-09-28
Test,male,827051,B Muzarabani,ZIM,2017-2026,19,29,3353,1840,73,7/58,9/122,25.2,3.29,45.9,3,0,,,,2026-09-28
Test,male,38108,IE O'Brien,NZ,2005-2009,22,37,4394,2429,73,6/75,7/165,33.27,3.31,60.1,1,0,,,,2026-09-28
Test,male,50249,RJ Ratnayake,SL,1983-1992,23,35,4961,2563,73,6/66,9/125,35.1,3.09,67.9,5,0,,,,2026-09-28
Test,male,9310,TT Bresnan,ENG,2009-2013,23,41,4674,2357,72,5/48,8/141,32.73,3.02,64.9,1,0,,,,2026-09-28
Test,male,56149,Shahadat Hossain,BAN,2005-2015,38,60,5380,3731,72,6/27,9/97,51.81,4.16,74.7,4,0,,,,2026-09-28
Test,male,848109,L Embuldeniya,SL,2019-2022,17,28,4845,2611,71,7/137,10/210,36.77,3.23,68.2,5,1,,,,2026-09-28
Test,male,37222,DR Hadlee,NZ,1969-1978,26,44,4883,2389,71,4/30,7/61,33.64,2.93,68.7,0,0,,,,2026-09-28
Test,male,14189,K Higgs,ENG,1965-1968,15,27,4112,1473,71,6/91,8/119,20.74,2.14,57.9,2,0,,,,2026-09-28
Test,male,259551,Junaid Khan,PAK,2011-2015,22,41,4605,2253,71,5/38,8/151,31.73,2.93,64.8,5,0,,,,2026-09-28
Test,male,30873,S Madan Lal,IND,1974-1986,39,63,5997,2846,71,5/23,6/47,40.08,2.84,84.4,4,0,,,,2026-09-28
Test,male,629084,RTM Mendis,SL,2021-2025,16,30,4173,2212,71,6/70,11/136,31.15,3.18,58.7,5,1,,,,2026-09-28
Test,male,1334872,Shoaib Bashir,ENG,2024-2026,21,35,4427,2799,71,6/81,9/143,39.42,3.79,62.3,4,0,,,,2026-09-28
Test,male,7619,RB Simpson,AUS,1957-1978,62,84,6881,3001,71,5/57,8/97,42.26,2.61,96.9,2,0,,,,2026-09-28
Test,male,324358,N Pradeep,SL,2011-2017,28,53,5077,3003,70,6/132,7/180,42.9,3.54,72.5,1,0,,,,2026-09-28
Test,male,15910,BR Knight,ENG,1961-1969,29,54,5377,2223,70,4/38,6/110,31.75,2.48,76.8,0,0,,,,2026-09-28
Test,male,37694,AR MacGibbon,NZ,1951-1958,26,37,5659,2160,70,5/64,8/105,30.85,2.29,80.8,1,0,,,,2026-09-28
Test,male,268739,BAW Mendis,SL,2008-2014,19,31,4730,2434,70,6/99,10/209,34.77,3.08,67.5,4,1,,,,2026-09-28
Test,male,481979,A Nortje,SA,2019-2023,19,32,3057,1870,70,6/56,8/120,26.71,3.67,43.6,4,0,,,,2026-09-28
Test,male,18627,DR Pringle,ENG,1982-1992,30,52,5287,2518,70,5/95,7/120,35.97,2.85,75.5,3,0,,,,2026-09-28
Test,male,52997,S Shillingford,WI,2010-2014,16,27,4694,2419,70,6/49,10/93,34.55,3.09,67,6,2,,,,2026-09-28
Test,male,55758,PA Strang,ZIM,1994-2001,24,38,5720,2522,70,8/109,10/158,36.02,2.64,81.7,4,1,,,,2026-09-28
Test,male,48469,HDPK Dharmasena,SL,1993-2004,31,53,6939,2920,69,6/72,8/183,42.31,2.52,100.5,3,0,,,,2026-09-28
Test,male,432960,SR Harmer,SA,2015-2025,14,24,3134,1504,69,6/37,9/101,21.79,2.87,45.4,2,0,,,,2026-09-28
Test,male,6607,CR Miller,AUS,1998-2001,18,34,4091,1805,69,5/32,10/113,26.15,2.64,59.2,3,1,,,,2026-09-28
Test,male,53238,FMM Worrell,WI,1948-1963,51,82,7141,2672,69,7/70,7/70,38.72,2.24,103.4,2,0,,,,2026-09-28
Test,male,9181,WE Bowes,ENG,1932-1946,15,29,3655,1519,68,6/33,9/219,22.33,2.49,53.7,6,0,,,,2026-09-28
Test,male,28821,Ghulam Ahmed,IND,1948-1959,22,36,5650,2052,68,7/49,10/130,30.17,2.17,83,4,1,,,,2026-09-28
Test,male,41267,Mahmood Hussain,PAK,1952-1962,27,42,5910,2628,68,6/67,6/88,38.64,2.66,86.9,2,0,,,,2026-09-28
Test,male,55675,HK Olonga,ZIM,1995-2002,30,47,4502,2620,68,5/70,6/89,38.52,3.49,66.2,2,0,,,,2026-09-28
Test,male,18557,PI Pocock,ENG,1968-1985,25,43,6650,2976,67,6/79,8/142,44.41,2.68,99.2,3,0,,,,2026-09-28
Test,male,42661,Sikander Bakht,PAK,1976-1983,26,45,4870,2412,67,8/69,11/190,36,2.97,72.6,3,1,,,,2026-09-28
Test,male,11886,ER Dexter,ENG,1958-1968,62,80,5317,2306,66,4/10,6/77,34.93,2.6,80.5,0,0,,,,2026-09-28
Test,male,12918,AP Freeman,ENG,1924-1929,12,22,3732,1707,66,7/71,12/171,25.86,2.74,56.5,5,3,,,,2026-09-28
Test,male,5652,JD Higgs,AUS,1978-1981,22,36,4752,2057,66,7/143,8/190,31.16,2.59,72,2,0,,,,2026-09-28
Test,male,29299,ND Hirwani,IND,1988-1996,17,28,4298,1987,66,8/61,16/136,30.1,2.77,65.1,4,1,,,,2026-09-28
Test,male,41308,Mudassar Nazar,PAK,1976-1989,76,96,5967,2532,66,6/32,6/38,38.36,2.54,90.4,1,0,,,,2026-09-28
Test,male,38141,JS Patel,NZ,2006-2017,24,42,5833,3078,65,5/110,6/151,47.35,3.16,89.7,1,0,,,,2026-09-28
Test,male,8222,WJ Whitty,AUS,1909-1912,14,25,3357,1373,65,6/17,9/98,21.12,2.45,51.6,3,0,,,,2026-09-28
Test,male,6046,E Jones,AUS,1894-1902,19,31,3754,1857,64,7/88,10/164,29.01,2.96,58.6,3,1,,,,2026-09-28
Test,male,1356971,S Joseph,WI,2024-2026,15,29,2358,1550,64,7/68,9/133,24.21,3.94,36.8,4,0,,,,2026-09-28
Test,male,7083,LS Pascoe,AUS,1977-1982,14,27,3403,1668,64,5/59,6/96,26.06,2.94,53.1,1,0,,,,2026-09-28
Test,male,19450,RWV Robins,ENG,1929-1937,19,34,3318,1758,64,6/32,7/68,27.46,3.17,51.8,1,0,,,,2026-09-28
Test,male,47739,AEE Vogler,SA,1906-1911,15,28,2764,1455,64,7/94,12/181,22.73,3.15,43.1,5,1,,,,2026-09-28
Test,male,51050,DNT Zoysa,SL,1997-2004,30,51,4422,2157,64,5/20,8/73,33.7,2.92,69,1,0,,,,2026-09-28
Test,male,39021,Azeem Hafeez,PAK,1983-1985,18,28,4351,2204,63,6/46,7/160,34.98,3.03,69,4,0,,,,2026-09-28
Test,male,5593,NM Hauritz,AUS,2004-2010,17,33,4200,2204,63,5/53,6/126,34.98,3.14,66.6,2,0,,,,2026-09-28
Test,male,326016,B Kumar,IND,2013-2018,21,37,3348,1644,63,6/82,8/96,26.09,2.94,53.1,4,0,,,,2026-09-28
Test,male,47195,JH Sinclair,SA,1896-1911,25,41,3598,1996,63,6/26,9/89,31.68,3.32,57.1,1,0,,,,2026-09-28
Test,male,36599,FJ Cameron,NZ,1961-1965,19,35,4570,1849,62,5/34,9/70,29.82,2.42,73.7,3,0,,,,2026-09-28
Test,male,32309,DG Phadkar,IND,1947-1959,31,48,5994,2285,62,7/159,7/88,36.85,2.28,96.6,3,0,,,,2026-09-28
Test,male,51220,WKM Benjamin,WI,1987-1995,21,35,3694,1648,61,4/46,6/105,27.01,2.67,60.5,0,0,,,,2026-09-28
Test,male,5225,JJ Ferris,AUS/ENG,1887-1892,9,16,2302,775,61,7/37,13/91,12.7,2.01,37.7,6,1,,,,2026-09-28
Test,male,6525,GRJ Matthews,AUS,1983-1993,33,47,6271,2942,61,5/103,10/249,48.22,2.81,102.8,2,1,,,,2026-09-28
Test,male,33949,C Sharma,IND,1984-1989,23,39,3470,2163,61,6/58,10/188,35.45,3.74,56.8,4,1,,,,2026-09-28
Test,male,38753,PJ Wiseman,NZ,1998-2005,25,45,5660,2903,61,5/82,8/144,47.59,3.07,92.7,2,0,,,,2026-09-28
Test,male,44082,JM Blanckenberg,SA,1913-1924,18,25,3888,1817,60,6/76,9/135,30.28,2.8,64.8,4,0,,,,2026-09-28
Test,male,51229,KD Boyce,WI,1971-1976,21,39,3501,1801,60,6/77,11/147,30.01,3.08,58.3,2,1,,,,2026-09-28
Test,male,12812,K Farnes,ENG,1934-1939,15,27,3932,1719,60,6/96,10/179,28.65,2.62,65.5,3,1,,,,2026-09-28
Test,male,14127,DW Headley,ENG,1997-1999,15,23,3026,1671,60,6/60,8/102,27.85,3.31,50.4,1,0,,,,2026-09-28
Test,male,17025,G Miller,ENG,1976-1984,34,50,5149,1859,60,5/44,6/57,30.98,2.16,85.8,1,0,,,,2026-09-28
Test,male,1158088,Naseem Shah,PAK,2019-2024,20,33,3411,2108,60,5/31,6/85,35.13,3.7,56.8,1,0,,,,2026-09-28
Test,male,38062,JDP Oram,NZ,2002-2009,33,55,4964,1983,60,4/41,6/63,33.05,2.39,82.7,0,0,,,,2026-09-28
Test,male,244497,AU Rashid,ENG,2015-2019,19,34,3816,2390,60,5/49,7/178,39.83,3.75,63.6,2,0,,,,2026-09-28
Test,male,36611,BE Congdon,NZ,1965-1978,61,66,5620,2154,59,5/65,5/65,36.5,2.29,95.2,1,0,,,,2026-09-28
Test,male,48447,ALF de Mel,SL,1982-1986,17,27,3518,2180,59,6/109,7/201,36.94,3.71,59.6,3,0,,,,2026-09-28
Test,male,14220,GH Hirst,ENG,1897-1909,24,44,4010,1770,59,5/48,9/86,30,2.64,67.9,3,0,,,,2026-09-28
Test,male,15555,SP Jones,ENG,2002-2005,18,33,2821,1666,59,6/53,7/110,28.23,3.54,47.8,3,0,,,,2026-09-28
Test,male,486679,D Olivier,SA,2017-2024,16,29,2292,1432,59,6/37,11/96,24.27,3.74,38.8,3,1,,,,2026-09-28
Test,male,42324,Pervez Sajjad,PAK,1964-1973,19,35,4145,1410,59,7/74,9/112,23.89,2.04,70.2,3,0,,,,2026-09-28
Test,male,538506,Taskin Ahmed,BAN,2017-2026,21,39,3758,2312,59,6/64,8/140,39.18,3.69,63.6,1,0,,,,2026-09-28
Test,male,8189,ME Waugh,AUS,1991-2002,128,128,4853,2429,59,5/40,5/73,41.16,3,82.2,1,0,,,,2026-09-28
Test,male,22403,C White,ENG,1994-2002,30,45,3959,2220,59,5/32,5/57,37.62,3.36,67.1,3,0,,,,2026-09-28
Test,male,26184,AB Agarkar,IND,1998-2006,26,46,4857,2745,58,6/41,8/160,47.32,3.39,83.7,1,0,,,,2026-09-28
Test,male,4146,AJ Bichel,AUS,1997-2003,19,37,3337,1870,58,5/60,6/125,32.24,3.36,57.5,1,0,,,,2026-09-28
Test,male,596417,BA Carse,ENG,2024-2026,14,27,2699,1751,58,6/42,10/106,30.18,3.89,46.5,1,1,,,,2026-09-28
Test,male,51483,LN Constantine,WI,1928-1939,18,29,3583,1746,58,5/75,9/122,30.1,2.92,61.7,2,0,,,,2026-09-28
Test,male,51893,GE Gomez,WI,1939-1954,29,46,5236,1590,58,7/55,10/113,27.41,1.82,90.2,1,1,,,,2026-09-28
Test,male,45428,PS Heine,SA,1955-1962,14,27,3890,1455,58,6/58,8/157,25.08,2.24,67,4,0,,,,2026-09-28
Test,male,46168,NBF Mann,SA,1947-1951,19,33,5796,1920,58,6/59,7/72,33.1,1.98,99.9,1,0,,,,2026-09-28
Test,male,17121,AD Mullally,ENG,1996-2001,19,34,4525,1812,58,5/105,5/84,31.24,2.4,78,1,0,,,,2026-09-28
Test,male,542023,L Ngidi,SA,2018-2025,20,35,2578,1356,58,6/39,8/102,23.37,3.15,44.4,3,0,,,,2026-09-28
Test,male,49863,KR Pushpakumara,SL,1994-2001,23,38,3792,2242,58,7/116,7/116,38.65,3.54,65.3,4,0,,,,2026-09-28
Test,male,323244,Rahat Ali,PAK,2013-2018,21,39,4227,2264,58,6/127,7/100,39.03,3.21,72.8,2,0,,,,2026-09-28
Test,male,38398,MC Snedden,NZ,1981-1990,25,41,4775,2199,58,5/68,5/77,37.91,2.76,82.3,1,0,,,,2026-09-28
Test,male,559066,IS Sodhi,NZ,2013-2024,21,38,4043,2500,58,6/86,8/173,43.1,3.71,69.7,1,0,,,,2026-09-28
Test,male,21464,R Tattersall,ENG,1951-1954,16,29,4228,1513,58,7/52,12/101,26.08,2.14,72.8,4,1,,,,2026-09-28
Test,male,51436,TL Best,WI,2003-2013,25,45,3716,2291,57,6/40,6/71,40.19,3.69,65.1,2,0,,,,2026-09-28
Test,male,55346,AG Cremer,ZIM,2005-2017,19,27,4214,2604,57,5/125,9/275,45.68,3.7,73.9,1,0,,,,2026-09-28
Test,male,267414,RMS Eranga,SL,2011-2016,19,35,3891,2138,57,4/49,6/226,37.5,3.29,68.2,0,0,,,,2026-09-28
Test,male,51887,R Gilchrist,WI,1957-1959,13,23,3227,1521,57,6/55,9/73,26.68,2.82,56.6,1,0,,,,2026-09-28
Test,male,40618,Imran Tahir,SA,2011-2015,20,37,3925,2294,57,5/32,8/130,40.24,3.5,68.8,2,0,,,,2026-09-28
Test,male,554691,AR Patel,IND,2021-2025,15,29,2660,1121,57,6/38,11/70,19.66,2.52,46.6,5,1,,,,2026-09-28
Test,male,50250,JR Ratnayeke,SL,1982-1989,22,31,3833,1972,56,8/83,8/108,35.21,3.08,68.4,4,0,,,,2026-09-28
Test,male,55756,BC Strang,ZIM,1995-2001,26,44,5433,2203,56,5/101,5/50,39.33,2.43,97,1,0,,,,2026-09-28
Test,male,8142,TW Wall,AUS,1929-1934,18,33,4812,2010,56,5/14,8/189,35.89,2.5,85.9,3,0,,,,2026-09-28
Test,male,499594,CAK Rajitha,SL,2018-2026,19,30,3152,1729,55,5/56,8/112,31.43,3.29,57.3,2,0,,,,2026-09-28
Test,male,47168,RO Schwarz,SA,1906-1912,20,31,2639,1417,55,6/47,7/89,25.76,3.22,47.9,2,0,,,,2026-09-28
Test,male,20217,GC Small,ENG,1986-1991,17,31,3927,1871,55,5/48,8/183,34.01,2.85,71.4,2,0,,,,2026-09-28
Test,male,51019,UWMBCA Welegedara,SL,2007-2014,21,35,3799,2273,55,5/52,6/106,41.32,3.58,69,2,0,,,,2026-09-28
Test,male,38970,Aaqib Javed,PAK,1989-1998,22,37,3918,1874,54,5/84,8/118,34.7,2.86,72.5,1,0,,,,2026-09-28
Test,male,5396,GJ Gilmour,AUS,1973-1977,15,28,2661,1406,54,6/85,9/157,26.03,3.17,49.2,3,0,,,,2026-09-28
Test,male,45419,M Hayward,SA,1999-2004,16,29,2821,1609,54,5/56,7/119,29.79,3.42,52.2,1,0,,,,2026-09-28
Test,male,41043,Khan Mohammad,PAK,1952-1958,13,22,3157,1292,54,6/21,8/41,23.92,2.45,58.4,4,0,,,,2026-09-28
Test,male,47003,AMB Rowan,SA,1947-1951,15,25,5193,2084,54,5/68,8/232,38.59,2.4,96.1,4,0,,,,2026-09-28
Test,male,43871,Zulfiqar Babar,PAK,2013-2016,15,28,4478,2129,54,5/74,8/233,39.42,2.85,82.9,2,0,,,,2026-09-28
Test,male,39010,Asif Iqbal,PAK,1964-1980,58,54,3864,1502,53,5/48,6/75,28.33,2.33,72.9,2,0,,,,2026-09-28
Test,male,55259,AM Blignaut,ZIM,2001-2005,19,30,3173,1964,53,5/73,8/110,37.05,3.71,59.8,3,0,,,,2026-09-28
Test,male,4208,RJ Bright,AUS,1977-1986,25,39,5541,2180,53,7/87,10/111,41.13,2.36,104.5,4,1,,,,2026-09-28
Test,male,52294,RD King,WI,1999-2005,19,33,3442,1733,53,5/51,7/81,32.69,3.02,64.9,1,0,,,,2026-09-28
Test,male,41434,Mohammad Hafeez,PAK,2003-2018,55,77,4067,1808,53,4/16,4/48,34.11,2.66,76.7,0,0,,,,2026-09-28
Test,male,38060,SB O'Connor,NZ,1997-2001,19,34,3667,1724,53,5/51,7/104,32.52,2.82,69.1,1,0,,,,2026-09-28
Test,male,7002,KJ O'Keeffe,AUS,1971-1977,24,40,5384,2018,53,5/101,6/106,38.07,2.24,101.5,1,0,,,,2026-09-28
Test,male,52821,FA Rose,WI,1997-2000,19,31,3124,1637,53,7/84,7/96,30.88,3.14,58.9,2,0,,,,2026-09-28
Test,male,21650,CT Tremlett,ENG,2007-2013,12,23,2902,1431,53,6/48,8/150,27,2.95,54.7,2,0,,,,2026-09-28
Test,male,26962,CG Borde,IND,1958-1969,55,54,5695,2417,52,5/88,6/132,46.48,2.54,109.5,1,0,,,,2026-09-28
Test,male,10797,NGB Cook,ENG,1983-1989,15,25,4174,1689,52,6/65,11/83,32.48,2.42,80.2,4,1,,,,2026-09-28
Test,male,6132,C Kelleway,AUS,1910-1928,26,44,4363,1683,52,5/33,6/56,32.36,2.31,83.9,1,0,,,,2026-09-28
Test,male,46189,CR Matthews,SA,1992-1995,18,33,3980,1502,52,5/42,8/140,28.88,2.26,76.5,2,0,,,,2026-09-28
Test,male,42057,Nasim-ul-Ghani,PAK,1958-1973,29,40,4406,1959,52,6/67,8/120,37.67,2.66,84.7,2,0,,,,2026-09-28
Test,male,36185,NJ Astle,NZ,1996-2006,81,94,5688,2143,51,3/27,6/62,42.01,2.26,111.5,0,0,,,,2026-09-28
Test,male,8998,W Barnes,ENG,1880-1890,21,28,2289,793,51,6/28,9/81,15.54,2.07,44.8,3,0,,,,2026-09-28
Test,male,10839,NG Cowans,ENG,1982-1985,19,36,3452,2003,51,6/77,8/146,39.27,3.48,67.6,2,0,,,,2026-09-28
Test,male,36628,RS Cunis,NZ,1964-1972,20,38,4250,1887,51,6/76,9/128,37,2.66,83.3,1,0,,,,2026-09-28
Test,male,52064,DAJ Holford,WI,1966-1977,24,35,4816,2009,51,5/23,6/75,39.39,2.5,94.4,1,0,,,,2026-09-28
Test,male,52413,JJC Lawson,WI,2002-2005,13,25,2364,1512,51,7/78,8/102,29.64,3.83,46.3,2,0,,,,2026-09-28
Test,male,272450,MR Marsh,AUS,2014-2024,46,74,3483,2061,51,5/46,7/86,40.41,3.55,68.2,1,0,,,,2026-09-28
Test,male,42632,Shabbir Ahmed,PAK,2003-2005,10,19,2576,1175,51,5/48,8/109,23.03,2.73,50.5,2,0,,,,2026-09-28
Test,male,43553,Wasim Raja,PAK,1973-1985,57,69,4082,1826,51,4/50,6/86,35.8,2.68,80,0,0,,,,2026-09-28
Test,male,55848,GJ Whittall,ZIM,1993-2002,46,52,4686,2088,51,4/18,5/61,40.94,2.67,91.8,0,0,,,,2026-09-28
Test,male,9037,W Bates,ENG,1881-1887,15,23,2364,821,50,7/28,14/102,16.42,2.08,47.2,4,1,,,,2026-09-28
Test,male,4508,DE Bollinger,AUS,2009-2010,12,23,2401,1296,50,5/28,8/141,25.92,3.23,48,2,0,,,,2026-09-28
Test,male,497543,MD Craig,NZ,2014-2016,15,29,3669,2326,50,7/94,10/203,46.52,3.8,73.3,1,1,,,,2026-09-28
Test,male,52208,BD Julien,WI,1973-1977,24,45,4542,1868,50,5/57,5/66,37.36,2.46,90.8,1,0,,,,2026-09-28
Test,male,6445,KD Mackay,AUS,1956-1963,37,53,5792,1721,50,6/42,7/58,34.42,1.78,115.8,2,0,,,,2026-09-28
Test,male,46594,EP Nupen,SA,1921-1936,17,31,4159,1788,50,6/46,11/150,35.76,2.57,83.1,5,1,,,,2026-09-28
Test,male,22146,G Ulyett,ENG,1877-1890,25,35,2627,1020,50,7/36,7/57,20.4,2.32,52.5,1,0,,,,2026-09-28
ODI,male,49636,M Muralidaran,Asia/ICC/SL,1993-2011,350,341,18811,12326,534,7/30,,23.08,3.93,35.2,10,,15,,,2026-09-28
ODI,male,43547,Wasim Akram,PAK,1984-2003,356,351,18186,11812,502,5/15,,23.52,3.89,36.2,6,,17,,,2026-09-28
ODI,male,43543,Waqar Younis,PAK,1989-2003,262,258,12698,9919,416,7/36,,23.84,4.68,30.5,13,,14,,,2026-09-28
ODI,male,50804,WPUJC Vaas,Asia/SL,1994-2008,322,320,15775,11014,400,8/19,,27.53,4.18,39.4,4,,9,,,2026-09-28
ODI,male,42639,Shahid Afridi,Asia/ICC/PAK,1996-2015,398,372,17670,13632,395,7/12,,34.51,4.62,44.7,9,,4,,,2026-09-28
ODI,male,46774,SM Pollock,Afr/ICC/SA,1996-2008,303,297,15712,9631,393,6/35,,24.5,3.67,39.9,5,,12,,,2026-09-28
ODI,male,6565,GD McGrath,AUS/ICC,1993-2007,250,248,12970,8391,381,7/15,,22.02,3.88,34,7,,9,,,2026-09-28
ODI,male,6278,B Lee,AUS,2000-2012,221,217,11185,8877,380,5/22,,23.36,4.76,29.4,9,,14,,,2026-09-28
ODI,male,49758,SL Malinga,SL,2004-2019,226,220,10936,9760,338,6/38,,28.87,5.35,32.3,8,,11,,,2026-09-28
ODI,male,30176,A Kumble,Asia/IND,1990-2007,271,265,14496,10412,337,6/12,,30.89,4.3,43,2,,8,,,2026-09-28
ODI,male,49209,ST Jayasuriya,Asia/SL,1989-2011,445,368,14874,11871,323,6/29,,36.75,4.78,46,4,,8,,,2026-09-28
ODI,male,56143,Shakib Al Hasan,BAN,2006-2023,247,241,12575,9360,317,5/29,,29.52,4.46,39.6,4,,10,,,2026-09-28
ODI,male,34105,J Srinath,IND,1991-2003,229,227,11935,8847,315,5/23,,28.08,4.44,37.8,3,,7,,,2026-09-28
ODI,male,38710,DL Vettori,ICC/NZ,1997-2015,295,277,14060,9674,305,5/7,,31.71,4.12,46,2,,8,,,2026-09-28
ODI,male,8166,SK Warne,AUS/ICC,1993-2005,194,191,10642,7541,293,5/33,,25.73,4.25,36.3,1,,12,,,2026-09-28
ODI,male,26184,AB Agarkar,IND,1998-2007,191,188,9484,8021,288,6/42,,27.85,5.07,32.9,2,,10,,,2026-09-28
ODI,male,42628,Saqlain Mushtaq,PAK,1995-2003,169,165,8770,6275,288,5/20,,21.78,4.29,30.4,6,,11,,,2026-09-28
ODI,male,30102,Z Khan,Asia/IND,2000-2012,200,197,10097,8301,282,5/42,,29.43,4.93,35.8,1,,7,,,2026-09-28
ODI,male,45789,JH Kallis,Afr/ICC/SA,1996-2014,328,283,10750,8680,273,5/30,,31.79,4.84,39.3,2,,2,,,2026-09-28
ODI,male,44716,AA Donald,SA,1991-2003,164,162,8561,5926,272,6/23,,21.78,4.15,31.4,2,,11,,,2026-09-28
ODI,male,56007,Mashrafe Mortaza,Asia/BAN,2001-2020,220,220,10922,8893,270,6/26,,32.93,4.88,40.4,1,,7,,,2026-09-28
ODI,male,39836,Abdul Razzaq,Asia/PAK,1996-2011,265,254,10941,8564,269,6/35,,31.83,4.69,40.6,3,,8,,,2026-09-28
ODI,male,8608,JM Anderson,ENG,2002-2015,194,191,9584,7861,269,5/23,,29.22,4.92,35.6,2,,11,,,2026-09-28
ODI,male,29264,Harbhajan Singh,Asia/IND,1998-2015,236,227,12479,8973,269,5/31,,33.35,4.31,46.3,3,,2,,,2026-09-28
ODI,male,46592,M Ntini,ICC/SA,1998-2009,173,171,8687,6559,266,6/22,,24.65,4.53,32.6,4,,8,,,2026-09-28
ODI,male,30028,N Kapil Dev,IND,1978-1994,225,221,11202,6945,253,5/43,,27.45,3.71,44.2,1,,3,,,2026-09-28
ODI,male,42655,Shoaib Akhtar,Asia/ICC/PAK,1998-2011,163,162,7764,6169,247,6/16,,24.97,4.76,31.4,4,,6,,,2026-09-28
ODI,male,311592,MA Starc,AUS,2010-2026,131,131,6698,5886,247,6/28,,23.82,5.27,27.1,9,,12,,,2026-09-28
ODI,male,244497,AU Rashid,ENG,2009-2026,164,158,8189,7703,243,5/27,,31.69,5.64,33.6,2,,10,,,2026-09-28
ODI,male,37740,KD Mills,NZ,2001-2015,170,169,8230,6485,240,5/25,,27.02,4.72,34.2,1,,8,,,2026-09-28
ODI,male,6033,MG Johnson,AUS,2005-2015,153,150,7489,6038,239,6/31,,25.26,4.83,31.3,3,,9,,,2026-09-28
ODI,male,55761,HH Streak,Afr/ZIM,1993-2005,189,185,9468,7129,239,5/32,,29.82,4.51,39.6,1,,7,,,2026-09-28
ODI,male,13411,D Gough,ENG/ICC,1994-2006,159,156,8470,6209,235,5/44,,26.42,4.39,36,2,,10,,,2026-09-28
ODI,male,234675,RA Jadeja,IND,2009-2026,211,203,10464,8532,232,5/33,,36.77,4.89,45.1,2,,7,,,2026-09-28
ODI,male,53216,CA Walsh,WI,1985-2000,205,204,10822,6918,227,5/1,,30.47,3.83,47.6,1,,6,,,2026-09-28
ODI,male,793463,Rashid Khan,AFG,2015-2026,123,115,6174,4392,226,7/18,,19.43,4.26,27.3,7,,6,,,2026-09-28
ODI,male,51107,CEL Ambrose,WI,1988-2000,176,175,9353,5429,225,5/17,,24.12,3.48,41.5,4,,6,,,2026-09-28
ODI,male,232364,TG Southee,NZ,2008-2023,161,159,8075,7448,221,7/33,,33.7,5.53,36.5,3,,5,,,2026-09-28
ODI,male,277912,TA Boult,NZ,2012-2023,114,113,6180,5146,211,7/34,,24.38,4.99,29.2,6,,10,,,2026-09-28
ODI,male,56283,Abdur Razzak,BAN,2004-2014,153,152,7965,6065,207,5/29,,29.29,4.56,38.4,4,,5,,,2026-09-28
ODI,male,481896,Mohammed Shami,IND,2013-2025,108,107,5326,4955,206,7/57,,24.05,5.58,25.8,6,,10,,,2026-09-28
ODI,male,379504,A Zampa,AUS,2016-2026,126,126,6579,6106,205,5/35,,29.78,5.56,32,1,,12,,,2026-09-28
ODI,male,37232,CZ Harris,NZ,1990-2004,250,232,10667,7613,203,5/42,,37.5,4.28,52.5,1,,2,,,2026-09-28
ODI,male,6551,CJ McDermott,AUS,1985-1996,138,138,7461,5018,203,5/44,,24.71,4.03,36.7,1,,4,,,2026-09-28
ODI,male,36597,CL Cairns,ICC/NZ,1991-2006,215,186,8168,6594,201,5/42,,32.8,4.84,40.6,1,,3,,,2026-09-28
ODI,male,51439,DJ Bravo,WI,2004-2014,164,150,6511,5874,199,6/43,,29.51,5.41,32.7,1,,6,,,2026-09-28
ODI,male,49535,KMDN Kulasekara,SL,2003-2017,184,181,8263,6751,199,5/22,,33.92,4.9,41.5,1,,4,,,2026-09-28
ODI,male,559235,Kuldeep Yadav,IND,2017-2026,122,119,6264,5287,198,6/25,,26.7,5.06,31.6,2,,10,,,2026-09-28
ODI,male,32345,BKV Prasad,IND,1994-2001,161,160,8129,6332,196,5/27,,32.3,4.67,41.4,1,,3,,,2026-09-28
ODI,male,47492,DW Steyn,Afr/SA,2005-2019,125,124,6256,5087,196,6/39,,25.95,4.87,31.9,3,,4,,,2026-09-28
ODI,male,8192,SR Waugh,AUS,1986-2002,325,207,8883,6761,195,4/33,,34.67,4.56,45.5,0,,3,,,2026-09-28
ODI,male,52066,CL Hooper,WI,1987-2003,227,203,9573,6958,193,4/34,,36.05,4.36,49.6,0,,3,,,2026-09-28
ODI,male,330902,Mustafizur Rahman,BAN,2015-2026,124,122,5909,5076,193,6/43,,26.3,5.15,30.6,6,,6,,,2026-09-28
ODI,male,45821,L Klusener,SA,1996-2004,171,164,7336,5751,192,6/49,,29.95,4.7,38.2,6,,1,,,2026-09-28
ODI,male,46538,M Morkel,Afr/SA,2007-2018,117,114,5760,4761,188,5/21,,25.32,4.95,30.6,2,,7,,,2026-09-28
ODI,male,48835,CRD Fernando,Asia/SL,2001-2012,147,141,6507,5648,187,6/27,,30.2,5.2,34.7,1,,3,,,2026-09-28
ODI,male,42699,Saeed Ajmal,PAK,2008-2015,113,112,6000,4182,184,5/24,,22.72,4.18,32.6,2,,6,,,2026-09-28
ODI,male,38970,Aaqib Javed,PAK,1988-1998,163,159,8012,5721,182,7/37,,31.43,4.28,44,4,,2,,,2026-09-28
ODI,male,40560,Imran Khan,PAK,1974-1992,175,153,7461,4844,182,6/14,,26.61,3.89,40.9,1,,3,,,2026-09-28
ODI,male,43524,Umar Gul,PAK,2003-2016,130,128,6064,5253,179,6/42,,29.34,5.19,33.8,2,,4,,,2026-09-28
ODI,male,10617,SCJ Broad,ENG,2006-2016,121,121,6109,5364,178,5/23,,30.13,5.26,34.3,1,,9,,,2026-09-28
ODI,male,25913,Mohammad Nabi,AFG,2009-2026,178,167,8054,5806,177,5/17,,32.8,4.32,45.5,1,,4,,,2026-09-28
ODI,male,233514,NLTC Perera,SL,2009-2021,166,157,5900,5740,175,6/44,,32.8,5.83,33.7,4,,5,,,2026-09-28
ODI,male,4185,NW Bracken,AUS,2001-2009,116,116,5759,4240,174,5/47,,24.36,4.41,33,2,,5,,,2026-09-28
ODI,male,40618,Imran Tahir,SA,2011-2019,107,104,5541,4297,173,7/45,,24.83,4.65,32,3,,7,,,2026-09-28
ODI,male,38062,JDP Oram,NZ,2001-2012,160,154,6911,5047,173,5/26,,29.17,4.38,39.9,2,,3,,,2026-09-28
ODI,male,32685,IK Pathan,IND,2004-2012,120,118,5855,5142,173,5/27,,29.72,5.26,33.8,2,,5,,,2026-09-28
ODI,male,247235,CR Woakes,ENG,2011-2023,122,118,5737,5193,173,6/45,,30.01,5.43,33.1,3,,11,,,2026-09-28
ODI,male,506612,MJ Henry,NZ,2014-2025,95,93,4946,4298,172,5/30,,24.98,5.21,28.7,3,,13,,,2026-09-28
ODI,male,12856,A Flintoff,ENG/ICC,1999-2009,141,119,5624,4121,169,5/19,,24.38,4.39,33.2,2,,6,,,2026-09-28
ODI,male,550215,K Rabada,SA,2015-2025,106,104,5444,4613,168,6/16,,27.45,5.08,32.4,2,,6,,,2026-09-28
ODI,male,8180,SR Watson,AUS,2002-2015,190,163,6466,5342,168,4/36,,31.79,4.95,38.4,0,,3,,,2026-09-28
ODI,male,51880,CH Gayle,ICC/WI,1999-2019,301,199,7424,5926,167,5/46,,35.48,4.78,44.4,1,,3,,,2026-09-28
ODI,male,41316,Mushtaq Ahmed,PAK,1989-2003,144,142,7543,5361,161,5/36,,33.29,4.26,46.8,1,,3,,,2026-09-28
ODI,male,391485,JO Holder,WI,2013-2023,138,134,6402,5878,159,5/27,,36.96,5.5,40.2,2,,5,,,2026-09-28
ODI,male,37224,Sir RJ Hadlee,NZ,1973-1990,115,112,6182,3407,158,5/25,,21.56,3.3,39.1,5,,1,,,2026-09-28
ODI,male,960361,S Lamichhane,NEP,2018-2026,79,77,4298,3131,158,6/11,,19.81,4.37,27.2,3,,9,,,2026-09-28
ODI,male,42657,Shoaib Malik,PAK,1999-2019,287,217,7958,6192,158,4/19,,39.18,4.66,50.3,0,,1,,,2026-09-28
ODI,male,52419,MD Marshall,WI,1980-1992,136,134,7175,4233,157,4/18,,26.96,3.53,45.7,0,,6,,,2026-09-28
ODI,male,31820,A Nehra,Asia/IND,2001-2011,120,120,5751,4981,157,6/23,,31.72,5.19,36.6,2,,5,,,2026-09-28
ODI,male,32323,M Prabhakar,IND,1984-1996,130,127,6360,4534,157,5/33,,28.87,4.27,40.5,2,,4,,,2026-09-28
ODI,male,26421,R Ashwin,IND,2010-2023,116,114,6303,5180,156,4/25,,33.2,4.93,40.4,0,,1,,,2026-09-28
ODI,male,5681,GB Hogg,AUS,1996-2008,123,113,5564,4188,156,5/32,,26.84,4.51,35.6,2,,3,,,2026-09-28
ODI,male,35320,SR Tendulkar,IND,1989-2012,463,270,8054,6850,154,5/32,,44.48,5.1,52.2,2,,4,,,2026-09-28
ODI,male,268739,BAW Mendis,SL,2008-2015,87,84,4154,3324,152,6/13,,21.86,4.8,27.3,3,,7,,,2026-09-28
ODI,male,625383,JJ Bumrah,IND,2016-2026,91,90,4694,3585,151,6/19,,23.74,4.58,31,2,,6,,,2026-09-28
ODI,male,48369,UDU Chandana,SL,1994-2007,147,136,6142,4818,151,5/61,,31.9,4.7,40.6,1,,4,,,2026-09-28
ODI,male,288284,JR Hazlewood,AUS,2010-2026,99,98,5152,4096,148,6/52,,27.67,4.77,34.8,3,,1,,,2026-09-28
ODI,male,36326,SE Bond,NZ,2002-2010,82,80,4295,3070,147,6/19,,20.88,4.28,29.2,4,,7,,,2026-09-28
ODI,male,51876,J Garner,WI,1977-1987,98,98,5330,2752,146,5/31,,18.84,3.09,36.5,3,,2,,,2026-09-28
ODI,male,1072470,Shaheen Shah Afridi,PAK,2018-2026,77,76,3859,3578,146,6/35,,24.5,5.56,26.4,3,,8,,,2026-09-28
ODI,male,9163,IT Botham,ENG,1976-1992,116,115,6271,4139,145,4/31,,28.54,3.96,43.2,0,,3,,,2026-09-28
ODI,male,24705,TM Odoyo,Afr/KENYA,1996-2014,136,129,5649,4335,145,4/25,,29.89,4.6,38.9,0,,5,,,2026-09-28
ODI,male,489889,PJ Cummins,AUS,2011-2024,90,90,4683,4116,143,5/70,,28.78,5.27,32.7,1,,6,,,2026-09-28
ODI,male,5392,JN Gillespie,AUS,1996-2005,97,96,5144,3611,142,5/22,,25.42,4.21,36.2,3,,3,,,2026-09-28
ODI,male,52063,MA Holding,WI,1976-1987,102,102,5473,3034,142,5/26,,21.36,3.32,38.5,1,,5,,,2026-09-28
ODI,male,670031,AS Joseph,WI,2016-2026,89,86,4388,4000,142,5/56,,28.16,5.46,30.9,1,,6,,,2026-09-28
ODI,male,326016,B Kumar,IND,2012-2022,121,120,5847,4951,141,5/42,,35.11,5.08,41.4,1,,4,,,2026-09-28
ODI,male,36603,EJ Chatfield,NZ,1979-1989,114,112,6065,3618,140,5/34,,25.84,3.57,43.3,1,,3,,,2026-09-28
ODI,male,41434,Mohammad Hafeez,PAK,2003-2019,218,177,7733,5400,139,4/41,,38.84,4.18,55.6,0,,1,,,2026-09-28
ODI,male,502714,MJ Santner,NZ,2015-2026,129,123,6146,4870,139,5/50,,35.03,4.75,44.2,2,,0,,,2026-09-28
ODI,male,48469,HDPK Dharmasena,SL,1994-2004,141,134,7009,4998,138,4/37,,36.21,4.27,50.7,0,,1,,,2026-09-28
ODI,male,38407,SB Styris,NZ,1999-2011,188,161,6114,4839,137,6/25,,35.32,4.74,44.6,1,,4,,,2026-09-28
ODI,male,538506,Taskin Ahmed,BAN,2014-2026,94,92,4455,3968,137,5/28,,28.96,5.34,32.5,2,,7,,,2026-09-28
ODI,male,49638,MF Maharoof,SL,2004-2016,109,105,4640,3789,135,6/14,,28.06,4.89,34.3,2,,4,,,2026-09-28
ODI,male,19264,LE Plunkett,ENG,2005-2019,89,87,4137,4010,135,5/52,,29.7,5.81,30.6,1,,6,,,2026-09-28
ODI,male,5239,DW Fleming,AUS,1994-2001,88,88,4619,3402,134,5/36,,25.38,4.41,34.4,1,,4,,,2026-09-28
ODI,male,7702,A Symonds,AUS,1998-2009,198,158,5935,4955,133,5/18,,37.25,5,44.6,1,,2,,,2026-09-28
ODI,male,55820,P Utseya,ZIM,2004-2015,164,160,8571,6239,133,5/36,,46.9,4.36,64.4,1,,2,,,2026-09-28
ODI,male,38973,Abdul Qadir,PAK,1983-1993,104,100,5100,3454,132,5/44,,26.16,4.06,38.6,2,,4,,,2026-09-28
ODI,male,629063,Mehidy Hasan Miraz,BAN,2017-2026,125,122,6119,4800,132,4/25,,36.36,4.7,46.3,0,,5,,,2026-09-28
ODI,male,51651,M Dillon,WI,1997-2005,108,107,5480,4218,130,5/29,,32.44,4.61,42.1,3,,3,,,2026-09-28
ODI,male,300619,Rubel Hossain,BAN,2009-2021,104,102,4678,4427,129,6/26,,34.31,5.67,36.2,1,,7,,,2026-09-28
ODI,male,33975,RJ Shastri,IND,1981-1992,150,136,6613,4650,129,5/15,,36.04,4.21,51.2,1,,2,,,2026-09-28
ODI,male,53191,JE Taylor,WI,2003-2017,90,88,4341,3780,128,5/48,,29.53,5.22,33.9,1,,3,,,2026-09-28
ODI,male,49764,AD Mathews,SL,2008-2023,226,163,5324,4110,126,6/20,,32.61,4.63,42.2,1,,2,,,2026-09-28
ODI,male,37730,DK Morrison,NZ,1987-1996,96,95,4586,3470,126,5/34,,27.53,4.53,36.3,2,,1,,,2026-09-28
ODI,male,55973,Mohammad Rafique,Asia/BAN,1995-2007,125,124,6414,4739,125,5/47,,37.91,4.43,51.3,1,,3,,,2026-09-28
ODI,male,230553,KAJ Roach,WI,2008-2022,95,93,4579,3885,125,6/27,,31.08,5.09,36.6,3,,3,,,2026-09-28
ODI,male,39024,Azhar Mahmood,PAK,1996-2007,143,139,6242,4813,123,6/18,,39.13,4.62,50.7,3,,2,,,2026-09-28
ODI,male,414970,SM Sharif,SCOT,2011-2026,97,96,4392,3677,122,5/33,,30.13,5.02,36,2,,3,,,2026-09-28
ODI,male,430246,YS Chahal,IND,2016-2023,72,69,3739,3283,121,6/42,,27.13,5.26,30.9,2,,5,,,2026-09-28
ODI,male,55346,AG Cremer,ZIM,2009-2026,97,96,4734,3650,121,6/46,,30.16,4.62,39.1,3,,4,,,2026-09-28
ODI,male,41324,Mohammad Sami,PAK,2001-2015,87,85,4284,3567,121,5/10,,29.47,4.99,35.4,1,,3,,,2026-09-28
ODI,male,659081,MRJ Watt,SCOT,2016-2026,92,90,4732,3389,121,5/33,,28,4.29,39.1,1,,3,,,2026-09-28
ODI,male,43590,Wahab Riaz,PAK,2008-2020,91,90,4327,4117,120,5/46,,34.3,5.7,36,1,,5,,,2026-09-28
ODI,male,51226,IR Bishop,WI,1988-1997,84,83,4332,3127,118,5/25,,26.5,4.33,36.7,2,,7,,,2026-09-28
ODI,male,52812,IVA Richards,WI,1975-1991,187,131,5644,4228,118,6/41,,35.83,4.49,47.8,2,,1,,,2026-09-28
ODI,male,52912,R Rampaul,WI,2003-2015,92,88,4033,3434,117,5/49,,29.35,5.1,34.4,2,,8,,,2026-09-28
ODI,male,398513,SN Netravalkar,USA,2019-2026,74,73,3817,2616,116,5/32,,22.55,4.11,32.9,2,,3,,,2026-09-28
ODI,male,425639,TL Chatara,ZIM,2013-2023,87,87,4254,3752,115,4/33,,32.62,5.29,36.9,0,,1,,,2026-09-28
ODI,male,516561,Dawlat Zadran,AFG,2011-2019,82,80,3769,3423,115,4/22,,29.76,5.44,32.7,0,,3,,,2026-09-28
ODI,male,11865,PAJ DeFreitas,ENG,1987-1997,103,103,5712,3775,115,4/35,,32.82,3.96,49.6,0,,1,,,2026-09-28
ODI,male,542023,L Ngidi,SA,2018-2025,75,74,3461,3350,115,6/58,,29.13,5.8,30,2,,4,,,2026-09-28
ODI,male,236779,I Sharma,IND,2007-2016,80,78,3733,3563,115,4/34,,30.98,5.72,32.4,0,,6,,,2026-09-28
ODI,male,44485,WJ Cronje,SA,1992-2000,188,153,5357,3966,114,5/32,,34.78,4.44,46.9,1,,1,,,2026-09-28
ODI,male,24605,KJ O'Brien,IRE,2006-2021,153,116,4296,3726,114,4/13,,32.68,5.2,37.6,0,,5,,,2026-09-28
ODI,male,38398,MC Snedden,NZ,1980-1990,93,90,4525,3237,114,4/34,,28.39,4.29,39.6,0,,1,,,2026-09-28
ODI,male,784379,PW Hasaranga,SL,2017-2026,71,69,3305,2807,113,7/19,,24.84,5.09,29.2,4,,5,,,2026-09-28
ODI,male,37601,GR Larsen,NZ,1990-1999,121,119,6368,4000,113,4/24,,35.39,3.76,56.3,0,,1,,,2026-09-28
ODI,male,8917,MM Ali,ENG,2014-2023,138,128,5988,5311,111,4/46,,47.84,5.32,53.9,0,,2,,,2026-09-28
ODI,male,10772,PD Collingwood,ENG,2001-2011,197,151,5186,4294,111,6/31,,38.68,4.96,46.7,1,,3,,,2026-09-28
ODI,male,348034,GH Dockrell,IRE,2010-2026,134,110,4871,3984,111,4/24,,35.89,4.9,43.8,0,,4,,,2026-09-28
ODI,male,41308,Mudassar Nazar,PAK,1977-1989,122,104,4855,3432,111,5/28,,30.91,4.24,43.7,1,,1,,,2026-09-28
ODI,male,36084,Yuvraj Singh,Asia/IND,2000-2017,304,161,5048,4294,111,5/31,,38.68,5.1,45.4,1,,2,,,2026-09-28
ODI,male,259551,Junaid Khan,PAK,2011-2019,76,76,3601,3216,110,4/12,,29.23,5.35,32.7,0,,4,,,2026-09-28
ODI,male,800675,Karan KC,NEP,2018-2026,75,75,3304,2781,110,5/29,,25.28,5.05,30,4,,7,,,2026-09-28
ODI,male,42272,Naved-ul-Hasan,PAK,2003-2010,74,72,3466,3221,110,6/27,,29.28,5.57,31.5,1,,6,,,2026-09-28
ODI,male,38620,DR Tuffey,NZ,2000-2010,94,92,4333,3534,110,4/24,,32.12,4.89,39.3,0,,2,,,2026-09-28
ODI,male,9310,TT Bresnan,ENG,2006-2015,85,84,4221,3813,109,5/48,,34.98,5.42,38.7,1,,3,,,2026-09-28
ODI,male,49619,RAS Lakmal,SL,2009-2021,86,84,3881,3534,109,4/13,,32.42,5.46,35.6,0,,3,,,2026-09-28
ODI,male,50848,GP Wickramasinghe,SL,1990-2002,134,132,5720,4321,109,4/48,,39.64,4.53,52.4,0,,1,,,2026-09-28
ODI,male,6995,SP O'Donnell,AUS,1985-1991,87,87,4350,3102,108,5/13,,28.72,4.27,40.2,1,,5,,,2026-09-28
ODI,male,51050,DNT Zoysa,SL,1997-2007,95,93,4259,3213,108,5/26,,29.75,4.52,39.4,1,,2,,,2026-09-28
ODI,male,1161606,Haris Rauf,PAK,2020-2026,59,59,2850,2750,107,5/18,,25.7,5.78,26.6,2,,5,,,2026-09-28
ODI,male,48462,PA de Silva,SL,1984-2003,308,156,5148,4177,106,4/30,,39.4,4.86,48.5,0,,2,,,2026-09-28
ODI,male,48472,TM Dilshan,SL,1999-2016,330,204,5880,4778,106,4/4,,45.07,4.87,55.4,0,,3,,,2026-09-28
ODI,male,46569,A Nel,SA,2001-2008,79,76,3801,2935,106,5/45,,27.68,4.63,35.8,1,,3,,,2026-09-28
ODI,male,24599,WB Rankin,ENG/IRE,2007-2020,75,73,3702,2955,106,4/15,,27.87,4.78,34.9,0,,4,,,2026-09-28
ODI,male,7326,PR Reiffel,AUS,1992-1999,92,92,4732,3096,106,4/13,,29.2,3.92,44.6,0,,5,,,2026-09-28
ODI,male,330223,BM Scholtz,NAM,2019-2026,73,72,3833,2179,106,5/22,,20.55,3.41,36.1,2,,4,,,2026-09-28
ODI,male,376116,UT Yadav,IND,2010-2018,75,73,3558,3565,106,4/31,,33.63,6.01,33.5,0,,4,,,2026-09-28
ODI,male,55429,GW Flower,ZIM,1992-2010,221,156,5462,4225,104,4/32,,40.62,4.64,52.5,0,,2,,,2026-09-28
ODI,male,20431,GP Swann,ENG,2000-2013,79,76,3809,2888,104,5/28,,27.76,4.54,36.6,1,,3,,,2026-09-28
ODI,male,6295,DK Lillee,AUS,1972-1983,63,63,3593,2145,103,5/34,,20.82,3.58,34.8,1,,5,,,2026-09-28
ODI,male,38133,C Pringle,NZ,1990-1995,64,64,3314,2459,103,5/45,,23.87,4.45,32.1,1,,2,,,2026-09-28
ODI,male,210283,ST Finn,ENG,2011-2017,69,67,3550,2996,102,5/33,,29.37,5.06,34.8,2,,4,,,2026-09-28
ODI,male,681305,Hasan Ali,PAK,2016-2025,68,66,3286,3179,102,5/34,,31.16,5.8,32.2,4,,2,,,2026-09-28
ODI,male,937953,Bilal Khan,OMA,2019-2024,49,49,2510,2118,101,5/31,,20.97,5.06,24.8,4,,4,,,2026-09-28
ODI,male,55343,E Chigumbura,Afr/ZIM,2004-2018,213,132,4339,4274,101,4/28,,42.31,5.91,42.9,0,,1,,,2026-09-28
ODI,male,974109,Mujeeb Ur Rahman,AFG,2017-2023,75,74,3968,2863,101,5/50,,28.34,4.32,39.2,1,,3,,,2026-09-28
ODI,male,51220,WKM Benjamin,WI,1986-1995,85,85,4442,3079,100,5/22,,30.79,4.15,44.4,1,,0,,,2026-09-28
ODI,male,28779,SC Ganguly,Asia/IND,1992-2007,311,171,4561,3849,100,5/16,,38.49,5.06,45.6,2,,1,,,2026-09-28
ODI,male,52045,RA Harper,WI,1983-1996,105,99,5175,3431,100,4/40,,34.31,3.97,51.7,0,,3,,,2026-09-28
ODI,male,1203754,Junaid Siddique,UAE,2019-2026,69,68,3226,2731,100,6/49,,27.31,5.07,32.2,1,,1,,,2026-09-28
ODI,male,45963,CK Langeveldt,SA,2001-2010,72,71,3489,2962,100,5/39,,29.62,5.09,34.8,2,,1,,,2026-09-28
ODI,male,55698,RW Price,ZIM,2002-2012,102,99,5374,3575,100,4/22,,35.75,3.99,53.7,0,,1,,,2026-09-28
ODI,male,308251,DJ Willey,ENG,2015-2023,73,72,3230,2975,100,5/30,,29.75,5.52,32.3,1,,4,,,2026-09-28
ODI,male,36185,NJ Astle,NZ,1995-2007,223,159,4850,3809,99,4/43,,38.47,4.71,48.9,0,,1,,,2026-09-28
ODI,male,493773,LH Ferguson,NZ,2016-2023,65,64,3300,3124,99,5/45,,31.55,5.68,33.3,1,,2,,,2026-09-28
ODI,male,265564,WD Parnell,SA,2009-2023,73,69,3224,3010,99,5/48,,30.4,5.6,32.5,2,,3,,,2026-09-28
ODI,male,701215,Sompal Kami,NEP,2018-2026,75,74,3305,2926,99,5/33,,29.55,5.31,33.3,1,,2,,,2026-09-28
ODI,male,299572,Sikandar Raza,ZIM,2013-2026,159,127,5348,4346,98,4/55,,44.34,4.87,54.5,0,,1,,,2026-09-28
ODI,male,6903,CJ McKay,AUS,2009-2014,59,59,2965,2364,97,5/28,,24.37,4.78,30.5,2,,4,,,2026-09-28
ODI,male,540316,AL Phehlukwayo,SA,2016-2024,85,79,3175,3041,97,4/22,,31.35,5.74,32.7,0,,3,,,2026-09-28
ODI,male,7926,PL Taylor,AUS,1987-1992,83,80,3937,2740,97,4/38,,28.24,4.17,40.5,0,,1,,,2026-09-28
ODI,male,44091,N Boje,Afr/SA,1995-2005,115,108,4541,3415,96,5/21,,35.57,4.51,47.3,1,,2,,,2026-09-28
ODI,male,270484,JP Faulkner,AUS,2013-2017,69,67,3211,2962,96,4/32,,30.85,5.53,33.4,0,,4,,,2026-09-28
ODI,male,35263,V Sehwag,Asia/ICC/IND,1999-2013,251,146,4392,3853,96,4/6,,40.13,5.26,45.7,0,,1,,,2026-09-28
ODI,male,55758,PA Strang,ZIM,1994-2001,95,89,4351,3173,96,5/21,,33.05,4.37,45.3,2,,2,,,2026-09-28
ODI,male,44696,PS de Villiers,SA,1992-1997,83,82,4422,2636,95,4/27,,27.74,3.57,46.5,0,,2,,,2026-09-28
ODI,male,45396,AJ Hall,SA,1999-2007,88,78,3341,2515,95,5/18,,26.47,4.51,35.1,1,,3,,,2026-09-28
ODI,male,24728,SO Tikolo,Afr/KENYA,1996-2014,135,99,4016,3215,94,4/41,,34.2,4.8,42.7,0,,2,,,2026-09-28
ODI,male,47666,LL Tsotsobe,SA,2009-2013,61,60,2964,2347,94,4/22,,24.96,4.75,31.5,0,,7,,,2026-09-28
ODI,male,55633,CB Mpofu,ZIM,2004-2020,84,83,3960,3581,93,6/52,,38.5,5.42,42.5,1,,2,,,2026-09-28
ODI,male,384525,Zahoor Khan,UAE,2017-2024,62,62,2880,2405,93,6/34,,25.86,5.01,30.9,1,,2,,,2026-09-28
ODI,male,230558,SP Narine,WI,2011-2016,65,65,3540,2435,92,6/27,,26.46,4.12,38.4,2,,4,,,2026-09-28
ODI,male,51488,AC Cummins,CAN/WI,1991-2007,76,74,3767,2877,91,5/31,,31.61,4.58,41.3,1,,2,,,2026-09-28
ODI,male,417381,AR McBrine,IRE,2014-2025,96,91,4523,3459,91,5/29,,38.01,4.58,49.7,1,,2,,,2026-09-28
ODI,male,625371,HH Pandya,IND,2016-2025,94,88,3460,3231,91,4/24,,35.5,5.6,38,0,,1,,,2026-09-28
ODI,male,52671,BP Patterson,WI,1986-1993,59,58,3050,2206,90,6/29,,24.51,4.33,33.8,1,,1,,,2026-09-28
ODI,male,36595,BL Cairns,NZ,1974-1985,78,75,4015,2717,89,5/28,,30.52,4.06,45.1,1,,2,,,2026-09-28
ODI,male,42623,Saleem Malik,PAK,1982-1999,283,120,3505,2959,89,5/35,,33.24,5.06,39.3,1,,1,,,2026-09-28
ODI,male,52983,MN Samuels,WI,2000-2018,207,134,5091,4127,89,3/12,,46.37,4.86,57.2,0,,0,,,2026-09-28
ODI,male,698317,R Trumpelmann,NAM,2021-2026,59,57,2798,2284,89,5/30,,25.66,4.89,31.4,2,,3,,,2026-09-28
ODI,male,3943,TM Alderman,AUS,1981-1991,65,65,3371,2056,88,5/17,,23.36,3.65,38.3,2,,1,,,2026-09-28
ODI,male,6272,GF Lawson,AUS,1980-1989,79,79,4259,2592,88,4/26,,29.45,3.65,48.3,0,,1,,,2026-09-28
ODI,male,55848,GJ Whittall,ZIM,1993-2003,147,112,4060,3481,88,4/35,,39.55,5.14,46.1,0,,1,,,2026-09-28
ODI,male,52817,AME Roberts,WI,1975-1983,56,56,3123,1771,87,5/22,,20.35,3.4,35.8,1,,2,,,2026-09-28
ODI,male,922943,Shadab Khan,PAK,2017-2026,73,70,3544,3098,87,4/27,,35.6,5.24,40.7,0,,5,,,2026-09-28
ODI,male,32965,MM Patel,IND,2006-2011,70,67,3154,2603,86,4/29,,30.26,4.95,36.6,0,,3,,,2026-09-28
ODI,male,55870,SC Williams,ZIM,2005-2025,164,133,5014,4097,86,4/43,,47.63,4.9,58.3,0,,1,,,2026-09-28
ODI,male,38967,Aamer Sohail,PAK,1990-2000,156,125,4836,3703,85,4/22,,43.56,4.59,56.8,0,,1,,,2026-09-28
ODI,male,5597,IJ Harvey,AUS,1997-2004,73,70,3279,2577,85,4/16,,30.31,4.71,38.5,0,,4,,,2026-09-28
ODI,male,5685,RM Hogg,AUS,1979-1985,71,67,3677,2418,85,4/29,,28.44,3.94,43.2,0,,5,,,2026-09-28
ODI,male,50250,JR Ratnayeke,SL,1982-1990,78,76,3573,2866,85,4/23,,33.71,4.81,42,0,,1,,,2026-09-28
ODI,male,307808,Rohan Mustafa,UAE,2014-2023,81,80,3787,2831,85,5/25,,33.3,4.48,44.5,1,,1,,,2026-09-28
ODI,male,8189,ME Waugh,AUS,1988-2002,244,120,3687,2938,85,5/24,,34.56,4.78,43.3,1,,1,,,2026-09-28
ODI,male,51481,CD Collymore,WI,1999-2007,84,80,4074,2924,83,5/51,,35.22,4.3,49,1,,1,,,2026-09-28
ODI,male,429981,Mohammad Irfan,PAK,2010-2016,60,60,3109,2549,83,4/30,,30.71,4.91,37.4,0,,2,,,2026-09-28
ODI,male,52934,PV Simmons,WI,1987-1999,143,103,3880,2876,83,4/3,,34.65,4.44,46.7,0,,2,,,2026-09-28
ODI,male,319439,MJ McClenaghan,NZ,2013-2016,48,45,2336,2313,82,5/58,,28.2,5.94,28.4,1,,6,,,2026-09-28
ODI,male,56025,Mahmudullah,BAN,2007-2025,239,153,4380,3809,82,3/4,,46.45,5.21,53.4,0,,0,,,2026-09-28
ODI,male,7302,CG Rackemann,AUS,1983-1991,52,52,2791,1833,82,5/16,,22.35,3.94,34,1,,3,,,2026-09-28
ODI,male,37004,JEC Franklin,NZ,2001-2013,110,97,3848,3354,81,5/42,,41.4,5.22,47.5,1,,0,,,2026-09-28
ODI,male,348059,BJ McCarthy,IRE,2016-2025,48,48,2405,2366,81,5/46,,29.2,5.9,29.6,1,,3,,,2026-09-28
ODI,male,290948,Mohammad Amir,PAK,2009-2019,61,60,3013,2400,81,5/30,,29.62,4.77,37.1,1,,1,,,2026-09-28
ODI,male,53115,DJG Sammy,WI,2004-2015,126,119,4956,3851,81,4/26,,47.54,4.66,61.1,0,,1,,,2026-09-28
ODI,male,1138316,M Theekshana,SL,2021-2026,61,59,2949,2241,81,4/25,,27.66,4.55,36.4,0,,7,,,2026-09-28
ODI,male,364343,CA Young,IRE,2014-2024,48,45,2300,2094,81,5/46,,25.85,5.46,28.3,1,,1,,,2026-09-28
ODI,male,554691,AR Patel,IND,2014-2026,74,69,3460,2619,80,4/62,,32.73,4.54,43.2,0,,1,,,2026-09-28
ODI,male,22462,RGD Willis,ENG,1973-1984,64,64,3595,1968,80,4/11,,24.6,3.28,44.9,0,,4,,,2026-09-28
ODI,male,351588,MA Wood,ENG,2015-2025,70,69,3506,3266,80,4/33,,40.82,5.58,43.8,0,,2,,,2026-09-28
ODI,male,267724,KA Maharaj,SA,2017-2026,58,57,3001,2346,79,5/33,,29.69,4.69,37.9,1,,4,,,2026-09-28
ODI,male,46189,CR Matthews,SA,1991-1997,56,55,3003,1975,79,4/10,,25,3.94,38,0,,3,,,2026-09-28
ODI,male,50244,A Ranatunga,SL,1982-1999,269,135,4710,3757,79,4/14,,47.55,4.78,59.6,0,,1,,,2026-09-28
ODI,male,4146,AJ Bichel,AUS,1997-2004,67,66,3257,2463,78,7/20,,31.57,4.53,41.7,2,,1,,,2026-09-28
ODI,male,51246,IDR Bradshaw,WI,2004-2007,62,62,3172,2299,78,3/15,,29.47,4.34,40.6,0,,0,,,2026-09-28
ODI,male,24762,PJ Ongondo,Afr/KENYA,1999-2011,79,79,3102,2350,78,5/51,,30.12,4.54,39.7,1,,1,,,2026-09-28
ODI,male,526441,MR Adair,IRE,2019-2026,57,55,2667,2547,77,4/19,,33.07,5.73,34.6,0,,6,,,2026-09-28
ODI,male,26948,RMH Binny,IND,1980-1987,72,67,2957,2260,77,4/29,,29.35,4.58,38.4,0,,3,,,2026-09-28
ODI,male,40591,Iftikhar Anjum,PAK,2004-2010,62,60,2960,2430,77,5/30,,31.55,4.92,38.4,1,,2,,,2026-09-28
ODI,male,30732,P Kumar,IND,2007-2012,68,67,3242,2774,77,4/31,,36.02,5.13,42.1,0,,3,,,2026-09-28
ODI,male,46393,R McLaren,SA,2009-2014,54,51,2403,2102,77,4/19,,27.29,5.24,31.2,0,,5,,,2026-09-28
ODI,male,325026,GJ Maxwell,AUS,2012-2025,149,119,4002,3644,77,4/40,,47.32,5.46,51.9,0,,4,,,2026-09-28
ODI,male,12514,JE Emburey,ENG,1980-1993,61,61,3425,2346,76,4/37,,30.86,4.1,45,0,,2,,,2026-09-28
ODI,male,14054,SJ Harmison,ENG,2002-2009,58,57,2899,2481,76,5/33,,32.64,5.13,38.1,1,,2,,,2026-09-28
ODI,male,52294,RD King,WI,1998-2005,50,50,2603,1807,76,4/25,,23.77,4.16,34.2,0,,2,,,2026-09-28
ODI,male,940973,Mohammed Siraj,IND,2019-2026,50,49,2251,1925,76,6/21,,25.32,5.13,29.6,1,,2,,,2026-09-28
ODI,male,806241,R Ngarava,ZIM,2017-2026,57,54,2533,2234,76,5/32,,29.39,5.29,33.3,1,,1,,,2026-09-28
ODI,male,50249,RJ Ratnayake,SL,1982-1993,70,70,3575,2712,76,5/32,,35.68,4.55,47,1,,1,,,2026-09-28
ODI,male,55269,GB Brent,ZIM,1996-2008,70,69,3390,2776,75,4/22,,37.01,4.91,45.2,0,,3,,,2026-09-28
ODI,male,46750,RJ Peterson,SA,2002-2014,79,74,3278,2680,75,4/12,,35.73,4.9,43.7,0,,3,,,2026-09-28
ODI,male,34274,S Sreesanth,IND,2005-2011,53,52,2476,2508,75,6/55,,33.44,6.07,33,1,,2,,,2026-09-28
ODI,male,1195672,A Dutt,NED,2021-2026,60,58,2885,2249,74,6/34,,30.39,4.67,38.9,1,,1,,,2026-09-28
ODI,male,352048,Gulbadin Naib,AFG,2011-2025,89,80,2883,2676,74,6/43,,36.16,5.56,38.9,1,,3,,,2026-09-28
ODI,male,49178,HMRKB Herath,SL,2004-2015,71,67,3242,2362,74,4/20,,31.91,4.37,43.8,0,,1,,,2026-09-28
ODI,male,414966,MA Leask,SCOT,2014-2026,98,86,2894,2439,74,4/24,,32.95,5.05,39.1,0,,3,,,2026-09-28
ODI,male,17134,TJ Murtagh,IRE,2012-2019,58,57,3020,2290,74,5/21,,30.94,4.54,40.8,1,,4,,,2026-09-28
ODI,male,827051,B Muzarabani,ZIM,2018-2026,62,60,3011,2555,74,5/49,,34.52,5.09,40.6,1,,4,,,2026-09-28
ODI,male,311158,BA Stokes,ENG,2011-2023,114,88,3110,3137,74,5/61,,42.39,6.05,42,1,,1,,,2026-09-28
ODI,male,38742,W Watson,NZ,1986-1994,61,61,3251,2247,74,4/27,,30.36,4.14,43.9,0,,1,,,2026-09-28
ODI,male,4174,AR Border,AUS,1979-1994,273,87,2661,2071,73,3/20,,28.36,4.66,36.4,0,,0,,,2026-09-28
ODI,male,49356,RS Kalpage,SL,1992-1999,86,81,3960,2975,73,4/36,,40.75,4.5,54.2,0,,2,,,2026-09-28
ODI,male,30873,S Madan Lal,IND,1974-1987,67,64,3164,2137,73,4/20,,29.27,4.05,43.3,0,,2,,,2026-09-28
ODI,male,379145,T Shamsi,SA,2016-2025,55,52,2697,2510,73,5/49,,34.38,5.58,36.9,1,,3,,,2026-09-28
ODI,male,990039,Shoriful Islam,BAN,2021-2026,46,46,2184,1927,73,6/48,,26.39,5.29,29.9,1,,4,,,2026-09-28
ODI,male,44149,J Botha,Afr/SA,2005-2012,78,75,3823,2916,72,4/19,,40.5,4.57,53,0,,1,,,2026-09-28
ODI,male,4558,GS Chappell,AUS,1971-1983,74,67,3108,2097,72,5/15,,29.12,4.04,43.1,2,,0,,,2026-09-28
ODI,male,47267,PL Symcox,SA,1993-1999,80,80,3991,2762,72,4/28,,38.36,4.15,55.4,0,,1,,,2026-09-28
ODI,male,669855,JC Archer,ENG,2019-2026,42,42,2189,1876,71,6/40,,26.42,5.14,30.8,1,,2,,,2026-09-28
ODI,male,355269,JDS Neesham,NZ,2013-2023,76,72,2448,2556,71,5/27,,36,6.26,34.4,2,,2,,,2026-09-28
ODI,male,52790,DBL Powell,WI,2002-2009,55,55,2850,2239,71,4/27,,31.53,4.71,40.1,0,,2,,,2026-09-28
ODI,male,43265,Sohail Tanvir,PAK,2007-2014,62,60,2949,2566,71,5/48,,36.14,5.22,41.5,1,,3,,,2026-09-28
ODI,male,55267,EA Brandes,ZIM,1987-1999,59,59,2828,2266,70,5/28,,32.37,4.8,40.4,2,,1,,,2026-09-28
ODI,male,552152,PVD Chameera,SL,2015-2026,61,59,2604,2407,70,5/16,,34.38,5.54,37.2,1,,2,,,2026-09-28
ODI,male,46214,BM McMillan,SA,1991-1998,78,75,3623,2589,70,4/32,,36.98,4.28,51.7,0,,1,,,2026-09-28
ODI,male,238612,NN Odhiambo,KENYA,2006-2014,69,67,2808,2585,70,4/61,,36.92,5.52,40.1,0,,1,,,2026-09-28
ODI,male,276298,AD Russell,WI,2011-2019,56,55,2290,2229,70,4/35,,31.84,5.84,32.7,0,,5,,,2026-09-28
ODI,male,288305,Shafiul Islam,BAN,2010-2020,60,60,2540,2529,70,4/21,,36.12,5.97,36.2,0,,4,,,2026-09-28
ODI,male,574287,CA Soper,PNG,2016-2023,56,56,2612,1985,70,6/41,,28.35,4.55,37.3,2,,1,,,2026-09-28
ODI,male,1041679,NP Kenjige,USA,2019-2026,65,64,3101,2174,69,5/11,,31.5,4.2,44.9,1,,1,,,2026-09-28
ODI,male,10633,AR Caddick,ENG,1993-2003,54,53,2937,1965,69,4/19,,28.47,4.01,42.5,0,,3,,,2026-09-28
ODI,male,44932,JP Duminy,SA,2004-2019,199,135,3513,3143,69,4/16,,45.55,5.36,50.9,0,,1,,,2026-09-28
ODI,male,29725,SB Joshi,IND,1996-2001,69,67,3386,2509,69,5/6,,36.36,4.44,49,1,,1,,,2026-09-28
ODI,male,35280,RP Singh,IND,2005-2011,58,57,2565,2343,69,4/35,,33.95,5.48,37.1,0,,2,,,2026-09-28
ODI,male,34059,RR Singh,IND,1989-2001,136,117,3734,2985,69,5/22,,43.26,4.79,54.1,2,,0,,,2026-09-28
ODI,male,949473,B McMullen,SCOT,2022-2026,47,43,1961,1487,68,5/34,,21.86,4.54,28.8,1,,1,,,2026-09-28
ODI,male,50240,CPH Ramanayake,SL,1986-1995,62,62,2864,2049,68,4/17,,30.13,4.29,42.1,0,,1,,,2026-09-28
ODI,male,254114,HA Varaiya,KENYA,2006-2014,63,60,2951,2048,68,4/25,,30.11,4.16,43.3,0,,2,,,2026-09-28
ODI,male,12466,MA Ealham,ENG,1996-2001,64,62,3227,2197,67,5/15,,32.79,4.08,48.1,2,,1,,,2026-09-28
ODI,male,5702,JR Hopes,AUS,2005-2010,84,75,3157,2384,67,5/14,,35.58,4.53,47.1,1,,0,,,2026-09-28
ODI,male,6126,MS Kasprowicz,AUS,1995-2005,43,42,2225,1674,67,5/45,,24.98,4.51,33.2,2,,1,,,2026-09-28
ODI,male,55952,Khaled Mahmud,BAN,1998-2006,77,75,3385,2865,67,4/19,,42.76,5.07,50.5,0,,1,,,2026-09-28
ODI,male,33949,C Sharma,IND,1983-1994,65,63,2835,2336,67,3/22,,34.86,4.94,42.3,0,,0,,,2026-09-28
ODI,male,6038,DT Johnston,IRE,2006-2013,67,63,2930,2115,66,5/14,,32.04,4.33,44.3,1,,1,,,2026-09-28
ODI,male,16274,CC Lewis,ENG,1990-1998,53,49,2625,1942,66,4/30,,29.42,4.43,39.7,0,,4,,,2026-09-28
ODI,male,30923,Maninder Singh,IND,1983-1993,59,57,3133,2066,66,4/22,,31.3,3.95,47.4,0,,1,,,2026-09-28
ODI,male,55705,T Panyangara,ZIM,2004-2016,65,65,3242,3024,65,3/28,,46.52,5.59,49.8,0,,0,,,2026-09-28
ODI,male,553821,JJ Smit,NAM,2019-2026,61,46,2106,1507,65,6/27,,23.18,4.29,32.4,3,,2,,,2026-09-28
ODI,male,475281,SN Thakur,IND,2017-2023,47,46,1940,2014,65,4/37,,30.98,6.22,29.8,0,,3,,,2026-09-28
ODI,male,22403,C White,ENG,1994-2003,51,50,2364,1726,65,5/21,,26.55,4.38,36.3,1,,1,,,2026-09-28
ODI,male,245490,Ahmed Raza,UAE,2014-2022,53,53,2801,1924,64,5/26,,30.06,4.12,43.7,1,,1,,,2026-09-28
ODI,male,31107,A Mishra,IND,2003-2016,36,34,1917,1511,64,6/48,,23.6,4.72,29.9,2,,2,,,2026-09-28
ODI,male,38008,DJ Nash,NZ,1992-2002,81,78,3416,2622,64,4/38,,40.96,4.6,53.3,0,,1,,,2026-09-28
ODI,male,559066,IS Sodhi,NZ,2015-2024,54,50,2557,2350,64,6/39,,36.71,5.51,39.9,1,,1,,,2026-09-28
ODI,male,293983,AR Cusack,IRE,2007-2015,59,52,1953,1510,63,5/20,,23.96,4.63,31,1,,1,,,2026-09-28
ODI,male,324358,N Pradeep,SL,2012-2022,49,47,2345,2339,63,4/31,,37.12,5.98,37.2,0,,2,,,2026-09-28
ODI,male,5593,NM Hauritz,AUS,2002-2011,58,56,2724,2152,63,4/29,,34.15,4.74,43.2,0,,2,,,2026-09-28
ODI,male,530812,AJ Hosein,WI,2021-2025,40,40,2210,1769,63,4/39,,28.07,4.8,35,0,,2,,,2026-09-28
ODI,male,37749,NL McCullum,NZ,2009-2015,84,81,3536,2956,63,3/24,,46.92,5.01,56.1,0,,0,,,2026-09-28
ODI,male,17121,AD Mullally,ENG,1996-2001,50,49,2699,1728,63,4/18,,27.42,3.84,42.8,0,,2,,,2026-09-28
ODI,male,33044,SLV Raju,IND,1990-1996,53,52,2770,2014,63,4/46,,31.96,4.36,43.9,0,,2,,,2026-09-28
ODI,male,7319,BA Reid,AUS,1986-1992,61,61,3250,2203,63,5/53,,34.96,4.06,51.5,1,,0,,,2026-09-28
ODI,male,42630,Sarfraz Nawaz,PAK,1973-1984,45,45,2412,1463,63,4/27,,23.22,3.63,38.2,0,,4,,,2026-09-28
ODI,male,4508,DE Bollinger,AUS,2009-2011,39,39,1942,1482,62,5/35,,23.9,4.57,31.3,2,,3,,,2026-09-28
ODI,male,8076,SW Tait,AUS,2007-2011,35,34,1688,1461,62,4/39,,23.56,5.19,27.2,0,,2,,,2026-09-28
ODI,male,55509,DT Hondo,ZIM,2001-2005,56,56,2381,2171,61,4/37,,35.59,5.47,39,0,,3,,,2026-09-28
ODI,male,928067,JB Little,IRE,2019-2025,42,40,2021,2095,61,6/36,,34.34,6.21,33.1,1,,3,,,2026-09-28
ODI,male,53118,DR Smith,WI,2004-2015,105,73,2726,2285,61,5/45,,37.45,5.02,44.6,1,,3,,,2026-09-28
ODI,male,56160,Syed Rasel,BAN,2005-2010,52,52,2657,2051,61,4/22,,33.62,4.63,43.5,0,,1,,,2026-09-28
ODI,male,348109,PA van Meekeren,NED,2013-2025,39,38,1871,1676,61,5/28,,27.47,5.37,30.6,1,,2,,,2026-09-28
ODI,male,524253,N Vanua,PNG,2014-2023,57,55,2402,2085,61,4/24,,34.18,5.2,39.3,0,,4,,,2026-09-28
ODI,male,794707,DS Airee,NEP,2018-2026,82,74,2785,1883,60,4/24,,31.38,4.05,46.4,0,,1,,,2026-09-28
ODI,male,277662,CJ Anderson,NZ,2013-2017,49,43,1485,1502,60,5/63,,25.03,6.06,24.7,1,,2,,,2026-09-28
ODI,male,51782,FH Edwards,WI,2003-2009,50,49,2138,1812,60,6/22,,30.2,5.08,35.6,2,,0,,,2026-09-28
ODI,male,25451,RM Haq,SCOT,2006-2015,54,51,2633,1975,60,5/54,,32.91,4.5,43.8,1,,2,,,2026-09-28
ODI,male,1158088,Naseem Shah,PAK,2022-2025,34,33,1701,1555,60,5/33,,25.91,5.48,28.3,2,,0,,,2026-09-28
ODI,male,913853,LN Rajbanshi,NEP,2019-2026,52,47,2361,1539,60,5/20,,25.65,3.91,39.3,1,,3,,,2026-09-28
ODI,male,21646,JC Tredwell,ENG,2010-2015,45,44,2104,1666,60,4/41,,27.76,4.75,35,0,,3,,,2026-09-28
ODI,male,574178,A Dananjaya,SL,2012-2024,42,40,2115,1809,59,6/29,,30.66,5.13,35.8,2,,2,,,2026-09-28
ODI,male,48447,ALF de Mel,SL,1982-1987,57,57,2735,2237,59,5/32,,37.91,4.9,46.3,2,,1,,,2026-09-28
ODI,male,12879,NA Foster,ENG,1984-1989,48,48,2627,1836,59,3/20,,31.11,4.19,44.5,0,,0,,,2026-09-28
ODI,male,311427,Hamid Hassan,AFG,2009-2019,38,37,1734,1330,59,5/45,,22.54,4.6,29.3,1,,2,,,2026-09-28
ODI,male,56176,Tapash Baisya,BAN,2002-2007,56,56,2608,2452,59,4/16,,41.55,5.64,44.2,0,,2,,,2026-09-28
ODI,male,519070,MG Erasmus,NAM,2019-2026,74,58,2002,1559,58,5/28,,26.87,4.67,34.5,2,,1,,,2026-09-28
ODI,male,399259,AC Evans,SCOT,2009-2023,42,40,1928,1679,58,5/43,,28.94,5.22,33.2,1,,2,,,2026-09-28
ODI,male,332996,KM Jarvis,ZIM,2009-2019,49,49,2362,2088,58,4/17,,36,5.3,40.7,0,,2,,,2026-09-28
ODI,male,55675,HK Olonga,ZIM,1995-2003,50,49,2059,1977,58,6/19,,34.08,5.76,35.5,2,,2,,,2026-09-28
ODI,male,20217,GC Small,ENG,1987-1992,53,53,2793,1942,58,4/31,,33.48,4.17,48.1,0,,1,,,2026-09-28
ODI,male,585083,Zeeshan Maqsood,OMA,2019-2024,48,46,2219,1575,58,4/15,,27.15,4.25,38.2,0,,4,,,2026-09-28
ODI,male,245166,Mudassar Bukhari,NED,2007-2014,46,46,2036,1601,57,3/17,,28.08,4.71,35.7,0,,0,,,2026-09-28
ODI,male,4578,MJ Clarke,AUS,2003-2015,245,106,2585,2146,57,5/35,,37.64,4.98,45.3,1,,1,,,2026-09-28
ODI,male,272450,MR Marsh,AUS,2011-2026,104,70,2213,2036,57,5/33,,35.71,5.52,38.8,1,,1,,,2026-09-28
ODI,male,6525,GRJ Matthews,AUS,1984-1993,59,54,2808,2004,57,3/27,,35.15,4.28,49.2,0,,0,,,2026-09-28
ODI,male,450860,AF Milne,NZ,2012-2024,50,48,2242,2027,57,4/34,,35.56,5.42,39.3,0,,1,,,2026-09-28
ODI,male,31025,DS Mohanty,IND,1997-2001,45,44,1996,1662,57,4/56,,29.15,4.99,35,0,,1,,,2026-09-28
ODI,male,55652,T Mupariwa,ZIM,2004-2016,40,40,2019,1690,57,4/39,,29.64,5.02,35.4,0,,3,,,2026-09-28
ODI,male,208657,PM Seelaar,NED,2006-2022,57,57,2609,2034,57,4/15,,35.68,4.67,45.7,0,,1,,,2026-09-28
ODI,male,1241265,Aayan Afzal Khan,UAE,2022-2026,42,42,2168,1487,56,5/34,,26.55,4.11,38.7,1,,1,,,2026-09-28
ODI,male,39005,Arshad Khan,PAK,1993-2006,58,56,2823,1948,56,4/33,,34.78,4.14,50.4,0,,1,,,2026-09-28
ODI,male,772471,Jasdeep Singh,USA,2019-2026,46,45,2062,1936,56,4/18,,34.57,5.63,36.8,0,,3,,,2026-09-28
ODI,male,47539,R Telemachus,SA,1998-2006,37,37,1918,1565,56,4/43,,27.94,4.89,34.2,0,,1,,,2026-09-28
ODI,male,5017,XJ Doherty,AUS,2010-2015,60,56,2792,2224,55,4/28,,40.43,4.77,50.7,0,,3,,,2026-09-28
ODI,male,13368,AF Giles,ENG,1997-2005,62,57,2856,2069,55,5/57,,37.61,4.34,51.9,1,,0,,,2026-09-28
ODI,male,230559,KA Pollard,WI,2007-2022,123,82,2275,2161,55,3/27,,39.29,5.69,41.3,0,,0,,,2026-09-28
ODI,male,43277,Tauseef Ahmed,PAK,1982-1990,70,67,3250,2247,55,4/38,,40.85,4.14,59,0,,1,,,2026-09-28
ODI,male,47660,RN ten Doeschate,NED,2006-2011,33,33,1580,1327,55,4/31,,24.12,5.03,28.7,0,,3,,,2026-09-28
ODI,male,7946,JR Thomson,AUS,1975-1985,50,50,2696,1942,55,4/67,,35.3,4.32,49,0,,1,,,2026-09-28
ODI,male,25056,A Vala,PNG,2014-2023,66,61,2388,1579,55,3/17,,28.7,3.96,43.4,0,,0,,,2026-09-28
ODI,male,440522,LV van Beek,NED,2021-2026,38,37,1905,1715,55,4/24,,31.18,5.4,34.6,0,,4,,,2026-09-28
ODI,male,36609,JV Coney,NZ,1979-1987,88,70,2931,2039,54,4/46,,37.75,4.17,54.2,0,,1,,,2026-09-28
ODI,male,974175,Fazalhaq Farooqi,AFG,2022-2026,44,44,1866,1810,54,4/34,,33.51,5.81,34.5,0,,5,,,2026-09-28
ODI,male,793007,D Madushanka,SL,2023-2026,31,31,1380,1399,54,5/80,,25.9,6.08,25.5,1,,2,,,2026-09-28
ODI,male,47850,RE van der Merwe,NED/SA,2009-2026,46,45,2254,1707,54,3/14,,31.61,4.54,41.7,0,,0,,,2026-09-28
ODI,male,36192,AR Adams,NZ,2001-2007,42,40,1885,1643,53,5/22,,31,5.22,35.5,1,,2,,,2026-09-28
ODI,male,4582,SR Clark,AUS,2005-2009,39,38,1829,1477,53,4/54,,27.86,4.84,34.5,0,,2,,,2026-09-28
ODI,male,533862,Mohammad Naveed,UAE,2014-2019,39,39,1938,1757,53,5/28,,33.15,5.43,36.5,1,,0,,,2026-09-28
ODI,male,7083,LS Pascoe,AUS,1977-1982,29,28,1568,1066,53,5/30,,20.11,4.07,29.5,1,,4,,,2026-09-28
ODI,male,273439,SMSM Senanayake,SL,2012-2015,49,47,2358,1874,53,4/13,,35.35,4.76,44.4,0,,1,,,2026-09-28
ODI,male,671823,CB Sole,SCOT,2016-2024,31,31,1514,1288,53,4/27,,24.3,5.1,28.5,0,,3,,,2026-09-28
ODI,male,36179,GI Allott,NZ,1997-2000,31,31,1528,1207,52,4/35,,23.21,4.73,29.3,0,,4,,,2026-09-28
ODI,male,819429,Azmatullah Omarzai,AFG,2021-2026,48,47,1584,1471,52,5/58,,28.28,5.57,30.4,1,,2,,,2026-09-28
ODI,male,495551,SS Cottrell,WI,2015-2021,38,36,1722,1685,52,5/46,,32.4,5.87,33.1,1,,2,,,2026-09-28
ODI,male,261354,NM Coulter-Nile,AUS,2013-2019,32,32,1678,1555,52,4/48,,29.9,5.56,32.2,0,,1,,,2026-09-28
ODI,male,48460,KSC de Silva,SL,1996-2000,38,37,1619,1323,52,3/18,,25.44,4.9,31.1,0,,0,,,2026-09-28
ODI,male,696401,M Jansen,SA,2022-2026,34,34,1649,1757,52,5/39,,33.78,6.39,31.7,1,,0,,,2026-09-28
ODI,male,6285,DS Lehmann,AUS,1996-2005,117,62,1793,1445,52,4/7,,27.78,4.83,34.4,0,,1,,,2026-09-28
ODI,male,524075,T Lungameni,NAM,2022-2025,35,35,1632,1234,52,6/42,,23.73,4.53,31.3,1,,1,,,2026-09-28
ODI,male,6628,TM Moody,AUS,1987-1999,76,66,2797,2014,52,3/25,,38.73,4.32,53.7,0,,0,,,2026-09-28
ODI,male,917159,M Prasidh Krishna,IND,2021-2026,29,29,1412,1391,52,5/23,,26.75,5.91,27.1,1,,3,,,2026-09-28
ODI,male,681801,Shakeel Ahmed,OMA,2024-2026,24,24,1324,767,52,5/23,,14.75,3.47,25.4,1,,3,,,2026-09-28
ODI,male,51655,VC Drakes,WI,1995-2004,34,34,1640,1293,51,5/33,,25.35,4.73,32.1,2,,3,,,2026-09-28
ODI,male,385938,Kaleem Sana,CAN,2023-2026,33,32,1625,1214,51,4/30,,23.8,4.48,31.8,0,,3,,,2026-09-28
ODI,male,670045,G Motie,WI,2022-2026,42,40,2051,1641,51,5/47,,32.17,4.8,40.2,1,,2,,,2026-09-28
ODI,male,55259,AM Blignaut,ZIM,1999-2010,54,53,2348,2063,50,4/43,,41.26,5.27,46.9,0,,2,,,2026-09-28
ODI,male,407265,JH Davey,SCOT,2010-2025,33,31,1361,1111,50,6/28,,22.22,4.89,27.2,2,,1,,,2026-09-28
ODI,male,46248,JA Morkel,Afr/SA,2004-2012,58,52,2073,1899,50,4/29,,37.98,5.49,41.4,0,,2,,,2026-09-28
ODI,male,49677,T Thushara,SL,2008-2010,38,38,1676,1393,50,5/47,,27.86,4.98,33.5,1,,0,,,2026-09-28
ODI,male,37712,CD McMillan,NZ,1997-2007,197,74,1879,1717,49,3/20,,35.04,5.48,38.3,0,,0,,,2026-09-28
ODI,male,348148,Mohammad Nawaz (3),PAK,2016-2025,44,44,2097,1789,49,4/19,,36.51,5.11,42.7,0,,3,,,2026-09-28
ODI,male,315594,AR Nurse,WI,2016-2019,54,49,2384,2125,49,4/51,,43.36,5.34,48.6,0,,2,,,2026-09-28
ODI,male,38141,JS Patel,NZ,2005-2017,43,42,2014,1691,49,3/11,,34.51,5.03,41.1,0,,0,,,2026-09-28
ODI,male,391832,RL Chase,WI,2017-2026,72,62,2608,2153,48,3/30,,44.85,4.95,54.3,0,,0,,,2026-09-28
ODI,male,465793,DM de Silva,SL,2016-2026,93,78,2370,2011,48,3/32,,41.89,5.09,49.3,0,,0,,,2026-09-28
ODI,male,11893,GR Dilley,ENG,1979-1988,36,36,2043,1291,48,4/23,,26.89,3.79,42.5,0,,3,,,2026-09-28
ODI,male,24697,JK Kamande,KENYA,1999-2011,86,71,2619,2169,48,4/36,,45.18,4.96,54.5,0,,1,,,2026-09-28
ODI,male,6282,S Lee,AUS,1995-2001,45,43,1706,1245,48,5/33,,25.93,4.37,35.5,1,,1,,,2026-09-28
ODI,male,24237,JF Mooney,IRE,2006-2015,64,50,1797,1635,48,4/27,,34.06,5.45,37.4,0,,2,,,2026-09-28
ODI,male,439952,CH Morris,SA,2013-2019,42,40,1894,1756,48,4/31,,36.58,5.56,39.4,0,,2,,,2026-09-28
ODI,male,325012,MP Stoinis,AUS,2015-2024,71,64,2071,2070,48,3/16,,43.12,5.99,43.1,0,,0,,,2026-09-28
ODI,male,370040,JDF Vandersay,SL,2015-2026,32,30,1425,1267,48,6/33,,26.39,5.33,29.6,1,,1,,,2026-09-28
ODI,male,12909,ARC Fraser,ENG,1989-1999,42,42,2392,1412,47,4/22,,30.04,3.54,50.8,0,,1,,,2026-09-28
ODI,male,56149,Shahadat Hossain,BAN,2006-2013,51,50,2198,2143,47,3/34,,45.59,5.84,46.7,0,,0,,,2026-09-28
ODI,male,461632,RJW Topley,ENG,2015-2024,30,30,1392,1257,47,6/24,,26.74,5.41,29.6,1,,2,,,2026-09-28
ODI,male,26225,M Amarnath,IND,1975-1989,85,64,2730,1971,46,3/12,,42.84,4.33,59.3,0,,0,,,2026-09-28
ODI,male,36592,PW Borren,NED,2006-2014,58,51,1979,1620,46,4/32,,35.21,4.91,43,0,,1,,,2026-09-28
ODI,male,326968,MG Bracewell,NZ,2022-2026,48,43,1936,1591,46,4/26,,34.58,4.93,42,0,,2,,,2026-09-28
ODI,male,27641,N Chopra,IND,1998-2000,39,37,1835,1286,46,5/21,,27.95,4.2,39.8,1,,1,,,2026-09-28
ODI,male,786925,AM Fernando,SL,2017-2026,34,33,1431,1434,46,4/35,,31.17,6.01,31.1,0,,1,,,2026-09-28
ODI,male,288992,CJ Jordan,ENG,2013-2022,35,35,1660,1660,46,5/29,,36.08,6,36,1,,0,,,2026-09-28
ODI,male,52430,NAM McLean,WI,1996-2003,45,45,2120,1729,46,3/21,,37.58,4.89,46,0,,0,,,2026-09-28
ODI,male,387420,Mirwais Ashraf,AFG,2009-2016,46,45,2009,1360,46,4/35,,29.56,4.06,43.6,0,,1,,,2026-09-28
ODI,male,41411,Mohammad Asif,Asia/PAK,2005-2010,38,36,1941,1524,46,3/28,,33.13,4.71,42.1,0,,0,,,2026-09-28
ODI,male,38060,SB O'Connor,NZ,1997-2000,38,38,1487,1396,46,5/39,,30.34,5.63,32.3,2,,1,,,2026-09-28
ODI,male,318339,Samiullah Shinwari,AFG,2009-2019,84,65,2111,1729,46,4/31,,37.58,4.91,45.8,0,,1,,,2026-09-28
ODI,male,55756,BC Strang,ZIM,1995-2001,49,48,2494,1718,46,6/20,,37.34,4.13,54.2,1,,1,,,2026-09-28
ODI,male,8220,MR Whitney,AUS,1983-1993,38,38,2106,1249,46,4/34,,27.15,3.55,45.7,0,,2,,,2026-09-28
ODI,male,10881,RDB Croft,ENG,1996-2001,50,49,2466,1743,45,3/51,,38.73,4.24,54.8,0,,0,,,2026-09-28
ODI,male,1036191,BFW de Leede,NED,2018-2026,61,43,1521,1499,45,5/52,,33.31,5.91,33.8,1,,1,,,2026-09-28
ODI,male,1195670,K Klein,NED,2024-2026,25,23,1132,916,45,4/32,,20.35,4.85,25.1,0,,3,,,2026-09-28
ODI,male,49552,GF Labrooy,SL,1986-1992,44,44,2308,1876,45,5/57,,41.68,4.87,51.2,1,,1,,,2026-09-28
ODI,male,52622,NO Miller,WI,2008-2018,50,46,2125,1660,45,4/43,,36.88,4.68,47.2,0,,2,,,2026-09-28
ODI,male,18256,CM Old,ENG,1973-1981,32,31,1755,999,45,4/8,,22.2,3.41,39,0,,2,,,2026-09-28
ODI,male,212175,H Osinde,CAN,2006-2013,42,41,1692,1389,45,4/26,,30.86,4.92,37.6,0,,2,,,2026-09-28
ODI,male,38118,DN Patel,NZ,1987-1997,75,69,3251,2261,45,3/22,,50.24,4.17,72.2,0,,0,,,2026-09-28
ODI,male,55740,EC Rainsford,ZIM,2004-2010,39,39,1907,1401,45,5/36,,31.13,4.4,42.3,1,,1,,,2026-09-28
ODI,male,1152427,DN Wellalage,SL,2022-2026,37,36,1673,1446,45,5/27,,32.13,5.18,37.1,2,,1,,,2026-09-28
ODI,male,55846,AR Whittall,ZIM,1996-2000,63,62,3085,2251,45,3/23,,50.02,4.37,68.5,0,,0,,,2026-09-28
ODI,male,355583,HS Baidwan,CAN,2008-2014,32,32,1551,1348,44,3/19,,30.63,5.21,35.2,0,,0,,,2026-09-28
ODI,male,4923,SP Davis,AUS,1986-1988,39,39,2016,1133,44,3/10,,25.75,3.37,45.8,0,,0,,,2026-09-28
ODI,male,44960,S Elworthy,SA,1998-2002,39,37,1702,1235,44,3/17,,28.06,4.35,38.6,0,,0,,,2026-09-28
ODI,male,51898,AH Gray,WI,1985-1991,25,24,1270,835,44,6/50,,18.97,3.94,28.8,1,,2,,,2026-09-28
ODI,male,5779,RJ Harris,AUS,2009-2012,21,20,1031,832,44,5/19,,18.9,4.84,23.4,3,,0,,,2026-09-28
ODI,male,227758,Imad Wasim,PAK,2015-2020,55,53,2403,1957,44,5/14,,44.47,4.88,54.6,1,,0,,,2026-09-28
ODI,male,1199304,JNT Seales,WI,2022-2026,34,32,1448,1401,44,6/18,,31.84,5.8,32.9,1,,2,,,2026-09-28
ODI,male,16899,VJ Marks,ENG,1980-1988,34,32,1838,1135,44,5/20,,25.79,3.7,41.7,2,,0,,,2026-09-28
ODI,male,56056,Nazmul Hossain,BAN,2004-2012,38,37,1649,1386,44,4/40,,31.5,5.04,37.4,0,,1,,,2026-09-28
ODI,male,18627,DR Pringle,ENG,1982-1993,44,44,2379,1677,44,4/42,,38.11,4.22,54,0,,1,,,2026-09-28
ODI,male,47215,RP Snell,SA,1991-1996,42,42,2095,1574,44,5/40,,35.77,4.5,47.6,1,,2,,,2026-09-28
ODI,male,55825,DP Viljoen,ZIM,1997-2001,53,46,2075,1639,44,3/20,,37.25,4.73,47.1,0,,0,,,2026-09-28
ODI,male,51100,JC Adams,WI,1992-2001,127,56,1856,1499,43,5/37,,34.86,4.84,43.1,1,,0,,,2026-09-28
ODI,male,1209110,Basil Hameed,UAE,2019-2024,48,40,1378,957,43,5/17,,22.25,4.16,32,1,,2,,,2026-09-28
ODI,male,457249,CR Brathwaite,WI,2011-2019,44,40,1825,1766,43,5/27,,41.06,5.8,42.4,1,,2,,,2026-09-28
ODI,male,662973,SM Curran,ENG,2018-2026,44,44,1681,1725,43,5/48,,40.11,6.15,39,1,,2,,,2026-09-28
ODI,male,1253822,Gulsan Jha,NEP,2021-2026,53,47,1449,1441,43,5/38,,33.51,5.96,33.6,2,,0,,,2026-09-28
ODI,male,1185538,Mohammad Wasim (1),PAK,2022-2026,27,27,1287,1175,43,4/36,,27.32,5.47,29.9,0,,1,,,2026-09-28
ODI,male,499594,CAK Rajitha,SL,2018-2023,34,34,1527,1553,43,4/50,,36.11,6.1,35.5,0,,2,,,2026-09-28
ODI,male,319746,Shapoor Zadran,AFG,2009-2019,44,44,1983,1589,43,4/24,,36.95,4.8,46.1,0,,2,,,2026-09-28
ODI,male,303427,PR Stirling,IRE,2008-2026,174,76,2441,1942,43,6/55,,45.16,4.77,56.7,1,,1,,,2026-09-28
ODI,male,24725,MA Suji,KENYA,1996-2006,64,64,2952,2190,43,4/24,,50.93,4.45,68.6,0,,1,,,2026-09-28
ODI,male,51110,KLT Arthurton,WI,1988-1999,105,44,1384,1159,42,4/31,,27.59,5.02,32.9,0,,3,,,2026-09-28
ODI,male,44102,AC Botha,IRE,2006-2011,42,33,1560,1134,42,4/19,,27,4.36,37.1,0,,2,,,2026-09-28
ODI,male,228622,JW Hastings,AUS,2010-2017,29,29,1486,1256,42,6/45,,29.9,5.07,35.3,1,,1,,,2026-09-28
ODI,male,1077307,Kaleemullah,OMA,2019-2024,46,46,2052,1482,42,3/43,,35.28,4.33,48.8,0,,0,,,2026-09-28
ODI,male,585081,Khawar Ali,OMA,2019-2022,34,34,1591,1265,42,5/15,,30.11,4.77,37.8,1,,1,,,2026-09-28
ODI,male,784375,CBRLS Kumara,SL,2017-2025,32,32,1299,1404,42,4/48,,33.42,6.48,30.9,0,,1,,,2026-09-28
ODI,male,629070,Mohammad Saifuddin,BAN,2017-2026,30,29,1338,1310,42,4/41,,31.19,5.87,31.8,0,,1,,,2026-09-28
ODI,male,233258,NK Patel,USA,2019-2023,41,39,1615,1281,42,4/30,,30.5,4.75,38.4,0,,1,,,2026-09-28
ODI,male,38613,SA Thomson,NZ,1990-1996,56,51,2121,1602,42,3/14,,38.14,4.53,50.5,0,,0,,,2026-09-28
ODI,male,440963,Aftab Alam,AFG,2010-2019,27,27,1257,1033,41,4/25,,25.19,4.93,30.6,0,,1,,,2026-09-28
ODI,male,25087,JAR Blain,SCOT,1999-2009,33,32,1329,1173,41,5/22,,28.6,5.29,32.4,1,,1,,,2026-09-28
ODI,male,10816,DG Cork,ENG,1992-2002,32,32,1772,1368,41,3/27,,33.36,4.63,43.2,0,,0,,,2026-09-28
ODI,male,51487,CE Cuffy,WI,1994-2002,41,41,2153,1436,41,4/24,,35.02,4,52.5,0,,1,,,2026-09-28
ODI,male,51738,S Dhaniram,CAN,2006-2010,44,41,1769,1240,41,5/32,,30.24,4.2,43.1,1,,1,,,2026-09-28
ODI,male,55414,SM Ervine,ZIM,2001-2004,42,40,1649,1561,41,3/29,,38.07,5.67,40.2,0,,0,,,2026-09-28
ODI,male,51891,HA Gomes,WI,1978-1987,83,36,1345,1045,41,4/31,,25.48,4.66,32.8,0,,2,,,2026-09-28
ODI,male,46945,VD Philander,SA,2007-2015,30,28,1279,986,41,4/12,,24.04,4.62,31.1,0,,2,,,2026-09-28
ODI,male,402245,Amir Hamza,AFG,2012-2017,31,31,1552,1016,40,4/17,,25.4,3.92,38.8,0,,1,,,2026-09-28
ODI,male,48122,RP Arnold,SL,1997-2007,180,84,2157,1739,40,3/47,,43.47,4.83,53.9,0,,0,,,2026-09-28
ODI,male,10582,RS Bopara,ENG,2007-2015,120,74,1860,1523,40,4/38,,38.07,4.91,46.5,0,,1,,,2026-09-28
ODI,male,547766,JA Duffy,NZ,2022-2026,24,24,1036,1012,40,3/35,,25.3,5.86,25.9,0,,0,,,2026-09-28
ODI,male,826915,NT Ellis,AUS,2022-2026,27,27,1330,1158,40,5/31,,28.95,5.22,33.2,1,,1,,,2026-09-28
ODI,male,751151,Hamza Tahir,SCOT,2019-2023,31,30,1454,1033,40,5/38,,25.82,4.26,36.3,1,,2,,,2026-09-28
ODI,male,541224,LM Jongwe,ZIM,2014-2024,43,39,1415,1339,40,5/6,,33.47,5.67,35.3,1,,0,,,2026-09-28
ODI,male,416103,VJ Kingma,NED,2014-2025,30,30,1364,1154,40,3/19,,28.85,5.07,34.1,0,,0,,,2026-09-28
ODI,male,42879,Saleem Jaffar,PAK,1986-1990,39,39,1900,1382,40,3/25,,34.55,4.36,47.5,0,,0,,,2026-09-28
ODI,male,348133,SR Taylor,USA,2019-2024,49,44,1598,1201,40,4/23,,30.02,4.5,39.9,0,,1,,,2026-09-28
T20I,male,793463,Rashid Khan,AFG/ICC,2015-2026,118,118,,2763,197,5/3,,14.02,6.14,13.7,2,,9,449.5,2,2026-09-28
T20I,male,244497,AU Rashid,ENG,2009-2026,153,146,,4006,171,4/2,,23.42,7.56,18.5,0,,4,529.4,5,2026-09-28
T20I,male,559066,IS Sodhi,NZ,2014-2026,142,135,,3798,165,4/12,,23.01,8.16,16.9,0,,4,465.2,0,2026-09-28
T20I,male,232364,TG Southee,NZ,2008-2024,126,123,,3671,164,5/18,,22.38,8,16.7,2,,2,458.5,7,2026-09-28
T20I,male,784379,PW Hasaranga,SL,2019-2026,101,99,,2647,163,4/9,,16.23,7.09,13.7,0,,5,373.0,2,2026-09-28
T20I,male,330902,Mustafizur Rahman,BAN,2015-2026,128,127,,3363,160,6/10,,21.01,7.27,17.3,2,,3,462.0,8,2026-09-28
T20I,male,40082,Ehsan Khan,HKG,2016-2026,114,112,,2480,155,4/5,,16,6.16,15.5,0,,8,402.3,6,2026-09-28
T20I,male,379504,A Zampa,AUS,2016-2026,118,115,,3113,153,5/19,,20.34,7.35,16.5,1,,5,423.1,2,2026-09-28
T20I,male,56143,Shakib Al Hasan,BAN,2006-2024,129,126,,3117,149,5/20,,20.91,6.81,18.4,2,,6,457.3,3,2026-09-28
T20I,male,1344829,Rizwan Butt,BHR,2022-2026,95,94,,2306,145,6/9,,15.9,6.78,14,4,,4,339.5,9,2026-09-28
T20I,male,526441,MR Adair,IRE,2019-2026,100,100,,2812,142,4/13,,19.8,7.82,15.1,0,,4,359.3,3,2026-09-28
T20I,male,960361,S Lamichhane,ICC/NEP,2018-2026,80,79,,1830,142,5/9,,12.88,6.12,12.6,2,,3,298.4,11,2026-09-28
T20I,male,502714,MJ Santner,NZ,2015-2026,138,133,,3387,142,4/11,,23.85,7.17,19.9,0,,3,472.0,3,2026-09-28
T20I,male,1125976,Arshdeep Singh,IND,2022-2026,94,91,,2769,140,5/51,,19.77,8.51,13.9,1,,2,325.1,4,2026-09-28
T20I,male,308515,SO Ngoche,KENYA,2010-2026,120,116,,2305,136,4/14,,16.94,5.73,17.7,0,,3,401.4,17,2026-09-28
T20I,male,1072470,Shaheen Shah Afridi,PAK,2018-2026,103,103,,2904,136,4/22,,21.35,7.83,16.3,0,,3,370.3,3,2026-09-28
T20I,male,1161606,Haris Rauf,PAK,2020-2025,94,92,,2807,133,4/18,,21.1,8.38,15.1,0,,5,334.5,2,2026-09-28
T20I,male,633660,Virandeep Singh,MAS,2019-2026,126,104,,1799,130,4/5,,13.83,5.42,15.3,0,,4,331.3,11,2026-09-28
T20I,male,1203754,Junaid Siddique,UAE,2019-2026,91,91,,2562,126,5/35,,20.33,7.63,15.9,1,,5,335.3,3,2026-09-28
T20I,male,625383,JJ Bumrah,IND,2016-2026,98,95,,2255,124,4/15,,18.18,6.52,16.7,0,,1,345.4,13,2026-09-28
T20I,male,806241,R Ngarava,ZIM,2019-2026,98,96,,2578,124,4/16,,20.79,7.45,16.7,0,,3,345.4,12,2026-09-28
T20I,male,420490,H Ssenyondo,UGA,2019-2025,95,91,,1681,124,5/8,,13.55,5.25,15.4,1,,7,320.1,11,2026-09-28
T20I,male,922943,Shadab Khan,PAK,2017-2026,124,115,,2991,123,4/8,,24.31,7.4,19.7,0,,3,404.1,3,2026-09-28
T20I,male,593296,Ali Dawood,BHR,2023-2026,79,79,,1769,120,7/19,,14.74,6.25,14.1,1,,6,282.4,8,2026-09-28
T20I,male,1155599,M Akayezu,RWN,2021-2026,115,105,,2506,117,4/9,,21.41,7.81,16.4,0,,3,320.5,7,2026-09-28
T20I,male,827051,B Muzarabani,ZIM,2018-2026,99,96,,2555,117,4/17,,21.83,7.26,18,0,,2,351.3,9,2026-09-28
T20I,male,625371,HH Pandya,IND,2016-2026,138,125,,3093,114,4/16,,27.13,8.34,19.5,0,,3,370.5,5,2026-09-28
T20I,male,633641,Pavandeep Singh,MAS,2019-2026,94,94,,2095,114,4/3,,18.37,6,18.3,0,,3,348.5,11,2026-09-28
T20I,male,299572,Sikandar Raza,ZIM,2013-2026,144,130,,2862,114,5/18,,25.1,7.01,21.4,1,,2,408.0,5,2026-09-28
T20I,male,391485,JO Holder,WI,2014-2026,98,94,,2970,112,5/27,,26.51,8.64,18.4,1,,5,343.3,2,2026-09-28
T20I,male,800675,Karan KC,NEP,2015-2026,92,92,,2300,112,5/21,,20.53,7.76,15.8,1,,3,296.1,7,2026-09-28
T20I,male,25913,Mohammad Nabi,AFG,2010-2026,155,141,,3129,111,4/7,,28.18,7.43,22.7,0,,4,420.4,5,2026-09-28
T20I,male,937953,Bilal Khan,OMA,2015-2024,79,78,,1919,110,4/19,,17.44,6.78,15.4,0,,3,283.0,7,2026-09-28
T20I,male,288992,CJ Jordan,ENG,2014-2024,95,94,,2847,108,4/6,,26.36,8.74,18,0,,4,325.3,2,2026-09-28
T20I,male,49758,SL Malinga,SL,2006-2020,84,83,,2225,107,5/6,,20.79,7.42,16.8,2,,1,299.5,1,2026-09-28
T20I,male,538506,Taskin Ahmed,BAN,2014-2026,90,88,,2464,106,4/16,,23.24,7.76,17.9,0,,3,317.2,4,2026-09-28
T20I,male,554691,AR Patel,IND,2015-2026,105,98,,2366,105,3/9,,22.53,7.49,18,0,,0,315.4,4,2026-09-28
T20I,male,401540,Aizaz Khan,HKG,2014-2026,103,92,,2260,104,4/26,,21.73,7.93,16.4,0,,2,284.5,4,2026-09-28
T20I,male,1101783,Aqib Iqbal,AUT,2019-2026,94,92,,2232,103,5/5,,21.66,6.84,19,1,,0,326.1,9,2026-09-28
T20I,male,1151261,Z Bimenyimana,RWN,2021-2026,110,108,,2344,102,3/2,,22.98,7.11,19.3,0,,0,329.3,10,2026-09-28
T20I,male,1178061,AR Ramjani,UGA,2022-2025,65,63,,1070,102,5/17,,10.49,4.79,13.1,1,,4,223.1,10,2026-09-28
T20I,male,348148,Mohammad Nawaz (3),PAK,2016-2026,98,92,,2109,101,5/18,,20.88,7.18,17.4,2,,0,293.2,2,2026-09-28
T20I,male,552152,PVD Chameera,SL,2015-2026,82,82,,2437,99,5/24,,24.61,8.17,18,1,,2,298.1,1,2026-09-28
T20I,male,1167318,DJ Hawoe,INA,2022-2026,111,106,,2260,98,4/18,,23.06,7.24,19.1,0,,2,312.0,6,2026-09-28
T20I,male,42639,Shahid Afridi,ICC/PAK,2006-2018,99,97,,2396,98,4/11,,24.44,6.63,22.1,0,,3,361.2,4,2026-09-28
T20I,male,1167320,F Banunaek,INA,2022-2026,105,104,,2206,96,4/17,,22.97,6.96,19.7,0,,1,316.3,5,2026-09-28
T20I,male,430246,YS Chahal,IND,2016-2023,80,79,,2409,96,6/25,,25.09,8.19,18.3,1,,2,294.0,2,2026-09-28
T20I,male,1143529,Imran Anwar,BHR,2019-2026,106,102,,2243,96,4/24,,23.36,7.38,18.9,0,,1,303.5,6,2026-09-28
T20I,male,1400992,Muhammad Nadir,RWN,2023-2026,84,84,,1552,96,4/10,,16.16,4.89,19.8,0,,1,317.1,19,2026-09-28
T20I,male,731523,DM Nakrani,UGA,2019-2025,82,76,,1468,96,6/7,,15.29,5.68,16.1,2,,2,258.0,10,2026-09-28
T20I,male,559235,Kuldeep Yadav,IND,2017-2026,54,52,,1306,95,5/17,,13.74,6.95,11.8,2,,3,187.5,2,2026-09-28
T20I,male,1280671,E Rukiriza,RWN,2023-2026,90,87,,1776,95,5/11,,18.69,6.31,17.7,2,,4,281.1,3,2026-09-28
T20I,male,530812,AJ Hosein,WI,2021-2026,99,95,,2500,94,5/11,,26.59,7.43,21.4,1,,2,336.2,3,2026-09-28
T20I,male,659081,MRJ Watt,SCOT,2015-2026,83,80,,2067,94,5/27,,21.98,7.09,18.5,1,,2,291.1,4,2026-09-28
T20I,male,348034,GH Dockrell,IRE,2010-2026,159,100,,2012,91,4/20,,22.1,6.97,19,0,,1,288.2,1,2026-09-28
T20I,male,470752,AM Kimote,TAN,2021-2026,81,75,,1444,90,4/13,,16.04,6.88,13.9,0,,2,209.4,4,2026-09-28
T20I,male,326016,B Kumar,IND,2012-2022,87,86,,2079,90,5/4,,23.1,6.96,19.9,2,,3,298.3,10,2026-09-28
T20I,male,542023,L Ngidi,SA,2017-2026,64,64,,1866,90,5/39,,20.73,8.61,14.4,1,,3,216.3,1,2026-09-28
T20I,male,379145,T Shamsi,SA,2017-2024,70,70,,1860,89,5/24,,20.89,7.39,16.9,1,,3,251.3,1,2026-09-28
T20I,male,701215,Sompal Kami,NEP,2014-2026,93,92,,2076,89,3/20,,23.32,7.15,19.5,0,,0,290.0,6,2026-09-28
T20I,male,1090866,S Vijay Unni,MAS,2022-2026,84,83,,1650,88,4/6,,18.75,6.25,17.9,0,,3,263.5,5,2026-09-28
T20I,male,637478,D Maisuria,BOT,2019-2026,53,50,,1002,87,5/18,,11.51,5.91,11.6,2,,4,169.3,6,2026-09-28
T20I,male,974109,Mujeeb Ur Rahman,AFG,2018-2026,68,68,,1673,87,5/20,,19.22,6.67,17.2,1,,3,250.4,2,2026-09-28
T20I,male,414969,CW Perchard,JER,2019-2026,58,56,,1199,87,5/17,,13.78,6.21,13.3,1,,3,193.0,1,2026-09-28
T20I,male,414970,SM Sharif,SCOT,2012-2026,78,77,,2124,87,4/24,,24.41,8.11,18,0,,2,261.4,2,2026-09-28
T20I,male,364343,CA Young,IRE,2015-2026,73,71,,1935,87,4/13,,22.24,8.12,16.4,0,,3,238.1,1,2026-09-28
T20I,male,348109,PA van Meekeren,NED,2013-2026,78,76,,1831,86,4/11,,21.29,7.06,18,0,,2,259.0,5,2026-09-28
T20I,male,1178080,Vraj Patel,KENYA,2021-2025,64,63,,1217,86,5/12,,14.15,5.29,16,1,,1,230.0,8,2026-09-28
T20I,male,233904,Yasim Murtaza,HKG,2022-2026,82,79,,1734,86,4/9,,20.16,6.27,19.2,0,,1,276.3,5,2026-09-28
T20I,male,359649,MNM Aslam,KUW,2019-2026,78,77,,1664,85,4/5,,19.57,6.19,18.9,0,,3,268.4,8,2026-09-28
T20I,male,1101794,Bilal Zalmai,AUT,2019-2026,74,71,,1865,85,4/12,,21.94,6.91,19,0,,2,269.5,3,2026-09-28
T20I,male,928067,JB Little,IRE,2016-2026,77,76,,2138,85,4/23,,25.15,7.58,19.9,0,,2,282.0,3,2026-09-28
T20I,male,440162,LN Oluoch,KENYA,2013-2026,84,79,,1660,85,5/20,,19.52,7.15,16.3,1,,3,232.1,3,2026-09-28
T20I,male,42699,Saeed Ajmal,PAK,2009-2015,64,63,,1516,85,4/19,,17.83,6.36,16.8,0,,4,238.2,2,2026-09-28
T20I,male,330223,BM Scholtz,NAM,2019-2026,85,83,,1823,85,4/12,,21.44,6.38,20.1,0,,2,285.4,0,2026-09-28
T20I,male,43524,Umar Gul,PAK,2007-2016,60,60,,1443,85,5/6,,16.97,7.19,14.1,2,,4,200.3,2,2026-09-28
T20I,male,637526,IO Okpe,NGA,2019-2026,90,85,,1661,84,5/25,,19.77,6.78,17.4,1,,0,244.4,4,2026-09-28
T20I,male,1138316,M Theekshana,SL,2021-2026,87,87,,2319,84,3/17,,27.6,7.11,23.2,0,,0,326.0,1,2026-09-28
T20I,male,277912,TA Boult,NZ,2013-2024,61,61,,1779,83,4/13,,21.43,7.68,16.7,0,,2,231.3,4,2026-09-28
T20I,male,550215,K Rabada,SA,2014-2026,79,79,,2378,83,3/18,,28.65,8.4,20.4,0,,0,282.5,3,2026-09-28
T20I,male,677077,R Shepherd,WI,2020-2026,81,74,,2281,81,5/20,,28.16,10.04,16.8,1,,1,227.0,0,2026-09-28
T20I,male,1139523,Rishad Hossain,BAN,2023-2026,62,60,,1700,80,4/26,,21.25,8.18,15.5,0,,1,207.4,1,2026-09-28
T20I,male,288284,JR Hazlewood,AUS,2013-2025,60,59,,1680,79,4/12,,21.26,7.47,17,0,,4,224.4,7,2026-09-28
T20I,male,311592,MA Starc,AUS,2012-2024,65,65,,1881,79,4/20,,23.81,7.74,18.4,0,,1,243.0,2,2026-09-28
T20I,male,868003,Syed Aziz,MAS,2019-2026,132,84,,1835,79,4/9,,23.22,7.35,18.9,0,,2,249.3,7,2026-09-28
T20I,male,51439,DJ Bravo,WI,2006-2021,91,77,,2036,78,4/19,,26.1,8.11,19.2,0,,3,250.5,0,2026-09-28
T20I,male,1183927,Muslim Yar,GER,2019-2026,63,63,,1364,78,4/20,,17.48,6.43,16.2,0,,1,211.5,5,2026-09-28
T20I,male,307745,N Senamontree,THA,2020-2026,59,56,,1137,78,4/9,,14.57,5.58,15.6,0,,3,203.4,13,2026-09-28
T20I,male,553821,JJ Smit,NAM,2019-2026,78,58,,1395,78,6/10,,17.88,7.06,15.1,1,,2,197.3,2,2026-09-28
T20I,male,493773,LH Ferguson,NZ,2017-2026,54,53,,1355,76,5/21,,17.82,7.33,14.5,1,,2,184.5,6,2026-09-28
T20I,male,26139,F Nsubuga,UGA,2019-2025,72,71,,1158,76,3/8,,15.23,4.71,19.4,0,,0,245.5,19,2026-09-28
T20I,male,359746,Saad Bin Zafar,CAN,2019-2026,69,66,,1432,76,3/8,,18.84,6.14,18.3,0,,0,233.0,9,2026-09-28
T20I,male,1163154,Sami Sohail,MWI,2019-2026,75,61,,1279,76,4/6,,16.82,6.88,14.6,0,,2,185.4,6,2026-09-28
T20I,male,1058508,A Bohara,NEP,2019-2024,62,59,,1478,75,6/11,,19.7,7.32,16.1,1,,2,201.4,2,2026-09-28
T20I,male,1175831,D Jakiel,MWI/ZIM,2019-2026,55,55,,1308,75,5/9,,17.44,6.96,15,2,,4,187.5,5,2026-09-28
T20I,male,833087,Mahedi Hasan,BAN,2018-2026,76,74,,1812,75,4/11,,24.16,6.81,21.2,0,,2,265.5,4,2026-09-28
T20I,male,1089938,M Mooketsi,BOT,2019-2026,64,62,,1362,75,4/16,,18.16,6.09,17.8,0,,2,223.2,11,2026-09-28
T20I,male,47850,RE van der Merwe,NED/SA,2009-2026,71,69,,1481,75,4/35,,19.74,6.63,17.8,0,,1,223.1,1,2026-09-28
T20I,male,1108375,CV Varun,IND,2021-2026,49,46,,1301,75,5/17,,17.34,7.58,13.7,2,,1,171.3,1,2026-09-28
T20I,male,1204010,Waseem Abbas,MLT,2019-2025,61,61,,1689,75,5/37,,22.52,7.96,16.9,1,,1,212.0,2,2026-09-28
T20I,male,1273409,K Irakoze,RWN,2021-2024,75,72,,1416,74,4/20,,19.13,6.55,17.5,0,,3,216.0,5,2026-09-28
T20I,male,1230629,Khalid Ahmadi,BEL,2020-2026,46,45,,1082,74,4/5,,14.62,6.67,13.1,0,,3,162.1,1,2026-09-28
T20I,male,662973,SM Curran,ENG,2019-2026,80,75,,1965,73,5/10,,26.91,8.67,18.6,1,,0,226.3,2,2026-09-28
T20I,male,227758,Imad Wasim,PAK,2015-2024,75,74,,1588,73,5/14,,21.75,6.2,21,1,,1,256.0,4,2026-09-28
T20I,male,348059,BJ McCarthy,IRE,2017-2026,69,69,,2138,73,4/30,,29.28,8.66,20.2,0,,2,246.5,3,2026-09-28
T20I,male,26421,R Ashwin,IND,2010-2022,65,65,,1672,72,4/8,,23.22,6.9,20.1,0,,2,242.0,3,2026-09-28
T20I,male,681305,Hasan Ali,PAK,2016-2025,57,56,,1678,72,5/30,,23.3,8.71,16,1,,1,192.3,5,2026-09-28
T20I,male,1143139,SA Okpe,NGA,2019-2026,85,79,,1340,72,5/9,,18.61,5.89,18.9,1,,1,227.3,9,2026-09-28
T20I,male,384525,Zahoor Khan,UAE,2017-2023,57,57,,1406,72,4/16,,19.52,6.8,17.2,0,,2,206.3,1,2026-09-28
T20I,male,710767,Abdul Majid,BHR,2023-2026,82,80,,1586,71,4/19,,22.33,5.54,24.1,0,,1,286.1,12,2026-09-28
T20I,male,1155526,P Aho,NGA,2021-2026,66,65,,1216,71,6/5,,17.12,6.07,16.9,1,,2,200.1,11,2026-09-28
T20I,male,290948,Mohammad Amir,PAK,2009-2024,62,61,,1558,71,4/13,,21.94,7.07,18.6,0,,1,220.1,6,2026-09-28
T20I,male,1178055,YM Nkanya,TAN,2022-2026,55,53,,904,71,5/2,,12.73,5.1,14.9,1,,3,177.0,8,2026-09-28
T20I,male,1175441,Ravi Bishnoi,IND,2022-2026,52,51,,1445,71,4/13,,20.35,7.49,16.2,0,,2,192.5,3,2026-09-28
T20I,male,519070,MG Erasmus,NAM,2019-2026,92,67,,1149,70,4/20,,16.41,6.12,16,0,,1,187.3,1,2026-09-28
T20I,male,1284540,Ishtiaq Ahmad,KSA,2021-2025,51,49,,1189,69,5/27,,17.23,6.89,14.9,1,,1,172.2,3,2026-09-28
T20I,male,1178060,J Miyagi,UGA,2022-2026,49,48,,1000,69,3/7,,14.49,6.29,13.8,0,,0,158.5,3,2026-09-28
T20I,male,990039,Shoriful Islam,BAN,2021-2026,63,61,,1671,69,3/17,,24.21,8.13,17.8,0,,0,205.2,2,2026-09-28
T20I,male,669855,JC Archer,ENG,2019-2026,51,51,,1564,68,4/33,,23,8.33,16.5,0,,1,187.4,3,2026-09-28
T20I,male,1163153,MA Baig,MWI,2019-2025,44,43,,727,68,6/9,,10.69,4.89,13.1,3,,2,148.3,3,2026-09-28
T20I,male,1194056,Amjad Sher,FIN,2019-2026,56,54,,1274,67,4/12,,19.01,6.25,18.2,0,,1,203.4,10,2026-09-28
T20I,male,793447,Naveen-ul-Haq,AFG,2019-2024,48,48,,1255,67,4/20,,18.73,7.78,14.4,0,,2,161.1,2,2026-09-28
T20I,male,1283582,G Sesay,SLE,2021-2026,53,51,,961,67,4/6,,14.34,6.07,14.1,0,,2,158.1,7,2026-09-28
T20I,male,1338587,IKEG Artawan,INA,2022-2026,94,82,,1545,66,4/12,,23.4,6.99,20,0,,1,221.0,0,2026-09-28
T20I,male,489889,PJ Cummins,AUS,2011-2024,57,57,,1556,66,3/15,,23.57,7.44,19,0,,0,209.0,4,2026-09-28
T20I,male,974175,Fazalhaq Farooqi,AFG,2021-2026,57,57,,1414,66,5/9,,21.42,7.19,17.8,1,,1,196.3,4,2026-09-28
T20I,male,541224,LM Jongwe,ZIM,2015-2024,65,57,,1469,66,4/18,,22.25,8.64,15.4,0,,1,170.0,0,2026-09-28
T20I,male,49535,KMDN Kulasekara,SL,2008-2017,58,58,,1530,66,4/31,,23.18,7.45,18.6,0,,2,205.1,6,2026-09-28
T20I,male,1107651,C Kyewuta,UGA,2021-2026,50,50,,1124,66,4/5,,17.03,6.84,14.9,0,,4,164.1,5,2026-09-28
T20I,male,268739,BAW Mendis,SL,2008-2014,39,39,,952,66,6/8,,14.42,6.45,13.4,2,,3,147.3,5,2026-09-28
T20I,male,1328735,YI Patel,KUW,2022-2026,57,57,,1278,66,4/22,,19.36,6.01,19.3,0,,1,212.2,1,2026-09-28
T20I,male,524253,N Vanua,PNG,2015-2024,58,53,,1255,66,5/17,,19.01,7.22,15.7,1,,2,173.4,4,2026-09-28
T20I,male,1112212,B Ward,JER,2019-2026,48,47,,974,66,4/6,,14.75,5.69,15.5,0,,3,171.1,6,2026-09-28
T20I,male,1151338,Bilal Hassun,UGA,2021-2024,46,44,,910,65,4/17,,14,6.46,12.9,0,,3,140.4,6,2026-09-28
T20I,male,10617,SCJ Broad,ENG,2006-2014,56,55,,1491,65,4/24,,22.93,7.62,18,0,,1,195.3,2,2026-09-28
T20I,male,425639,TL Chatara,ZIM,2010-2024,60,60,,1557,65,3/7,,23.95,7.29,19.7,0,,0,213.3,4,2026-09-28
T20I,male,723573,SA Jumbe,TAN,2021-2025,66,64,,1364,65,5/10,,20.98,7.46,16.8,1,,2,182.5,1,2026-09-28
T20I,male,385938,Kaleem Sana,CAN,2022-2026,45,44,,946,65,4/17,,14.55,6.18,14.1,0,,5,152.5,9,2026-09-28
T20I,male,450860,AF Milne,NZ,2010-2025,56,54,,1602,65,5/26,,24.64,8.3,17.8,1,,2,192.5,3,2026-09-28
T20I,male,1286457,S Thakor,TAN,2021-2024,58,56,,980,65,4/4,,15.07,5.53,16.3,0,,2,177.0,11,2026-09-28
T20I,male,1263724,Umair Tariq,AUT,2021-2026,58,52,,1080,65,5/32,,16.61,8.21,12.1,1,,1,131.3,4,2026-09-28
T20I,male,1082742,IK Gamantika,INA,2022-2026,88,65,,1158,64,4/24,,18.09,5.92,18.3,0,,1,195.3,4,2026-09-28
T20I,male,355269,JDS Neesham,NZ,2012-2026,105,75,,1611,64,5/22,,25.17,9.19,16.4,1,,1,175.1,0,2026-09-28
T20I,male,47492,DW Steyn,SA,2007-2020,47,47,,1175,64,4/9,,18.35,6.94,15.8,0,,2,169.1,3,2026-09-28
T20I,male,696127,B Evans,ZIM,2022-2026,42,42,,1210,63,4/16,,19.2,8.46,13.6,0,,1,143.0,0,2026-09-28
T20I,male,482478,JN Frylinck,NAM,2019-2026,88,50,,1131,63,6/24,,17.95,7.04,15.2,1,,1,160.3,1,2026-09-28
T20I,male,40618,Imran Tahir,SA/World,2013-2019,38,38,,948,63,5/23,,15.04,6.73,13.4,2,,2,140.5,0,2026-09-28
T20I,male,1338607,S Ravichandran,JPN,2022-2026,53,49,,741,63,5/11,,11.76,4.84,14.5,2,,1,152.5,5,2026-09-28
T20I,male,1151255,C Rubagumya,RWN,2021-2025,91,68,,1348,63,3/5,,21.39,7.35,17.4,0,,0,183.1,6,2026-09-28
T20I,male,794707,DS Airee,NEP,2018-2026,102,74,,1314,62,4/18,,21.19,5.99,21.2,0,,2,219.2,5,2026-09-28
T20I,male,495964,RP Burl,ZIM,2018-2026,129,82,,1471,62,3/13,,23.72,7.3,19.4,0,,0,201.2,3,2026-09-28
T20I,male,1271983,Dawood Ahmadzai,Fran,2021-2026,52,52,,1220,62,6/21,,19.67,6.56,17.9,1,,1,185.5,4,2026-09-28
T20I,male,547766,JA Duffy,NZ,2020-2026,48,46,,1256,62,4/14,,20.25,8.08,15,0,,5,155.2,1,2026-09-28
T20I,male,670031,AS Joseph,WI,2022-2025,45,44,,1525,62,5/40,,24.59,9.24,15.9,1,,2,165.0,0,2026-09-28
T20I,male,1323423,M Koli,ROM,2022-2026,47,47,,1257,62,5/12,,20.27,7.48,16.2,2,,0,167.5,3,2026-09-28
T20I,male,514770,P Mishra,BUL,2019-2026,68,62,,1613,62,5/16,,26.01,7.56,20.6,1,,1,213.2,2,2026-09-28
T20I,male,1058924,Nasrulla Rana,HKG,2019-2026,69,62,,1289,62,6/12,,20.79,7.89,15.8,1,,2,163.2,3,2026-09-28
T20I,male,380561,O Harvey,GHA,2021-2026,50,49,,901,62,5/36,,14.53,5.19,16.7,1,,1,173.3,3,2026-09-28
T20I,male,807509,E Sebareme,RWN,2021-2024,65,60,,1064,62,4/6,,17.16,5.96,17.2,0,,1,178.3,4,2026-09-28
T20I,male,681117,Faheem Ashraf,PAK,2017-2026,85,74,,1539,61,4/23,,25.22,7.87,19.2,0,,2,195.3,1,2026-09-28
T20I,male,41434,Mohammad Hafeez,PAK,2006-2021,119,79,,1388,61,4/10,,22.75,6.6,20.6,0,,1,210.1,3,2026-09-28
T20I,male,307808,Rohan Mustafa,UAE,2014-2023,58,56,,1283,61,4/18,,21.03,6.96,18.1,0,,1,184.2,3,2026-09-28
T20I,male,276298,AD Russell,WI,2011-2025,86,75,,1919,61,3/19,,31.45,9.42,20,0,,0,203.3,0,2026-09-28
T20I,male,1167779,A Shukla,HKG,2022-2026,63,60,,1505,61,4/49,,24.67,7.83,18.9,0,,1,192.1,6,2026-09-28
T20I,male,1280658,R Abdulkareem,NGA,2021-2026,55,49,,796,60,6/22,,13.26,6.13,12.9,1,,2,129.4,5,2026-09-28
T20I,male,679553,DL Brangman,BER,2019-2026,43,42,,748,60,5/19,,12.46,5.44,13.7,1,,1,137.3,7,2026-09-28
T20I,male,1099379,GJ Delany,IRE,2019-2026,93,75,,1565,60,3/16,,26.08,7.54,20.7,0,,0,207.2,1,2026-09-28
T20I,male,1353033,Muhammad Jawadullah,UAE,2023-2026,41,41,,1196,60,4/21,,19.93,7.8,15.3,0,,3,153.1,1,2026-09-28
T20I,male,1325906,Qamar Mushtaque,NOR,2022-2026,47,46,,969,60,3/16,,16.15,6.94,13.9,0,,0,139.3,0,2026-09-28
T20I,male,698317,R Trumpelmann,NAM,2021-2026,58,54,,1558,60,4/21,,25.96,8.41,18.5,0,,3,185.1,3,2026-09-28
T20I,male,307184,H Fennell,ARG,2019-2026,38,37,,746,59,6/18,,12.64,6.01,12.6,2,,2,124.0,1,2026-09-28
T20I,male,1271974,Ghulam Ahmadi,GER,2021-2026,52,52,,1191,59,5/23,,20.18,6.32,19.1,1,,2,188.1,10,2026-09-28
T20I,male,414966,MA Leask,SCOT,2013-2026,80,61,,1255,59,4/17,,21.27,7.53,16.9,0,,1,166.3,0,2026-09-28
T20I,male,265564,WD Parnell,SA,2009-2023,56,55,,1513,59,5/30,,25.64,8.29,18.5,1,,1,182.2,4,2026-09-28
T20I,male,221140,D Wiese,NAM/SA,2013-2024,54,54,,1299,59,5/23,,22.01,7.19,18.3,1,,1,180.4,2,2026-09-28
T20I,male,826915,NT Ellis,AUS,2021-2026,39,39,,1048,58,4/12,,18.06,7.67,14.1,0,,2,136.3,3,2026-09-28
T20I,male,1116759,RM Koda,INA,2022-2025,68,68,,1442,58,3/14,,24.86,6.67,22.3,0,,0,216.1,4,2026-09-28
T20I,male,37749,NL McCullum,NZ,2007-2016,63,59,,1278,58,4/16,,22.03,6.82,19.3,0,,2,187.1,0,2026-09-28
T20I,male,1273412,I Ntirenganya,RWN,2022-2026,69,69,,1508,58,3/17,,26,6.79,22.9,0,,0,222.0,3,2026-09-28
T20I,male,24605,KJ O'Brien,IRE,2008-2021,110,52,,1149,58,4/45,,19.81,7.51,15.8,0,,1,152.5,0,2026-09-28
T20I,male,208657,PM Seelaar,NED,2008-2021,77,64,,1290,58,4/19,,22.24,6.83,19.5,0,,1,188.4,4,2026-09-28
T20I,male,819429,Azmatullah Omarzai,AFG,2022-2026,69,64,,1394,57,4/9,,24.45,8.28,17.7,0,,3,168.2,1,2026-09-28
T20I,male,518673,LA Burns,ESP,2022-2026,37,37,,728,57,5/11,,12.77,5.52,13.8,1,,0,131.4,2,2026-09-28
T20I,male,1328734,Imran Khan,BHR,2022-2026,58,57,,1260,57,4/16,,22.1,7.23,18.3,0,,2,174.1,3,2026-09-28
T20I,male,629070,Mohammad Saifuddin,BAN,2017-2026,51,50,,1487,57,4/33,,26.08,8.56,18.2,0,,1,173.4,0,2026-09-28
T20I,male,51433,S Badree,WI/World,2012-2018,52,52,,1180,56,4/15,,21.07,6.17,20.4,0,,1,191.0,4,2026-09-28
T20I,male,1061467,D Heyliger,CAN,2019-2026,60,59,,1341,56,5/16,,23.94,7.48,19.1,1,,2,179.1,3,2026-09-28
T20I,male,481979,A Nortje,SA,2019-2026,47,46,,1187,56,4/7,,21.19,7.28,17.4,0,,3,162.5,0,2026-09-28
T20I,male,1197975,K Piet,BOT,2022-2026,55,49,,968,56,4/12,,17.28,6.22,16.6,0,,2,155.3,6,2026-09-28
T20I,male,56161,Siraj Ullah Khadem,POR,2021-2026,42,42,,857,56,5/17,,15.3,6.02,15.2,1,,0,142.2,5,2026-09-28
T20I,male,1198915,V Vijh,LUX,2019-2026,57,53,,1328,56,4/19,,23.71,7.91,17.9,0,,1,167.5,0,2026-09-28
T20I,male,1156622,Yasir Ali,ESP,2019-2026,47,40,,717,56,6/28,,12.8,5.81,13.2,1,,0,123.2,2,2026-09-28
T20I,male,267724,KA Maharaj,SA,2021-2026,54,54,,1447,55,3/24,,26.3,7.87,20,0,,0,183.5,1,2026-09-28
T20I,male,633638,S Muniandy,MAS,2019-2026,126,58,,1290,55,4/13,,23.45,8.27,17,0,,3,155.5,1,2026-09-28
T20I,male,24599,WB Rankin,ENG/IRE,2009-2020,50,49,,1219,55,3/16,,22.16,6.84,19.4,0,,0,178.0,2,2026-09-28
T20I,male,467829,Usman Khan,Fran,2021-2026,42,39,,821,55,4/17,,14.92,7.06,12.6,0,,3,116.1,1,2026-09-28
T20I,male,234675,RA Jadeja,IND,2009-2024,74,71,,1612,54,3/15,,29.85,7.13,25.1,0,,0,226.0,4,2026-09-28
T20I,male,1217359,Sayed Monib,KUW,2020-2024,44,41,,1108,54,4/16,,20.51,8.7,14.1,0,,1,127.2,0,2026-09-28
T20I,male,43265,Sohail Tanvir,PAK,2007-2017,57,57,,1454,54,3/12,,26.92,7.18,22.4,0,,0,202.2,3,2026-09-28
T20I,male,1344844,Usman Najeeb,KSA,2022-2025,40,39,,1075,54,4/25,,19.9,7.83,15.2,0,,1,137.1,3,2026-09-28
T20I,male,351588,MA Wood,ENG,2015-2025,38,37,,1093,54,3/9,,20.24,8.45,14.3,0,,0,129.2,1,2026-09-28
T20I,male,506612,MJ Henry,NZ,2014-2026,43,40,,1223,53,3/26,,23.07,8.5,16.2,0,,0,143.5,2,2026-09-28
T20I,male,1155503,JJ Huo,MOZ,2019-2026,49,39,,808,53,4/11,,15.24,6.81,13.4,0,,1,118.3,7,2026-09-28
T20I,male,1236048,V Saini,ROM,2020-2026,71,61,,1442,53,5/17,,27.2,7.6,21.4,1,,1,189.3,0,2026-09-28
T20I,male,325012,MP Stoinis,AUS,2015-2026,87,57,,1337,53,4/23,,25.22,8.86,17,0,,1,150.5,1,2026-09-28
T20I,male,719715,Washington Sundar,IND,2017-2026,63,59,,1265,53,3/3,,23.86,7.11,20.1,0,,0,177.5,1,2026-09-28
T20I,male,1284541,Zain Ul Abidin,KSA,2021-2025,51,51,,998,53,5/6,,18.83,5.89,19.1,1,,0,169.1,2,2026-09-28
T20I,male,734459,Abrar Ahmed,PAK,2024-2026,38,37,,903,52,4/9,,17.36,6.67,15.6,0,,1,135.2,1,2026-09-28
T20I,male,1082740,GD Arta,INA,2022-2026,82,55,,1025,52,3/16,,19.71,6.21,19,0,,0,165.0,7,2026-09-28
T20I,male,1153758,LT Bichard,GUE,2020-2026,45,45,,1045,52,4/20,,20.09,6.91,17.4,0,,1,151.1,3,2026-09-28
T20I,male,1155541,S Conteh,SLE,2021-2026,50,48,,912,52,5/17,,17.53,6.11,17.2,2,,2,149.1,7,2026-09-28
T20I,male,495551,SS Cottrell,WI,2014-2023,45,44,,1244,52,4/28,,23.92,8.13,17.6,0,,1,153.0,4,2026-09-28
T20I,male,906783,OC McCoy,WI,2019-2025,43,42,,1202,52,6/17,,23.11,8.73,15.8,1,,2,137.4,1,2026-09-28
T20I,male,230558,SP Narine,WI,2012-2019,51,49,,1105,52,4/12,,21.25,6.01,21.1,0,,1,183.4,1,2026-09-28
T20I,male,348049,Nasum Ahmed,BAN,2021-2026,52,50,,1194,52,4/10,,22.96,7.08,19.4,0,,3,168.3,4,2026-09-28
T20I,male,1338610,I Takahashi,JPN,2022-2026,60,57,,900,52,3/4,,17.3,5.76,18,0,,0,156.1,1,2026-09-28
T20I,male,1236495,Taranjeet Singh,ROM,2021-2026,56,47,,1004,52,4/17,,19.3,6.95,16.6,0,,2,144.2,3,2026-09-28
T20I,male,1276635,P Useni,NGA,2021-2025,61,58,,934,52,4/14,,17.96,6.36,16.9,0,,1,146.4,5,2026-09-28
T20I,male,333782,T van der Gugten,NED,2012-2026,50,49,,1171,52,3/9,,22.51,7.59,17.7,0,,0,154.1,1,2026-09-28
T20I,male,8917,MM Ali,ENG,2014-2024,92,71,,1384,51,3/24,,27.13,8.31,19.5,0,,0,166.3,1,2026-09-28
T20I,male,1212829,Ali Naseer,UAE,2023-2024,40,39,,1022,51,4/24,,20.03,7.5,16,0,,3,136.1,4,2026-09-28
T20I,male,436749,Fayyaz Butt,OMA,2019-2024,47,47,,1158,51,3/16,,22.7,7.68,17.7,0,,0,150.4,1,2026-09-28
T20I,male,578785,PK Langat,KENYA,2021-2026,53,49,,1059,51,6/17,,20.76,7.52,16.5,1,,1,140.4,3,2026-09-28
T20I,male,325026,GJ Maxwell,AUS,2012-2026,130,86,,1515,51,3/10,,29.7,8.13,21.9,0,,0,186.1,0,2026-09-28
T20I,male,296166,K Nassoro,TAN,2021-2026,79,63,,1085,51,4/14,,21.27,6.33,20.1,0,,1,171.2,5,2026-09-28
T20I,male,233514,NLTC Perera,ICC/SL/World,2010-2021,84,67,,1717,51,3/24,,33.66,9.34,21.6,0,,0,183.4,1,2026-09-28
T20I,male,1153796,C Rumistrzewicz,ESP,2021-2026,33,31,,550,51,5/7,,10.78,4.86,13.2,2,,1,113.0,4,2026-09-28
T20I,male,20431,GP Swann,ENG,2008-2012,39,38,,859,51,3/13,,16.84,6.36,15.8,0,,0,135.0,4,2026-09-28
T20I,male,402140,Syazrul Idrus,MAS,2019-2023,33,31,,686,51,7/8,,13.45,7.02,11.4,1,,2,97.4,3,2026-09-28
T20I,male,308251,DJ Willey,ENG,2015-2022,43,43,,1180,51,4/7,,23.13,8.18,16.9,0,,1,144.1,1,2026-09-28
T20I,male,585083,Zeeshan Maqsood,OMA,2015-2024,73,61,,1168,51,4/7,,22.9,6.47,21.2,0,,3,180.2,1,2026-09-28
T20I,male,571703,WP Masakadza,ZIM,2015-2026,83,79,,1754,50,4/11,,35.08,7.53,27.9,0,,2,232.4,2,2026-09-28
T20I,male,420513,N Nipiko,VAN,2019-2026,45,34,,809,50,5/19,,16.18,8.24,11.7,1,,5,98.1,0,2026-09-28
T20I,male,540316,AL Phehlukwayo,SA,2017-2024,42,39,,1112,50,4/24,,22.24,8.91,14.9,0,,1,124.4,0,2026-09-28
T20I,male,524270,J Rasu,VAN,2019-2026,45,33,,803,50,5/36,,16.06,7.3,13.2,1,,2,110.0,1,2026-09-28
T20I,male,746439,Umar Adam,MDV,2019-2024,46,43,,1114,50,3/11,,22.28,7.82,17,0,,0,142.2,1,2026-09-28
T20I,male,455463,Aamir Kaleem,OMA,2015-2026,58,45,,951,49,5/15,,19.4,7.55,15.4,2,,2,125.5,1,2026-09-28
T20I,male,505120,AC Agar,AUS,2016-2024,49,49,,1129,49,6/30,,23.04,6.5,21.2,2,,0,173.4,2,2026-09-28
T20I,male,470893,DG Blampied,JER,2019-2026,50,47,,954,49,4/20,,19.46,6.77,17.2,0,,1,140.5,1,2026-09-28
T20I,male,1411847,C Hinze,JPN,2024-2026,41,41,,689,49,5/6,,14.06,5.2,16.2,1,,1,132.3,9,2026-09-28
T20I,male,670045,G Motie,WI,2021-2026,51,49,,1267,49,4/28,,25.85,7.91,19.5,0,,1,160.0,1,2026-09-28
T20I,male,1021025,Muhammad Amir,MAS,2019-2026,70,40,,724,49,5/16,,14.77,6.38,13.8,1,,0,113.2,2,2026-09-28
T20I,male,1112220,JTS Sumerauer,JER,2019-2026,49,48,,1080,49,4/21,,22.04,7.54,17.5,0,,2,143.1,0,2026-09-28
T20I,male,1271992,Vinay Ravi,NOR,2021-2026,49,49,,1036,49,4/22,,21.14,6.58,19.2,0,,2,157.2,3,2026-09-28
T20I,male,1101791,Waqar Zalmai,AUT,2021-2026,50,49,,1216,49,5/17,,24.81,8.53,17.4,1,,0,142.3,1,2026-09-28
T20I,male,55870,SC Williams,ZIM,2006-2025,85,77,,1433,49,3/15,,29.24,6.92,25.3,0,,0,207.0,0,2026-09-28
T20I,male,1037565,Fitri Sham,MAS,2019-2024,45,42,,976,48,3/22,,20.33,6.66,18.2,0,,0,146.2,2,2026-09-28
T20I,male,973799,Janak Prakash,SGP,2019-2024,43,43,,1295,48,3/15,,26.97,8.67,18.6,0,,0,149.2,1,2026-09-28
T20I,male,1139520,Tanzim Hasan Sakib,BAN,2023-2026,41,40,,1202,48,4/7,,25.04,8.29,18.1,0,,1,144.5,5,2026-09-28
T20I,male,928109,K Waiswa,UGA,2020-2026,82,43,,863,48,4/14,,17.97,7.37,14.6,0,,2,117.0,2,2026-09-28
T20I,male,8180,SR Watson,AUS,2006-2016,58,49,,1187,48,4/15,,24.72,7.65,19.3,0,,1,155.0,2,2026-09-28
T20I,male,332980,CJA Amini,PNG,2015-2024,59,51,,906,47,4/18,,19.27,6.24,18.5,0,,1,145.0,0,2026-09-28
T20I,male,940593,Aqib Ilyas,OMA,2015-2024,56,37,,745,47,4/10,,15.85,6.05,15.7,0,,2,123.0,2,2026-09-28
T20I,male,568136,Fareed Ahmad,AFG,2016-2025,38,37,,1006,47,3/14,,21.4,8.65,14.8,0,,0,116.1,0,2026-09-28
T20I,male,580400,Khizar Hayat,MAS,2020-2025,58,53,,1107,47,5/4,,23.55,6.49,21.7,1,,0,170.2,7,2026-09-28
T20I,male,46538,M Morkel,SA/World,2007-2017,44,44,,1191,47,4/17,,25.34,7.5,20.2,0,,2,158.4,3,2026-09-28
T20I,male,1338602,R Sakurano-Thomas,JPN,2022-2026,47,45,,703,47,6/26,,14.95,6.37,14,2,,0,110.2,3,2026-09-28
T20I,male,459508,AJ Tye,AUS,2016-2021,32,31,,997,47,4/23,,21.21,8.75,14.5,0,,1,113.5,1,2026-09-28
T20I,male,1378451,SZ Vayani,MWI,2023-2026,52,50,,1080,47,4/8,,22.97,6.71,20.5,0,,3,160.5,3,2026-09-28
T20I,male,1217274,S Veerapathiran,BHR,2020-2024,43,42,,1033,47,3/20,,21.97,7.97,16.5,0,,0,129.3,1,2026-09-28
T20I,male,1218731,SVE Bharathi,GER,2020-2023,37,37,,672,46,4/6,,14.6,5.34,16.4,0,,1,125.5,2,2026-09-28
T20I,male,1342172,S Gill,KENYA,2024-2026,33,32,,628,46,7/7,,13.65,5.49,14.9,1,,1,114.2,6,2026-09-28
T20I,male,585081,Khawar Ali,OMA,2015-2022,41,39,,790,46,4/11,,17.17,6.62,15.5,0,,3,119.2,0,2026-09-28
T20I,male,630174,DMW Rawlins,BER,2019-2026,49,45,,859,46,4/10,,18.67,5.93,18.8,0,,3,144.5,4,2026-09-28
T20I,male,437316,MD Shanaka,SL,2015-2026,137,78,,1209,46,3/16,,26.28,8.34,18.8,0,,0,144.5,1,2026-09-28
T20I,male,1192940,Shiraz Khan,KUW,2019-2025,55,54,,1146,46,4/12,,24.91,6.41,23.3,0,,1,178.4,5,2026-09-28
T20I,male,1198877,Abdullah Akbarjan,AUT,2019-2024,35,34,,714,45,4/11,,15.86,6.51,14.6,0,,2,109.4,2,2026-09-28
T20I,male,1280697,J Baguma,UGA,2022-2026,30,29,,547,45,4/14,,12.15,5.68,12.8,0,,1,96.1,2,2026-09-28
T20I,male,591665,Habib Khan,EST,2021-2026,31,31,,803,45,4/16,,17.84,7.27,14.7,0,,1,110.2,0,2026-09-28
T20I,male,307617,Iqbal Hussain,QAT,2019-2021,26,26,,693,45,4/16,,15.4,7.37,12.5,0,,2,94.0,0,2026-09-28
T20I,male,1104703,FJ Klaassen,NED,2018-2026,41,40,,1065,45,5/19,,23.66,7.6,18.6,1,,0,140.0,0,2026-09-28
T20I,male,49764,AD Mathews,SL,2009-2024,90,72,,1389,45,3/16,,30.86,7.12,25.9,0,,0,194.5,4,2026-09-28
T20I,male,1129565,Riazat Ali Shah,UGA,2019-2026,86,55,,1042,45,4/12,,23.15,7.05,19.6,0,,2,147.4,0,2026-09-28
T20I,male,272262,KW Richardson,AUS,2014-2023,36,36,,1059,45,4/30,,23.53,8.4,16.8,0,,1,126.0,0,2026-09-28
T20I,male,56283,Abdur Razzak,BAN,2006-2014,34,33,,838,44,4/16,,19.04,6.88,16.5,0,,1,121.4,4,2026-09-28
T20I,male,518097,Ahsan Malik,NED,2012-2017,31,29,,730,44,5/19,,16.59,7.61,13,1,,1,95.5,1,2026-09-28
T20I,male,44667,J Coetzee,THA,2023-2026,26,25,,404,44,5/10,,9.18,4.73,11.6,1,,0,85.2,6,2026-09-28
T20I,male,1036191,BFW de Leede,NED,2018-2026,49,38,,855,44,3/17,,19.43,7.96,14.6,0,,0,107.2,1,2026-09-28
T20I,male,12461,JW Dernbach,ENG/ITA,2011-2021,40,39,,1170,44,4/22,,26.59,8.49,18.7,0,,1,137.4,1,2026-09-28
T20I,male,876201,KDA Lukies,PHI,2023-2025,32,32,,657,44,5/10,,14.93,5.53,16.1,1,,2,118.4,3,2026-09-28
T20I,male,1058213,Mohammed Nadeem,QAT,2019-2024,43,43,,1006,44,4/10,,22.86,6.57,20.8,0,,1,153.0,1,2026-09-28
T20I,male,53115,DJG Sammy,WI/World,2007-2017,68,59,,1116,44,5/26,,25.36,7.31,20.8,1,,1,152.4,0,2026-09-28
T20I,male,1005257,Simi Singh,IRE,2018-2022,53,53,,1225,44,3/9,,27.84,7.61,21.9,0,,0,160.5,0,2026-09-28
T20I,male,1233044,VP Thamotharam,MLT,2020-2025,66,55,,1247,44,3/22,,28.34,8.01,21.2,0,,0,155.3,0,2026-09-28
T20I,male,25056,A Vala,PNG,2015-2026,72,46,,681,44,3/7,,15.47,6.25,14.8,0,,0,108.5,3,2026-09-28
T20I,male,511532,Al-Amin Hossain,BAN,2013-2020,31,29,,730,43,3/20,,16.97,7.13,14.2,0,,0,102.2,0,2026-09-28
T20I,male,245166,Mudassar Bukhari,NED,2008-2016,38,35,,780,43,4/7,,18.13,6.64,16.3,0,,3,117.2,4,2026-09-28
T20I,male,746429,Ibrahim Hassan,MDV,2019-2024,48,48,,1110,43,5/24,,25.81,7.68,20.1,1,,1,144.3,2,2026-09-28
T20I,male,37740,KD Mills,NZ,2005-2014,42,42,,1228,43,3/26,,28.55,8.21,20.8,0,,0,149.3,1,2026-09-28
T20I,male,1183929,Sahir Naqash,GER,2019-2023,38,31,,660,43,3/24,,15.34,7.37,12.4,0,,0,89.3,0,2026-09-28
T20I,male,250386,Samiullah Rahmani,SWE,2023-2026,33,28,,618,43,4/16,,14.37,6.79,12.6,0,,3,91.0,0,2026-09-28
T20I,male,581584,M Taniyama,JPN,2022-2026,43,40,,530,43,4/19,,12.32,5.58,13.2,0,,1,94.5,5,2026-09-28
T20I,male,1193339,SF Tiai,Samoa,2019-2026,33,33,,782,43,5/27,,18.18,6.8,16,1,,3,115.0,1,2026-09-28
T20I,male,440522,LV van Beek,NED,2014-2026,35,33,,841,43,4/27,,19.55,7.78,15,0,,1,108.0,2,2026-09-28
T20I,male,516372,A Gbla,SLE,2021-2026,48,36,,609,42,5/16,,14.5,6.26,13.8,1,,1,97.1,2,2026-09-28
T20I,male,793467,Karim Janat,AFG,2016-2026,77,52,,1202,42,5/11,,28.61,8.16,21,1,,0,147.1,0,2026-09-28
T20I,male,1163164,M Magagula,SWA/SWZ,2021-2026,38,36,,844,42,4/10,,20.09,7.98,15,0,,1,105.4,0,2026-09-28
T20I,male,56007,Mashrafe Mortaza,BAN,2006-2017,54,53,,1527,42,4/19,,36.35,8.04,27.1,0,,1,189.5,1,2026-09-28
T20I,male,1185538,Mohammad Wasim (1),PAK,2021-2026,34,34,,903,42,4/24,,21.5,8.24,15.6,0,,2,109.3,0,2026-09-28
T20I,male,1096129,GC Murtaza,CAM,2023-2025,44,41,,1068,42,5/24,,25.42,7.8,19.5,1,,0,136.5,3,2026-09-28
T20I,male,398513,SN Netravalkar,USA,2019-2026,44,44,,1049,42,5/12,,24.97,7.19,20.8,1,,0,145.5,3,2026-09-28
T20I,male,230559,KA Pollard,WI,2008-2022,101,63,,1188,42,4/25,,28.28,8.32,20.3,0,,1,142.4,0,2026-09-28
T20I,male,1314053,Sazib Bhuiyan,CZK-R,2022-2026,37,34,,831,42,4/46,,19.78,8.91,13.3,0,,1,93.1,0,2026-09-28
T20I,male,1267515,V Zimonjic,SRB,2021-2026,48,47,,1271,42,3/26,,30.26,7.9,22.9,0,,0,160.5,4,2026-09-28
T20I,male,1241265,Aayan Afzal Khan,UAE,2022-2026,40,39,,846,41,3/7,,20.63,6.11,20.2,0,,0,138.2,1,2026-09-28
T20I,male,1318851,Abdul Naser Baluch,SWE,2023-2026,26,26,,655,41,4/15,,15.97,6.9,13.8,0,,1,94.5,5,2026-09-28
T20I,male,1156495,JA Burrows,IOM,2020-2026,31,29,,668,41,4/10,,16.29,7.67,12.7,0,,2,87.0,1,2026-09-28
T20I,male,399259,AC Evans,SCOT,2015-2022,35,33,,954,41,5/24,,23.26,7.95,17.5,1,,0,120.0,4,2026-09-28
T20I,male,56025,Mahmudullah,BAN,2007-2024,141,80,,1135,41,3/10,,27.68,7.16,23.1,0,,0,158.2,2,2026-09-28
T20I,male,450075,KOK Williams,WI,2016-2020,26,26,,805,41,4/28,,19.63,8.76,13.4,0,,1,91.5,2,2026-09-28
T20I,male,1347279,Adil Butt,SWZ,2022-2026,36,33,,888,40,3/4,,22.2,7.85,16.9,0,,0,113.0,5,2026-09-28
T20I,male,554068,Amjad Mahboob,SGP,2019-2023,30,30,,843,40,3/20,,21.07,8.29,15.2,0,,0,101.4,1,2026-09-28
T20I,male,1268919,Bilal Muhammad,MLT,2021-2022,31,31,,786,40,4/10,,19.65,6.64,17.7,0,,2,118.2,3,2026-09-28
T20I,male,391832,RL Chase,WI,2021-2026,60,52,,1156,40,3/12,,28.9,7.57,22.9,0,,0,152.4,1,2026-09-28
T20I,male,55346,AG Cremer,ZIM,2008-2026,36,35,,861,40,3/11,,21.52,7.29,17.7,0,,0,118.0,1,2026-09-28
T20I,male,516561,Dawlat Zadran,AFG,2012-2019,34,34,,980,40,4/44,,24.5,7.93,18.5,0,,1,123.3,2,2026-09-28
T20I,male,211855,LA Dawson,ENG,2016-2026,39,36,,909,40,4/20,,22.72,7.82,17.4,0,,1,116.1,0,2026-09-28
T20I,male,1435271,Karanbir Singh,AUT,2024-2026,65,37,,655,40,4/42,,16.37,8.17,12,0,,1,80.1,1,2026-09-28
T20I,male,526468,EJB Miles,JER,2019-2023,33,33,,696,40,3/10,,17.4,6.5,16,0,,0,107.0,1,2026-09-28
T20I,male,41984,Mohammad Nadeem,OMA,2015-2026,73,60,,1201,40,4/23,,30.02,7.72,23.3,0,,1,155.3,0,2026-09-28
T20I,male,1194795,M Pathirana,SL,2022-2026,28,27,,732,40,4/24,,18.3,8.42,13,0,,2,86.5,1,2026-09-28
T20I,male,1323428,MV Pavlovic,SRB,2022-2026,33,31,,724,40,4/13,,18.1,6.96,15.6,0,,3,104.0,1,2026-09-28
T20I,male,1263723,Sahel Zadran,AUT,2021-2025,48,48,,1076,40,5/13,,26.9,7.25,22.2,1,,0,148.2,3,2026-09-28
T20I,male,1332081,Vishil Patel,KENYA,2023-2026,33,32,,572,40,4/5,,14.3,6.25,13.7,0,,3,91.3,3,2026-09-28
T20I,male,659073,SA Ahmad,DEN,2019-2026,42,36,,651,39,3/9,,16.69,5.66,17.6,0,,0,115.0,4,2026-09-28
T20I,male,1167799,ASF Sirah,PHI,2023-2026,31,29,,643,39,4/14,,16.48,6.79,14.5,0,,1,94.4,0,2026-09-28
T20I,male,1284223,Ashwin Vinod,SUI,2021-2026,33,33,,796,39,4/37,,20.41,7.43,16.4,0,,1,107.0,3,2026-09-28
T20I,male,1347287,R Coker,SLE,2022-2026,55,53,,963,39,4/4,,24.69,5.77,25.6,0,,2,166.5,6,2026-09-28
T20I,male,1489796,A Dhabe,SWE,2025-2026,27,27,,658,39,4/16,,16.87,6.32,16,0,,3,104.0,3,2026-09-28
T20I,male,1198948,Ijaz Hussain,ROM,2019-2026,31,30,,674,39,4/28,,17.28,7.6,13.6,0,,1,88.4,0,2026-09-28
T20I,male,633428,Mohammad Ghazanfar,HKG,2019-2026,40,38,,801,39,3/6,,20.53,6.73,18.3,0,,0,119.0,3,2026-09-28
T20I,male,1107667,GM Mwendwa,KENYA,2022-2026,34,34,,675,39,5/7,,17.3,6.45,16,1,,2,104.3,8,2026-09-28
T20I,male,913853,LN Rajbanshi,NEP,2018-2026,40,39,,809,39,3/6,,20.74,6.37,19.5,0,,0,126.5,3,2026-09-28
T20I,male,1287092,D Sabir,BER,2021-2026,42,28,,464,39,4/21,,11.89,5.8,12.3,0,,1,80.0,2,2026-09-28
T20I,male,469203,Ali Nayyer,SUI,2021-2025,31,30,,790,39,3/13,,20.25,7.4,16.4,0,,0,106.4,1,2026-09-28
T20I,male,914503,H Thaker,CAN,2019-2026,54,43,,773,39,4/20,,19.82,6.1,19.4,0,,1,126.4,6,2026-09-28
T20I,male,252878,C Wright,CAY,2019-2026,44,40,,772,39,4/29,,19.79,6.6,17.9,0,,1,116.5,2,2026-09-28
T20I,male,1167766,S Yeshey,BHU,2022-2026,39,38,,728,39,8/7,,18.66,5.51,20.3,1,,1,132.0,3,2026-09-28
T20I,male,1158538,Abbas Afridi,PAK,2024-2025,24,23,,590,38,3/17,,15.52,8.48,10.9,0,,0,69.3,1,2026-09-28
T20I,male,307817,Adnan Idrees,KUW,2019-2024,42,33,,756,38,3/17,,19.89,7.72,15.4,0,,0,97.5,0,2026-09-28
T20I,male,1199892,Ateeq Iqbal,HKG,2022-2026,43,41,,770,38,3/8,,20.26,6.24,19.4,0,,0,123.2,7,2026-09-28
T20I,male,1209110,Basil Hameed,UAE,2020-2026,65,38,,640,38,4/25,,16.84,7.15,14.1,0,,1,89.3,1,2026-09-28
T20I,male,1274033,L Bruce,GIBR,2021-2026,55,47,,1151,38,4/13,,30.28,8.07,22.5,0,,1,142.3,0,2026-09-28
T20I,male,714451,S Dube,IND,2019-2026,77,51,,1023,38,3/4,,26.92,9.83,16.4,0,,0,104.0,0,2026-09-28
T20I,male,6033,MG Johnson,AUS,2007-2013,30,30,,797,38,3/15,,20.97,7.28,17.2,0,,0,109.2,2,2026-09-28
T20I,male,1280666,E Kubwimana,RWN,2022-2026,42,37,,877,38,4/8,,23.07,8.48,16.3,0,,1,103.2,2,2026-09-28
T20I,male,1203898,H Lakov,BUL,2019-2026,54,41,,1179,38,3/21,,31.02,8.02,23.1,0,,0,146.5,3,2026-09-28
T20I,male,352286,PK Matautaava,VAN,2019-2026,34,31,,620,38,3/7,,16.31,6.28,15.5,0,,0,98.4,3,2026-09-28
T20I,male,1328736,Mohamed Shafeeq,KUW,2022-2026,45,45,,1231,38,3/28,,32.39,8.02,24.2,0,,0,153.2,1,2026-09-28
T20I,male,524255,KV Morea,PNG,2021-2026,26,26,,627,38,5/9,,16.5,7.01,14.1,1,,2,89.2,0,2026-09-28
T20I,male,267455,RR Patel,KENYA,2008-2026,108,38,,610,38,3/12,,16.05,6.04,15.9,0,,0,100.5,3,2026-09-28
T20I,male,1058977,Sarawut Maliwan,THA,2023-2026,41,40,,785,38,4/20,,20.65,6.95,17.8,0,,1,112.5,1,2026-09-28
T20I,male,1172124,Sarfaraz Ali,BHR,2019-2024,52,46,,981,38,4/12,,25.81,7.2,21.5,0,,2,136.1,0,2026-09-28
T20I,male,681801,Shakeel Ahmed,OMA,2023-2026,47,46,,1063,38,3/15,,27.97,6.68,25.1,0,,0,159.0,1,2026-09-28
T20I,male,1069820,B Shikongo,NAM,2019-2026,41,39,,693,38,3/21,,18.23,6.76,16.1,0,,0,102.3,1,2026-09-28
T20I,male,38710,DL Vettori,NZ,2007-2014,34,34,,748,38,4/20,,19.68,5.7,20.7,0,,1,131.1,1,2026-09-28
T20I,male,245490,Ahmed Raza,UAE,2014-2022,55,54,,1178,37,5/19,,31.83,6.61,28.8,1,,0,178.0,2,2026-09-28
T20I,male,800395,Anas Khan,HKG,2014-2026,29,25,,482,37,4/30,,13.02,6.21,12.5,0,,1,77.3,0,2026-09-28
T20I,male,633561,MM Baig,QAT,2023-2026,33,27,,589,37,4/17,,15.91,7.5,12.7,0,,2,78.3,2,2026-09-28
T20I,male,1274032,S Bodha,GIBR,2022-2026,34,34,,844,37,5/16,,22.81,8.49,16.1,1,,1,99.2,0,2026-09-28
T20I,male,44149,J Botha,SA,2006-2012,40,39,,823,37,3/16,,22.24,6.37,20.9,0,,0,129.0,1,2026-09-28
T20I,male,1155498,J Bulele,MOZ,2019-2026,34,30,,700,37,4/13,,18.91,7.05,16,0,,1,99.1,0,2026-09-28
T20I,male,407265,JH Davey,SCOT,2012-2022,31,30,,887,37,4/18,,23.97,8.15,17.6,0,,2,108.5,0,2026-09-28
T20I,male,595419,BD Glover,NED,2019-2024,25,25,,565,37,4/12,,15.27,6.9,13.2,0,,2,81.5,1,2026-09-28
T20I,male,1356971,S Joseph,WI,2024-2026,25,25,,797,37,5/33,,21.54,9.16,14.1,1,,1,87.0,0,2026-09-28
T20I,male,1295879,J Kariko,PNG,2023-2026,28,28,,509,37,4/11,,13.75,5.04,16.3,0,,1,100.5,3,2026-09-28
T20I,male,1143137,Mohameed Taiwo,NGA,2019-2026,50,46,,851,37,4/13,,23,6.51,21.1,0,,2,130.4,1,2026-09-28
T20I,male,1312420,Mohammad Kamran,ESP,2022-2026,27,25,,485,37,6/20,,13.1,5.26,14.9,2,,1,92.1,2,2026-09-28
T20I,male,533862,Mohammad Naveed,UAE,2015-2019,31,31,,729,37,3/14,,19.7,6.35,18.5,0,,0,114.4,5,2026-09-28
T20I,male,1046619,BA Pai,GIBR,2019-2026,45,41,,859,37,3/12,,23.21,6.38,21.8,0,,0,134.3,3,2026-09-28
T20I,male,1271986,Rahmatullah Mangal,Fran,2021-2026,30,30,,623,37,4/12,,16.83,6.48,15.5,0,,2,96.0,5,2026-09-28
T20I,male,467850,M Shahbaz Butt,NOR,2022-2026,28,27,,544,37,5/8,,14.7,5.44,16.1,1,,1,99.5,2,2026-09-28
T20I,male,319746,Shapoor Zadran,AFG,2010-2020,36,36,,907,37,3/40,,24.51,7.83,18.7,0,,0,115.5,3,2026-09-28
T20I,male,1281558,Waqar Ali,CYP,2021-2026,18,18,,352,37,4/13,,9.51,5.18,11,0,,5,67.5,0,2026-09-28
T20I,male,1203190,Yasar Haroon,BRA,2019-2026,31,29,,582,37,5/16,,15.72,5.94,15.8,1,,1,97.5,3,2026-09-28
T20I,male,1046645,Atif Mehmood,ESP,2019-2026,33,32,,572,36,4/6,,15.88,5.4,17.6,0,,1,105.5,6,2026-09-28
T20I,male,1403960,PS Bais,MEX,2023-2026,34,33,,606,36,6/14,,16.83,5.5,18.3,1,,0,110.0,6,2026-09-28
T20I,male,585615,F Damiao Couana,MOZ,2019-2024,38,35,,718,36,5/19,,19.94,6.4,18.6,1,,0,112.1,6,2026-09-28
T20I,male,270484,JP Faulkner,AUS,2012-2017,24,24,,684,36,5/27,,19,7.96,14.3,1,,0,85.5,0,2026-09-28
T20I,male,633445,Hisham Shaikh,KSA,2021-2025,41,37,,815,36,4/12,,22.63,6.92,19.6,0,,3,117.4,2,2026-09-28
T20I,male,333035,AF Ifill,CAY,2019-2026,31,31,,619,36,4/8,,17.19,6.02,17.1,0,,1,102.4,3,2026-09-28
T20I,male,1167761,Namgay Thinley,BHU,2022-2026,41,38,,750,36,3/3,,20.83,5.96,20.9,0,,0,125.4,3,2026-09-28
T20I,male,1198917,A Nanda,LUX,2019-2025,34,33,,829,36,5/6,,23.02,7.72,17.8,1,,0,107.2,0,2026-09-28
T20I,male,1209270,H Rathod,QAT,2023-2024,23,23,,487,36,4/29,,13.52,6.39,12.6,0,,1,76.1,0,2026-09-28
T20I,male,1348021,Rizwan Haider,MAS,2022-2026,37,35,,746,36,4/34,,20.72,7.36,16.8,0,,1,101.2,1,2026-09-28
T20I,male,1203188,LH Rodrigues,BRA,2019-2026,32,31,,583,36,4/10,,16.19,5.19,18.6,0,,1,112.1,5,2026-09-28
T20I,male,1338609,D Suzuki,JPN,2022-2026,58,50,,758,36,5/20,,21.05,7.12,17.7,1,,0,106.2,2,2026-09-28
T20I,male,955235,N Thushara,SL,2022-2026,31,31,,844,36,5/20,,23.44,8.28,16.9,1,,3,101.5,2,2026-09-28
T20I,male,928059,B White,IRE,2021-2025,38,36,,986,36,4/20,,27.38,8.21,20,0,,1,120.0,0,2026-09-28
T20I,male,1271995,Ahmadullah Shinwari,NOR,2021-2026,38,38,,789,35,4/20,,22.54,6.79,19.9,0,,1,116.1,0,2026-09-28
T20I,male,308693,KS Bagabena,GHA,2019-2024,45,41,,686,35,5/9,,19.6,6.4,18.3,1,,1,107.1,5,2026-09-28
T20I,male,585463,G Bakiweyem,GHA,2019-2024,41,40,,753,35,3/16,,21.51,6.52,19.7,0,,0,115.2,4,2026-09-28
T20I,male,794713,K Bhurtel,NEP,2021-2026,82,33,,529,35,4/12,,15.11,6.84,13.2,0,,3,77.2,2,2026-09-28
T20I,male,326968,MG Bracewell,NZ,2022-2025,47,38,,767,35,3/5,,21.91,7.38,17.8,0,,0,103.5,1,2026-09-28
T20I,male,293983,AR Cusack,IRE,2008-2015,37,33,,714,35,4/11,,20.4,7.06,17.3,0,,3,101.0,3,2026-09-28
T20I,male,352048,Gulbadin Naib,AFG,2012-2026,87,50,,925,35,4/20,,26.42,7.96,19.9,0,,1,116.1,1,2026-09-28
T20I,male,1160970,Haider Ali,UAE,2025-2026,31,31,,742,35,4/16,,21.2,6.28,20.2,0,,1,118.0,2,2026-09-28
T20I,male,311427,Hamid Hassan,AFG,2010-2021,25,25,,580,35,4/22,,16.57,6.39,15.5,0,,1,90.4,2,2026-09-28
T20I,male,481875,GF Linde,SA,2020-2026,37,36,,834,35,4/21,,23.82,7.58,18.8,0,,1,110.0,0,2026-09-28
T20I,male,888565,Mehran Khan,OMA,2015-2024,48,34,,661,35,3/7,,18.88,7.1,15.9,0,,0,93.0,3,2026-09-28
T20I,male,379537,A Morris,CAY,2019-2025,27,27,,568,35,4/7,,16.22,5.85,16.6,0,,2,97.0,4,2026-09-28
T20I,male,327830,D Pretorius,SA,2017-2022,30,27,,696,35,5/17,,19.88,8.28,14.4,1,,0,84.0,0,2026-09-28
T20I,male,937669,Raja Adeel,ESP,2019-2026,30,30,,591,35,3/8,,16.88,5.79,17.4,0,,0,102.0,3,2026-09-28
T20I,male,917093,Raza Iqbal,NOR,2019-2024,31,28,,551,35,5/23,,15.74,6.05,15.6,1,,0,91.0,1,2026-09-28
T20I,male,398666,SA Abbott,AUS,2014-2026,29,28,,855,34,4/31,,25.14,9.32,16.1,0,,1,91.4,1,2026-09-28
T20I,male,261354,NM Coulter-Nile,AUS,2013-2019,28,27,,802,34,4/31,,23.58,8.26,17.1,0,,1,97.0,1,2026-09-28
T20I,male,1386350,M Dale-Bradley,GUE,2023-2026,32,30,,690,34,4/9,,20.29,6.52,18.6,0,,2,105.4,1,2026-09-28
T20I,male,1143140,I Danladi,NGA,2019-2026,66,37,,528,34,4/22,,15.52,5.82,16,0,,1,90.4,2,2026-09-28
T20I,male,390891,Ikramullah Khan,QAT,2022-2026,42,38,,977,34,3/17,,28.73,8.27,20.8,0,,0,118.0,0,2026-09-28
T20I,male,1323417,HJ Manenti,ITA,2022-2026,25,22,,467,34,5/31,,13.73,6.53,12.6,1,,1,71.3,3,2026-09-28
T20I,male,414979,A Martel,GUE,2022-2026,36,34,,751,34,3/10,,22.08,6.85,19.3,0,,0,109.3,2,2026-09-28
T20I,male,303934,K Mirpuri,GIBR,2023-2026,37,37,,1017,34,3/16,,29.91,8.41,21.3,0,,0,120.5,1,2026-09-28
T20I,male,439952,CH Morris,SA,2012-2019,23,23,,697,34,4/27,,20.5,8.39,14.6,0,,1,83.0,3,2026-09-28
T20I,male,1198871,A Nathwani,AUT,2019-2023,29,28,,628,34,3/14,,18.47,6.9,16,0,,0,91.0,0,2026-09-28
T20I,male,1156477,Naveed Ahmed,CZK-R,2019-2025,40,36,,760,34,3/8,,22.35,7.1,18.8,0,,0,107.0,0,2026-09-28
T20I,male,31820,A Nehra,IND,2009-2017,27,27,,758,34,3/19,,22.29,7.73,17.2,0,,0,98.0,2,2026-09-28
T20I,male,1438289,AJ Parmar,NOR,2024-2026,23,23,,494,34,4/17,,14.52,6.41,13.5,0,,1,77.0,1,2026-09-28
T20I,male,475816,EB Ringera,KENYA,2019-2024,35,31,,637,34,4/16,,18.73,6.57,17,0,,2,96.5,2,2026-09-28
T20I,male,574287,CA Soper,PNG,2015-2024,31,30,,606,34,3/11,,17.82,6.52,16.3,0,,0,92.5,1,2026-09-28
T20I,male,1156462,MB Tambe,FIN,2021-2026,35,35,,760,34,5/19,,22.35,7.08,18.9,1,,1,107.2,0,2026-09-28
T20I,male,585436,T Tshose,BOT,2019-2026,63,46,,907,34,3/30,,26.67,7.33,21.8,0,,0,123.4,1,2026-09-28
T20I,male,1283098,Umair Qasim,SWA/SWZ,2021-2026,40,37,,866,34,3/14,,25.47,7.57,20.1,0,,0,114.2,2,2026-09-28
T20I,male,43590,Wahab Riaz,PAK,2008-2020,36,35,,971,34,3/18,,28.55,8.2,20.8,0,,0,118.2,2,2026-09-28
T20I,male,25613,Amjad Javed,UAE,2014-2017,22,22,,560,33,3/12,,16.96,7.53,13.5,0,,0,74.2,1,2026-09-28
T20I,male,594322,C Bosch,SA,2025-2026,22,22,,592,33,4/14,,17.93,7.89,13.6,0,,1,75.0,1,2026-09-28
T20I,male,1302781,Festus Benn,BHM,2022-2026,35,28,,589,33,3/9,,17.84,6.97,15.3,0,,0,84.3,1,2026-09-28
T20I,male,553249,BC Fortuin,SA,2019-2026,32,32,,768,33,4/24,,23.27,7.78,17.9,0,,1,98.4,3,2026-09-28
T20I,male,332366,S Godara,CAM,2023-2025,24,24,,576,33,4/5,,17.45,7.06,14.8,0,,1,81.3,5,2026-09-28
T20I,male,1431565,B Ito-Davis,JPN,2024-2026,28,24,,303,33,3/8,,9.18,4.41,12.4,0,,0,68.4,4,2026-09-28
T20I,male,696401,M Jansen,SA,2022-2026,30,30,,982,33,4/22,,29.75,8.94,19.9,0,,2,109.5,1,2026-09-28
T20I,male,1077307,Kaleemullah,OMA,2017-2024,42,42,,922,33,3/23,,27.93,7.15,23.4,0,,0,128.5,4,2026-09-28
T20I,male,1193269,A Kirschbaum,ARG,2021-2026,33,31,,620,33,3/8,,18.78,5.89,19.1,0,,0,105.1,2,2026-09-28
T20I,male,784375,CBRLS Kumara,SL,2019-2023,26,25,,755,33,3/7,,22.87,8.32,16.4,0,,0,90.4,1,2026-09-28
T20I,male,1144657,ND Laegsgaard,DEN,2019-2024,29,27,,486,33,4/19,,14.72,5.68,15.5,0,,1,85.3,1,2026-09-28
T20I,male,403902,LS Livingstone,ENG,2017-2025,60,41,,838,33,3/17,,25.39,8.72,17.4,0,,0,96.0,1,2026-09-28
T20I,male,55633,CB Mpofu,ZIM,2008-2020,32,32,,1035,33,4/30,,31.36,8.94,21,0,,1,115.4,0,2026-09-28
T20I,male,1435143,Muhammad Saqlain,HUN,2025-2026,24,24,,631,33,5/8,,19.12,8.28,13.8,2,,0,76.1,1,2026-09-28
T20I,male,1178071,F Mutua,KENYA,2023-2026,36,32,,613,33,3/5,,18.57,7.08,15.7,0,,0,86.3,3,2026-09-28
T20I,male,1153719,Noman Amjad,Fran,2021-2026,45,42,,964,33,3/9,,29.21,7.22,24.2,0,,0,133.3,0,2026-09-28
T20I,male,1122557,D Ravu,PNG,2019-2025,27,26,,559,33,5/15,,16.93,7.15,14.2,1,,1,78.1,0,2026-09-28
T20I,male,959769,BV Sears,NZ,2021-2026,28,26,,697,33,3/14,,21.12,8.05,15.7,0,,0,86.3,0,2026-09-28
T20I,male,470767,MWR Stokes,GUE,2019-2026,55,40,,814,33,3/42,,24.66,7.24,20.4,0,,0,112.2,4,2026-09-28
T20I,male,53191,JE Taylor,WI,2006-2018,30,30,,863,33,3/6,,26.15,8.63,18.1,0,,0,100.0,2,2026-09-28
T20I,male,475281,SN Thakur,IND,2018-2022,25,24,,772,33,4/27,,23.39,9.15,15.3,0,,1,84.2,0,2026-09-28
T20I,male,461632,RJW Topley,ENG,2015-2024,35,35,,978,33,3/22,,29.63,8.31,21.3,0,,0,117.4,0,2026-09-28
T20I,male,749527,T Wangchuk,BHU,2022-2025,36,36,,805,33,4/41,,24.39,7.57,19.3,0,,1,106.2,3,2026-09-28
T20I,male,917089,A Wright,CAY,2023-2026,32,30,,546,33,4/14,,16.54,5.35,18.5,0,,1,102.0,1,2026-09-28
T20I,male,595921,C Campher,IRE,2021-2026,70,53,,1130,32,4/25,,35.31,8.23,25.7,0,,2,137.1,2,2026-09-28
T20I,male,859431,HA Chohan,TAN,2021-2024,32,30,,547,32,4/15,,17.09,6.14,16.6,0,,1,89.0,3,2026-09-28
T20I,male,1000791,BJ Currie,SCOT,2023-2026,22,21,,441,32,5/13,,13.78,5.88,14,1,,0,75.0,3,2026-09-28
T20I,male,1287097,K Hinds,BHM,2021-2025,28,28,,598,32,5/18,,18.68,6.04,18.5,1,,0,99.0,4,2026-09-28
T20I,male,1535798,Irfan Ringku,ROM,2026-2026,18,17,,384,32,4/19,,12,6.63,10.8,0,,1,57.5,0,2026-09-28
T20I,male,6038,DT Johnston,IRE,2008-2013,30,28,,636,32,4/22,,19.87,6.42,18.5,0,,1,99.0,5,2026-09-28
T20I,male,1275723,SA Mohandas,HUN,2021-2026,42,40,,994,32,3/17,,31.06,7.7,24.1,0,,0,129.0,2,2026-09-28
T20I,male,1158088,Naseem Shah,PAK,2022-2026,37,36,,1057,32,3/21,,33.03,8.13,24.3,0,,0,130.0,0,2026-09-28
T20I,male,1294144,D Parashar,UAE,2023-2026,35,34,,718,32,4/12,,22.43,6.83,19.6,0,,1,105.0,2,2026-09-28
T20I,male,1347290,CB Roposo,MOZ,2022-2026,29,25,,522,32,3/14,,16.31,6.88,14.2,0,,0,75.5,2,2026-09-28
T20I,male,364327,HAM Shah,DEN,2019-2026,44,22,,403,32,4/19,,12.59,6.36,11.8,0,,2,63.2,1,2026-09-28
T20I,male,1183925,Zaki Ul Hassan,BEL,2019-2026,21,21,,549,32,4/24,,17.15,7.75,13.2,0,,2,70.5,0,2026-09-28
T20I,male,1233042,Amar Sharma,MLT,2020-2025,42,41,,1107,31,3/23,,35.7,8.23,26,0,,0,134.3,0,2026-09-28
T20I,male,469121,MJ Ansell,IOM,2020-2026,31,29,,584,31,4/12,,18.83,5.58,20.2,0,,2,104.3,2,2026-09-28
T20I,male,457249,CR Brathwaite,WI,2011-2019,41,39,,1013,31,3/20,,32.67,8.57,22.8,0,,0,118.1,1,2026-09-28
T20I,male,447261,DL Chahar,IND,2018-2023,25,25,,747,31,6/7,,24.09,8.3,17.4,1,,0,90.0,2,2026-09-28
T20I,male,422847,Harmeet Singh,USA,2024-2026,29,28,,716,31,4/18,,23.09,6.97,19.8,0,,2,102.4,1,2026-09-28
T20I,male,772471,Jasdeep Singh,USA,2019-2025,30,30,,889,31,3/22,,28.67,8.54,20.1,0,,0,104.0,2,2026-09-28
T20I,male,1283102,M Jele,SWA/SWZ,2021-2026,42,37,,793,31,3/23,,25.58,8.63,17.7,0,,0,91.5,4,2026-09-28
T20I,male,1195670,K Klein,NED,2024-2026,20,20,,542,31,4/16,,17.48,8.06,13,0,,1,67.1,2,2026-09-28
T20I,male,1082734,W Nalisa,VAN,2019-2026,36,30,,734,31,6/16,,23.67,7.12,19.9,1,,0,103.0,0,2026-09-28
T20I,male,510530,J Overton,ENG,2024-2026,27,23,,534,31,3/18,,17.22,7.75,13.3,0,,0,68.5,1,2026-09-28
T20I,male,52912,R Rampaul,WI,2007-2021,27,27,,803,31,3/16,,25.9,8.37,18.5,0,,0,95.5,1,2026-09-28
T20I,male,1046595,Sajid Liaqat,GER,2019-2026,26,26,,760,31,3/24,,24.51,9.26,15.8,0,,0,82.0,0,2026-09-28
T20I,male,1380679,Shahid Afridi,GER,2023-2026,28,25,,531,31,4/12,,17.12,8.87,11.5,0,,2,59.5,1,2026-09-28
T20I,male,1479956,U Shantu,POR,2025-2026,22,21,,511,31,4/23,,16.48,7.03,14,0,,1,72.4,2,2026-09-28
T20I,male,1345177,K Thuchila,MWI,2024-2026,27,26,,506,31,6/8,,16.32,5.62,17.4,1,,0,90.0,5,2026-09-28
T20I,male,348152,Usman Qadir,PAK,2020-2023,25,21,,573,31,4/13,,18.48,7.95,13.9,0,,1,72.0,0,2026-09-28
T20I,male,443263,HR Walsh,USA/WI,2019-2024,39,33,,842,31,3/23,,27.16,7.95,20.4,0,,0,105.5,0,2026-09-28
T20I,male,1345170,Waseem Yaqoob,LES,2022-2026,21,21,,530,31,6/18,,17.09,8.23,12.4,1,,1,64.2,2,2026-09-28
T20I,male,1156473,S Wickramasekara,CZK-R,2019-2026,41,35,,812,31,5/15,,26.19,7.17,21.9,1,,1,113.1,2,2026-09-28
T20I,male,247235,CR Woakes,ENG,2011-2023,33,33,,822,31,3/4,,26.51,8.07,19.7,0,,0,101.5,1,2026-09-28
T20I,male,402245,Amir Hamza,AFG,2013-2021,33,33,,752,30,3/39,,25.06,6.77,22.2,0,,0,111.0,2,2026-09-28
T20I,male,1082745,Anjar Tadarus,INA,2022-2026,89,43,,748,30,5/8,,24.93,7.51,19.9,1,,1,99.3,0,2026-09-28
T20I,male,574178,A Dananjaya,SL,2012-2024,33,33,,965,30,3/36,,32.16,8.25,23.3,0,,0,116.5,1,2026-09-28
T20I,male,1195672,A Dutt,NED,2021-2026,30,30,,675,30,3/17,,22.5,6.93,19.4,0,,0,97.2,1,2026-09-28
T20I,male,1068983,Haroon Arshad,HKG,2019-2024,36,34,,719,30,5/16,,23.96,8.5,16.9,1,,2,84.3,3,2026-09-28
T20I,male,1143567,Ibrahim Rizan,MDV,2019-2024,42,36,,742,30,3/6,,24.73,7.05,21,0,,0,105.1,3,2026-09-28
T20I,male,1314048,Imran Ameer,MLT,2022-2026,35,32,,750,30,3/17,,25,7.08,21.1,0,,0,105.5,2,2026-09-28
T20I,male,625960,KA Jamieson,NZ,2020-2026,32,32,,1073,30,3/8,,35.76,9.59,22.3,0,,0,111.5,2,2026-09-28
T20I,male,1347285,Joshua Asia,NGA,2022-2025,25,22,,318,30,4/11,,10.6,4.6,13.8,0,,2,69.0,3,2026-09-28
T20I,male,524075,T Lungameni,NAM,2019-2025,41,40,,913,30,3/13,,30.43,7.54,24.2,0,,0,121.0,3,2026-09-28
T20I,male,319439,MJ McClenaghan,ICC/NZ,2012-2018,29,29,,789,30,3/17,,26.3,7.78,20.2,0,,0,101.2,2,2026-09-28
T20I,male,568452,Muhammad Wafiq,MAS,2019-2026,42,40,,911,30,3/10,,30.36,7.77,23.4,0,,0,117.1,4,2026-09-28
T20I,male,1183914,Murid Ekrami,BEL,2019-2026,32,32,,720,30,3/21,,24,7.18,20,0,,0,100.1,1,2026-09-28
T20I,male,238612,NN Odhiambo,KENYA,2007-2022,43,37,,832,30,5/20,,27.73,8.14,20.4,1,,0,102.1,1,2026-09-28
T20I,male,1093676,C Pengkumta,THA,2019-2026,37,33,,630,30,4/22,,21,7.18,17.5,0,,1,87.4,2,2026-09-28
T20I,male,1338585,GA Priandana,INA,2022-2026,90,36,,556,30,5/1,,18.53,7.39,15,1,,1,75.1,1,2026-09-28
T20I,male,492762,Utkarsh Jain,CAM,2023-2025,27,27,,557,30,3/21,,18.56,5.97,18.6,0,,0,93.1,3,2026-09-28
T20I,male,1440888,Yves Cyusa,RWN,2024-2026,42,26,,398,30,4/13,,13.26,6.03,13.2,0,,1,66.0,2,2026-09-28
T20I,male,1284220,NK Aneesh Kumar,SUI,2021-2026,36,35,,750,29,3/3,,25.86,6.5,23.8,0,,0,115.2,1,2026-09-28
T20I,male,1178905,B Arora,MLT,2019-2024,56,46,,1001,29,3/20,,34.51,8.04,25.7,0,,0,124.3,0,2026-09-28
T20I,male,535353,OEG Baartman,SA,2024-2026,21,21,,591,29,4/11,,20.37,8.11,15,0,,2,72.5,1,2026-09-28
T20I,male,1195245,V Baskaran,SGP,2019-2022,33,33,,783,29,3/39,,27,7.54,21.4,0,,0,103.5,3,2026-09-28
T20I,male,550235,TK Curran,ENG,2017-2021,30,29,,907,29,4/36,,31.27,9.25,20.2,0,,1,98.0,1,2026-09-28
T20I,male,1253822,Gulsan Jha,NEP,2022-2026,59,35,,640,29,3/31,,22.06,7.15,18.5,0,,0,89.3,1,2026-09-28
T20I,male,1479955,R Hashu,POR,2025-2026,21,20,,392,29,4/17,,13.51,7.37,11,0,,1,53.1,2,2026-09-28
T20I,male,1263361,MJ Humphreys,IRE,2023-2026,20,20,,530,29,4/13,,18.27,7.08,15.4,0,,2,74.5,0,2026-09-28
T20I,male,1450919,K Juma,TAN,2024-2026,19,19,,391,29,4/13,,13.48,5.9,13.6,0,,1,66.1,2,2026-09-28
T20I,male,364148,KS Leverock,BER,2019-2026,33,28,,604,29,4/28,,20.82,6.73,18.5,0,,1,89.4,1,2026-09-28
T20I,male,1397991,Muhammad Jabir,QAT,2023-2025,28,28,,768,29,4/37,,26.48,8.91,17.8,0,,1,86.1,0,2026-09-28
T20I,male,1143525,GBW Munaweera,QAT,2019-2024,29,29,,740,29,2/18,,25.51,7.95,19.2,0,,0,93.0,1,2026-09-28
T20I,male,390481,HV Patel,IND,2021-2023,25,24,,770,29,4/25,,26.55,9.18,17.3,0,,1,83.5,0,2026-09-28
T20I,male,554066,WA Peatfield,GUE,2019-2022,21,21,,457,29,4/22,,15.75,6.09,15.5,0,,1,75.0,0,2026-09-28
T20I,male,646181,N Pokana,PNG,2016-2024,31,30,,669,29,3/21,,23.06,6.76,20.4,0,,0,98.5,3,2026-09-28
T20I,male,1321991,AR Puri,SGP,2022-2025,38,38,,922,29,3/26,,31.79,7.88,24.2,0,,0,117.0,2,2026-09-28
T20I,male,1161031,Saim Ayub,PAK,2023-2026,67,35,,646,29,3/25,,22.27,7.17,18.6,0,,0,90.0,0,2026-09-28
T20I,male,1438224,NM Salonen,FIN,2024-2026,31,28,,593,29,4/45,,20.44,6.93,17.6,0,,1,85.3,2,2026-09-28
T20I,male,1046601,Shahil Momin,AUT,2021-2023,24,24,,533,29,4/19,,18.37,6.38,17.2,0,,2,83.3,1,2026-09-28
T20I,male,1273173,Surya Anand,DEN,2021-2026,38,36,,654,29,4/2,,22.55,6.27,21.5,0,,1,104.1,4,2026-09-28
T20I,male,1318855,Zaker Taqawi,SWE,2022-2024,16,16,,361,29,5/17,,12.44,6.5,11.4,2,,1,55.3,2,2026-09-28
T20I,male,580989,Khalid Zahid,SWE,2021-2025,31,31,,734,28,3/15,,26.21,6.91,22.7,0,,0,106.1,1,2026-09-28
T20I,male,1280678,LS Barkania,TAN,2024-2026,20,20,,314,28,4/6,,11.21,4.76,14.1,0,,1,65.5,1,2026-09-28
T20I,male,1435270,Baseer Khan,AUT,2024-2026,51,24,,527,28,4/10,,18.82,6.93,16.2,0,,2,76.0,2,2026-09-28
T20I,male,25490,RD Berrington,SCOT,2008-2026,108,41,,660,28,3/17,,23.57,7.64,18.5,0,,0,86.2,0,2026-09-28
T20I,male,25451,RM Haq,SCOT,2007-2013,21,20,,472,28,3/20,,16.85,6.29,16,0,,0,75.0,1,2026-09-28
T20I,male,926629,Hasan Mahmud,BAN,2020-2025,26,26,,693,28,3/33,,24.75,7.78,19,0,,0,89.0,2,2026-09-28
T20I,male,332996,KM Jarvis,ZIM,2011-2019,22,22,,665,28,3/15,,23.75,8.9,16,0,,0,74.4,0,2026-09-28
T20I,male,1155576,B Khumalo,BOT,2019-2026,43,40,,807,28,3/14,,28.82,7.42,23.2,0,,0,108.4,2,2026-09-28
T20I,male,339095,D Klein,GER,2020-2023,23,23,,536,28,3/31,,19.14,6.09,18.8,0,,0,88.0,0,2026-09-28
T20I,male,6278,B Lee,AUS,2005-2012,25,25,,714,28,3/23,,25.5,7.86,19.4,0,,0,90.5,0,2026-09-28
T20I,male,1334805,A Limdawala,MWI,2022-2026,62,38,,688,28,4/23,,24.57,7.22,20.3,0,,1,95.1,1,2026-09-28
T20I,male,685831,Luqman Butt,CAM,2023-2025,45,38,,853,28,4/40,,30.46,7.74,23.6,0,,1,110.1,1,2026-09-28
T20I,male,1230624,P Malav,LUX,2020-2024,28,27,,644,28,3/22,,23,7.44,18.5,0,,0,86.3,0,2026-09-28
T20I,male,1403368,Milad Momend,LUX,2023-2026,19,19,,591,28,4/38,,21.1,8.82,14.3,0,,1,67.0,0,2026-09-28
T20I,male,6981,DP Nannes,AUS/NED,2009-2010,17,16,,459,28,4/18,,16.39,7.52,13,0,,1,61.0,2,2026-09-28
T20I,male,1089824,GE Ngegba,SLE,2022-2024,28,23,,453,28,5/12,,16.17,5.35,18.1,1,,0,84.4,2,2026-09-28
T20I,male,32685,IK Pathan,IND,2006-2012,24,23,,618,28,3/16,,22.07,8.02,16.5,0,,0,77.0,1,2026-09-28
T20I,male,1409303,AA Rahayu,INA,2023-2026,46,27,,382,28,4/11,,13.64,5.71,14.3,0,,2,66.5,1,2026-09-28
T20I,male,1193275,AAP Rivero,ARG,2023-2026,27,24,,429,28,4/17,,15.32,5.28,17.3,0,,1,81.1,2,2026-09-28
T20I,male,300619,Rubel Hossain,BAN,2009-2021,28,27,,912,28,3/31,,32.57,9.45,20.6,0,,0,96.3,0,2026-09-28
T20I,male,318339,Samiullah Shinwari,AFG,2010-2022,65,38,,688,28,5/13,,24.57,6.51,22.6,1,,1,105.4,0,2026-09-28
T20I,male,1274047,J Shaju,MLT,2021-2024,23,23,,647,28,4/17,,23.1,8.36,16.5,0,,1,77.2,0,2026-09-28
T20I,male,42657,Shoaib Malik,ICC/PAK,2006-2021,124,49,,675,28,2/7,,24.1,7.1,20.3,0,,0,95.0,0,2026-09-28
T20I,male,1082761,DC Smith,PHI,2019-2026,40,33,,724,28,4/20,,25.85,7.58,20.4,0,,1,95.3,2,2026-09-28
T20I,male,8076,SW Tait,AUS,2007-2016,21,21,,589,28,3/13,,21.03,7.39,17,0,,0,79.4,2,2026-09-28
T20I,male,334621,SC van Schalkwyk,USA,2024-2026,18,18,,513,28,4/25,,18.32,8.62,12.7,0,,2,59.3,0,2026-09-28
T20I,male,1198949,S Vashisht,ROM,2019-2026,41,28,,558,28,4/22,,19.92,6.18,19.3,0,,2,90.1,5,2026-09-28
T20I,male,36084,Yuvraj Singh,IND,2007-2017,58,31,,499,28,3/17,,17.82,7.06,15.1,0,,0,70.4,0,2026-09-28
T20I,male,694211,Avesh Khan,IND,2022-2024,25,24,,752,27,4/18,,27.85,9.04,18.4,0,,1,83.1,1,2026-09-28
T20I,male,355583,HS Baidwan,CAN,2008-2013,17,17,,411,27,4/19,,15.22,7.63,11.9,0,,1,53.5,1,2026-09-28
T20I,male,210283,ST Finn,ENG,2011-2015,21,21,,583,27,3/16,,21.59,7.28,17.7,0,,0,80.0,0,2026-09-28
T20I,male,873199,CN Greaves,SCOT,2021-2025,35,30,,611,27,3/26,,22.62,7.63,17.7,0,,0,80.0,0,2026-09-28
T20I,male,1434632,Jakob Gul,BUL,2024-2026,22,19,,539,27,4/37,,19.96,7.48,16,0,,1,72.0,0,2026-09-28
T20I,male,1118836,CJPF Kalugamage,ITA,2022-2026,22,22,,479,27,4/17,,17.74,6.66,15.9,0,,1,71.5,3,2026-09-28
T20I,male,1071473,JN Loftie-Eaton,NAM,2021-2026,63,35,,591,27,4/10,,21.88,7.64,17.1,0,,1,77.2,0,2026-09-28
T20I,male,481896,Mohammed Shami,IND,2014-2025,25,25,,761,27,3/15,,28.18,8.95,18.8,0,,0,85.0,1,2026-09-28
T20I,male,1387873,LJ Myott,PHI,2023-2025,22,22,,477,27,4/11,,17.66,6.07,17.4,0,,1,78.3,3,2026-09-28
T20I,male,524247,A Nao,PNG,2017-2026,27,27,,538,27,3/15,,19.92,6.2,19.2,0,,0,86.4,6,2026-09-28
T20I,male,293031,E Otieno,KENYA,2012-2022,31,31,,633,27,3/16,,23.44,7.12,19.7,0,,0,88.5,3,2026-09-28
T20I,male,233258,NK Patel,USA,2019-2024,21,21,,377,27,4/17,,13.96,5.57,15,0,,1,67.4,1,2026-09-28
T20I,male,1438792,A Shahi,CYP,2024-2026,24,23,,546,27,3/20,,20.22,7.97,15.2,0,,0,68.3,0,2026-09-28
T20I,male,820691,OF Smith,WI,2018-2023,27,26,,772,27,3/29,,28.59,10.29,16.6,0,,0,75.0,0,2026-09-28
T20I,male,533042,B Stanlake,AUS,2017-2019,19,19,,544,27,4/8,,20.14,7.77,15.5,0,,1,70.0,2,2026-09-28
T20I,male,1329697,Sufyan Moqim,PAK,2023-2025,19,19,,398,27,5/3,,14.74,6.28,14,1,,0,63.2,2,2026-09-28
T20I,male,1380680,R Thapliyal,BEL,2023-2026,16,16,,407,27,4/28,,15.07,7.22,12.5,0,,2,56.2,1,2026-09-28
T20I,male,328026,I Udana,SL,2009-2021,35,32,,915,27,3/11,,33.88,8.7,23.3,0,,0,105.1,1,2026-09-28
T20I,male,1280663,C Udekwe,NGA,2022-2025,26,24,,433,27,3/12,,16.03,5.76,16.7,0,,0,75.1,3,2026-09-28
T20I,male,1284669,Usman Khalid,KSA,2021-2025,34,29,,526,27,4/6,,19.48,5.95,19.6,0,,2,88.2,4,2026-09-28
T20I,male,297583,KJ Abbott,SA,2013-2016,21,21,,579,26,3/20,,22.26,7.96,16.7,0,,0,72.4,0,2026-09-28
T20I,male,1197880,Z Burgess,BER,2021-2026,33,32,,581,26,3/20,,22.34,5.91,22.6,0,,0,98.1,0,2026-09-28
T20I,male,1062706,HL Carlyon,JER,2019-2026,50,33,,485,26,3/14,,18.65,5.87,19,0,,0,82.3,1,2026-09-28
T20I,male,1155588,TD Chaoana,LES,2021-2026,32,32,,789,26,3/16,,30.34,7.5,24.2,0,,0,105.1,1,2026-09-28
T20I,male,1163158,FA Cossa,MOZ,2019-2024,37,33,,660,26,3/18,,25.38,6.33,24,0,,0,104.1,3,2026-09-28
T20I,male,1209190,MW Forde,WI,2023-2026,28,26,,725,26,3/19,,27.88,8.46,19.7,0,,0,85.4,1,2026-09-28
T20I,male,1082752,Gaurav Tiwari,INA,2024-2026,26,25,,547,26,4/12,,21.03,6.44,19.5,0,,1,84.5,1,2026-09-28
T20I,male,1036585,OD Hald,DEN,2019-2024,27,25,,462,26,3/5,,17.76,6.84,15.5,0,,0,67.3,1,2026-09-28
T20I,male,1301596,Huzaifa Mohammed,PHI,2022-2026,30,30,,634,26,3/25,,24.38,6.04,24.1,0,,0,104.5,3,2026-09-28
T20I,male,345279,Irfan Hafejee,PAN,2021-2026,27,25,,555,26,3/18,,21.34,6.8,18.8,0,,0,81.3,0,2026-09-28
T20I,male,46248,JA Morkel,SA,2005-2015,50,46,,864,26,3/12,,33.23,8.01,24.8,0,,0,107.5,2,2026-09-28
T20I,male,1204631,Najjam Shahzad,POR,2019-2025,30,28,,560,26,3/25,,21.53,6.8,19,0,,0,82.2,0,2026-09-28
T20I,male,959767,R Ravindra,NZ,2021-2026,52,25,,454,26,4/27,,17.46,6.98,15,0,,1,65.0,1,2026-09-28
T20I,male,1403921,L Rossi,ARG,2023-2026,20,17,,288,26,5/3,,11.07,4.96,13.3,1,,2,58.0,2,2026-09-28
T20I,male,1036603,Saud Munir,DEN,2022-2026,20,20,,411,26,5/21,,15.8,6.16,15.3,1,,1,66.4,1,2026-09-28
T20I,male,531953,MC Sorensen,IRE,2012-2016,26,22,,471,26,3/17,,18.11,7.24,15,0,,0,65.0,2,2026-09-28
T20I,male,311158,BA Stokes,ENG,2011-2022,43,36,,856,26,3/26,,32.92,8.39,23.5,0,,0,102.0,1,2026-09-28
T20I,male,402066,Sufyan Mehmood,OMA,2015-2026,31,30,,753,26,3/26,,28.96,8.32,20.8,0,,0,90.3,1,2026-09-28
T20I,male,1438802,Taranjit Singh,CYP,2024-2026,25,21,,497,26,4/15,,19.11,7.15,16,0,,1,69.3,1,2026-09-28
T20I,male,1447229,OE Taylor,COK,2024-2026,17,15,,323,26,5/17,,12.42,6.87,10.8,1,,0,47.0,2,2026-09-28
T20I,male,55820,P Utseya,ZIM,2006-2015,35,35,,858,26,3/25,,33,6.87,28.8,0,,0,124.5,2,2026-09-28
T20I,male,1286509,JB Abega,CAM,2021-2026,27,25,,540,25,5/24,,21.6,7.48,17.3,1,,1,72.1,2,2026-09-28
T20I,male,1143136,VD Adewoye,NGA,2019-2026,55,24,,471,25,5/11,,18.84,7.96,14.2,1,,2,59.1,3,2026-09-28
T20I,male,568447,Anwar Rahman,MAS,2019-2023,22,20,,373,25,4/16,,14.92,6.04,14.8,0,,1,61.4,1,2026-09-28
T20I,male,1457570,Asif Ali,BHR,2024-2026,59,39,,547,25,2/1,,21.88,6.47,20.2,0,,0,84.3,0,2026-09-28
T20I,male,36326,SE Bond,NZ,2005-2010,20,20,,543,25,3/18,,21.72,7,18.6,0,,0,77.3,2,2026-09-28
T20I,male,1310415,JT Brassell,NAM,2024-2026,30,29,,743,25,3/26,,29.72,8.82,20.2,0,,0,84.1,0,2026-09-28
T20I,male,1399347,ROC Dunka,CAY,2023-2026,29,28,,692,25,3/23,,27.68,8.37,19.8,0,,0,82.4,1,2026-09-28
T20I,male,348135,N Dutta,CAN,2019-2024,25,25,,527,25,4/12,,21.08,6.65,19,0,,1,79.1,1,2026-09-28
T20I,male,29264,Harbhajan Singh,IND,2006-2016,28,27,,633,25,4/12,,25.32,6.2,24.4,0,,1,102.0,5,2026-09-28
T20I,male,379927,BE Hendricks,SA,2014-2021,19,19,,627,25,4/14,,25.08,9.19,16.3,0,,1,68.1,0,2026-09-28
T20I,male,1369438,R Kalimuthu,SGP,2023-2025,15,15,,431,25,5/21,,17.24,8.26,12.5,1,,0,52.1,2,2026-09-28
T20I,male,1141934,Kushal Malla,NEP,2019-2026,67,33,,424,25,4/33,,16.96,6.13,16.6,0,,1,69.1,1,2026-09-28
T20I,male,1204130,HV Mandhyan,HUN,2021-2024,21,20,,556,25,3/30,,22.24,7.15,18.6,0,,0,77.4,2,2026-09-28
T20I,male,1158100,Mohammad Hasnain,PAK,2019-2024,28,27,,877,25,3/37,,35.08,8.51,24.7,0,,0,103.0,0,2026-09-28
T20I,male,1314062,Muhammad Moiz,ROM,2024-2025,19,18,,436,25,3/18,,17.44,8.17,12.8,0,,0,53.2,1,2026-09-28
T20I,male,24230,Nadeem Ahmed,HKG,2014-2017,24,24,,546,25,4/21,,21.84,6.61,19.8,0,,1,82.3,3,2026-09-28
T20I,male,24752,CO Obuya,KENYA,2007-2024,75,27,,487,25,4/27,,19.48,6.92,16.8,0,,1,70.2,1,2026-09-28
T20I,male,677081,KMA Paul,WI,2018-2022,23,23,,700,25,5/15,,28,9.09,18.4,1,,0,77.0,0,2026-09-28
T20I,male,19264,LE Plunkett,ENG,2006-2019,22,22,,627,25,3/21,,25.08,7.9,19,0,,0,79.2,1,2026-09-28
T20I,male,403327,Raaz Mohammad,FIN,2021-2025,23,22,,473,25,4/7,,18.92,6.92,16.4,0,,1,68.2,2,2026-09-28
T20I,male,25955,B Regmi,NEP,2014-2019,18,18,,405,25,4/16,,16.2,6.51,14.9,0,,1,62.1,0,2026-09-28
T20I,male,273439,SMSM Senanayake,SL,2012-2016,24,23,,549,25,4/46,,21.96,6.77,19.4,0,,1,81.0,0,2026-09-28
T20I,male,1403962,Shoaib Rafiq,MEX,2023-2026,20,20,,294,25,5/12,,11.76,4.67,15,1,,0,62.5,3,2026-09-28
T20I,male,217528,T Taylor,CAY,2019-2025,25,23,,503,25,4/43,,20.12,7.06,17,0,,1,71.1,0,2026-09-28
T20I,male,1447217,D Visser,Samoa,2024-2026,23,20,,447,25,4/11,,17.88,6.68,16,0,,1,66.5,2,2026-09-28
T20I,male,1432703,Zaheer Zahiri,Fran,2024-2026,19,19,,485,25,3/22,,19.4,7.25,16,0,,0,66.5,0,2026-09-28
Test,female,53762,MB Duggan,ENG-W,1949-1963,17,27,3734,1039,77,7/6,9/58,13.49,1.66,48.4,5,0,,,,2026-09-28
Test,female,53637,ER Wilson,AUS-W,1948-1958,11,21,2885,803,68,7/7,11/16,11.8,1.67,42.4,4,2,,,,2026-09-28
Test,female,54044,DF Edulji,IND-W,1976-1991,20,35,5098,1624,63,6/64,6/64,25.77,1.91,80.9,1,0,,,,2026-09-28
Test,female,53422,CL Fitzpatrick,AUS-W,1991-2006,13,24,3603,1147,60,5/29,9/112,19.11,1.91,60,2,0,,,,2026-09-28
Test,female,54082,S Kulkarni,IND-W,1976-1991,19,32,3320,1647,60,6/99,7/57,27.45,2.97,55.3,5,0,,,,2026-09-28
Test,female,53885,ME Maclagan,ENG-W,1934-1951,14,27,3432,935,60,7/10,7/41,15.58,1.63,57.2,3,0,,,,2026-09-28
Test,female,53573,R Thompson,AUS-W,1972-1985,16,30,4304,1040,57,5/33,8/31,18.24,1.44,75.5,1,0,,,,2026-09-28
Test,female,54410,J Lord,NZ-W,1966-1979,15,23,3104,1049,55,6/119,10/137,19.07,2.02,56.4,4,1,,,,2026-09-28
Test,female,53906,K Sciver-Brunt,ENG-W,2004-2022,14,25,2611,1098,51,6/69,9/111,21.52,2.52,51.1,3,0,,,,2026-09-28
Test,female,53731,E Bakewell,ENG-W,1968-1979,12,22,2698,831,50,7/61,10/75,16.62,1.84,53.9,3,1,,,,2026-09-28
Test,female,878039,S Ecclestone,ENG-W,2017-2026,10,18,2841,1376,48,5/63,10/192,28.66,2.9,59.1,4,1,,,,2026-09-28
Test,female,53587,DL Wilson,AUS-W,1984-1991,11,20,2812,880,48,5/27,9/92,18.33,1.87,58.5,2,0,,,,2026-09-28
Test,female,53932,J Goswami,IND-W,2002-2021,12,21,2266,764,44,5/25,10/78,17.36,2.02,51.5,3,1,,,,2026-09-28
Test,female,53912,N David,IND-W,1995-2006,10,16,2662,775,41,8/53,9/90,18.9,1.74,64.9,1,0,,,,2026-09-28
Test,female,53502,LA Fullston,AUS-W,1984-1987,12,23,3610,1047,41,4/53,7/95,25.53,1.74,88,0,0,,,,2026-09-28
Test,female,53814,GE McConway,ENG-W,1984-1987,14,25,3826,1019,40,7/34,7/40,25.47,1.59,95.6,2,0,,,,2026-09-28
Test,female,275487,EA Perry,AUS-W,2008-2026,15,23,2061,851,39,6/32,9/70,21.82,2.47,52.8,2,0,,,,2026-09-28
Test,female,53854,AM Starling,ENG-W,1984-1986,11,21,2738,912,37,5/36,7/97,24.64,1.99,74,1,0,,,,2026-09-28
Test,female,53724,ME Hide,ENG-W,1934-1954,15,26,2064,549,36,5/20,8/58,15.25,1.59,57.3,1,0,,,,2026-09-28
Test,female,53523,M Knee,AUS-W,1961-1972,8,16,2274,570,35,5/35,8/57,16.28,1.5,64.9,2,0,,,,2026-09-28
Test,female,54438,JM Saulbrey,NZ-W,1966-1975,11,19,3623,951,35,5/32,8/52,27.17,1.57,103.5,1,0,,,,2026-09-28
Test,female,53844,EA Sanders,ENG-W,1954-1969,11,19,2123,532,32,4/29,7/69,16.62,1.5,66.3,0,0,,,,2026-09-28
Test,female,53474,P Antonio,AUS-W,1934-1937,6,11,990,431,31,6/49,9/91,13.9,2.61,31.9,3,0,,,,2026-09-28
Test,female,858809,A Gardner,AUS-W,2019-2026,8,14,1418,599,31,8/66,12/165,19.32,2.53,45.7,1,1,,,,2026-09-28
Test,female,53704,LC Pearson,ENG-W,1996-2004,12,20,2194,881,30,7/51,11/107,29.36,2.4,73.1,1,1,,,,2026-09-28
Test,female,556537,S Rana,IND-W,2021-2026,6,10,1262,629,30,8/77,10/188,20.96,2.99,42,1,1,,,,2026-09-28
Test,female,53576,SA Tredrea,AUS-W,1975-1984,10,16,2455,784,30,4/22,7/47,26.13,1.91,81.8,0,0,,,,2026-09-28
Test,female,53776,JM Greenwood,ENG-W,1976-1979,6,11,1123,468,29,6/46,11/63,16.13,2.5,38.7,3,1,,,,2026-09-28
Test,female,53726,IT Guha,ENG-W,2002-2011,8,15,1491,549,29,5/40,9/100,18.93,2.2,51.4,1,0,,,,2026-09-28
Test,female,53800,JL Gunn,ENG-W,2004-2014,11,21,2189,645,29,5/19,5/59,22.24,1.76,75.4,1,0,,,,2026-09-28
Test,female,53744,JM Chamberlain,ENG-W,1987-1995,9,13,1840,693,28,5/26,8/126,24.75,2.25,65.7,2,0,,,,2026-09-28
Test,female,54625,LG Ward,SA-W,1960-1972,7,12,1420,467,27,6/48,7/76,17.29,1.97,52.5,3,0,,,,2026-09-28
Test,female,53527,LA Larsen,AUS-W,1984-1992,15,24,2124,487,26,4/33,6/73,18.73,1.37,81.6,0,0,,,,2026-09-28
Test,female,53559,K Price,AUS-W,1975-1985,8,13,1724,528,26,6/72,10/107,20.3,1.83,66.3,1,1,,,,2026-09-28
Test,female,53489,MJ Lutschini,AUS-W,1976-1979,9,14,1842,503,25,5/51,5/51,20.12,1.63,73.6,1,0,,,,2026-09-28
Test,female,297085,KL Cross,ENG-W,2014-2023,8,16,1464,768,25,4/63,6/70,30.72,3.14,58.5,0,0,,,,2026-09-28
Test,female,54253,S Gupta,IND-W,1984-1991,13,24,1962,782,25,4/47,8/100,31.28,2.39,78.4,0,0,,,,2026-09-28
Test,female,55136,V Latty-Scott,WI-W,1976-1979,10,14,1909,503,25,5/48,5/48,20.12,1.58,76.3,1,0,,,,2026-09-28
Test,female,597811,DB Sharma,IND-W,2021-2026,7,11,1198,475,25,5/7,9/39,19,2.37,47.9,1,0,,,,2026-09-28
Test,female,53713,CE Taylor,ENG-W,1995-2003,16,24,2383,1011,25,4/38,5/95,40.44,2.54,95.3,0,0,,,,2026-09-28
Test,female,55159,P Whittaker,WI-W,1976-1979,11,18,1260,484,25,4/22,4/31,19.36,2.3,50.4,0,0,,,,2026-09-28
Test,female,53693,CJ Connor,ENG-W,1995-2005,16,23,2061,670,24,5/65,5/65,27.91,1.95,85.8,1,0,,,,2026-09-28
Test,female,249934,LA Marsh,ENG-W,2006-2019,9,17,2045,811,24,3/44,4/83,33.79,2.37,85.2,0,0,,,,2026-09-28
Test,female,53785,CA Hodges,ENG-W,1984-1992,18,26,2556,678,23,4/21,4/21,29.47,1.59,111.1,0,0,,,,2026-09-28
Test,female,53461,LC Sthalekar,AUS-W,2003-2011,8,16,1745,482,23,5/30,6/114,20.95,1.65,75.8,1,0,,,,2026-09-28
Test,female,53485,KM Brown,AUS-W,1987-1992,9,15,1590,346,22,5/32,5/32,15.72,1.3,72.2,1,0,,,,2026-09-28
Test,female,53513,DA Gordon,AUS-W,1968-1977,9,15,1808,508,22,5/57,10/118,23.09,1.68,82.1,2,1,,,,2026-09-28
Test,female,53585,BN Whiteman,AUS-W,1948-1951,7,14,1635,452,22,4/33,5/50,20.54,1.65,74.3,0,0,,,,2026-09-28
Test,female,878025,LK Bell,ENG-W,2022-2026,6,11,900,511,21,4/27,8/76,24.33,3.4,42.8,0,0,,,,2026-09-28
Test,female,54361,JA Burley,NZ-W,1966-1969,6,11,1571,553,21,7/41,9/69,26.33,2.11,74.8,1,0,,,,2026-09-28
Test,female,54371,PF Carrick,NZ-W,1969-1977,7,14,1617,489,21,6/29,9/85,23.28,1.81,77,1,0,,,,2026-09-28
Test,female,53782,H Hegarty,ENG-W,1954-1963,7,13,1581,415,21,5/48,5/48,19.76,1.57,75.2,1,0,,,,2026-09-28
Test,female,54274,S Rangaswamy,IND-W,1976-1991,16,25,1555,664,21,4/42,6/114,31.61,2.56,74,0,0,,,,2026-09-28
Test,female,53578,P Verco,AUS-W,1977-1985,13,23,2058,492,21,3/20,3/35,23.42,1.43,98,0,0,,,,2026-09-28
Test,female,53426,ZJ Goss,AUS-W,1987-1996,12,19,1956,511,20,3/15,5/49,25.55,1.56,97.8,0,0,,,,2026-09-28
Test,female,54240,S Chakraborty,IND-W,1976-1984,11,15,1196,420,19,5/25,7/70,22.1,2.1,62.9,1,0,,,,2026-09-28
Test,female,54377,JM Coulston,NZ-W,1954-1957,5,8,1171,341,19,4/38,5/81,17.94,1.74,61.6,0,0,,,,2026-09-28
Test,female,53551,UL Paisley,AUS-W,1948-1961,12,19,1365,436,19,3/10,3/22,22.94,1.91,71.8,0,0,,,,2026-09-28
Test,female,54432,SJ Rattray,NZ-W,1975-1985,9,13,1128,461,19,5/76,5/76,24.26,2.45,59.3,1,0,,,,2026-09-28
Test,female,55017,Shaiza Khan,PAK-W,1998-2004,3,5,864,457,19,7/59,13/226,24.05,3.17,45.4,2,1,,,,2026-09-28
Test,female,254238,A Shrubsole,ENG-W,2013-2022,8,15,1556,635,19,4/51,7/99,33.42,2.44,81.8,0,0,,,,2026-09-28
Test,female,1071705,A Sutherland,AUS-W,2021-2026,7,13,831,442,19,4/46,6/61,23.26,3.19,43.7,0,0,,,,2026-09-28
Test,female,54454,JA Turner,NZ-W,1990-1992,6,9,1311,469,19,3/42,5/84,24.68,2.14,69,0,0,,,,2026-09-28
Test,female,54360,P Blackler,NZ-W,1948-1966,12,17,1034,527,18,4/22,5/66,29.27,3.05,57.4,0,0,,,,2026-09-28
Test,female,54288,CA Campbell,NZ-W,1990-1996,9,12,2033,720,18,4/94,5/146,40,2.12,112.9,0,0,,,,2026-09-28
Test,female,53793,WM Johnson,ENG-W,1949-1954,10,18,1689,514,18,4/18,5/26,28.55,1.82,93.8,0,0,,,,2026-09-28
Test,female,53829,M Pilling,ENG-W,1963-1976,11,20,1947,690,18,4/53,6/113,38.33,2.12,108.1,0,0,,,,2026-09-28
Test,female,53855,J Stephenson,ENG-W,1966-1976,12,20,1928,553,18,4/38,4/38,30.72,1.72,107.1,0,0,,,,2026-09-28
Test,female,273004,RM Farrell,AUS-W,2009-2014,3,6,637,168,17,5/23,7/55,9.88,1.58,37.4,1,0,,,,2026-09-28
Test,female,53698,KM Leng,ENG-W,1995-2003,12,16,1429,676,17,3/49,5/83,39.76,2.83,84,0,0,,,,2026-09-28
Test,female,53534,D Martin,AUS-W,1984-1985,7,14,1332,305,17,4/24,6/36,17.94,1.37,78.3,0,0,,,,2026-09-28
Test,female,53734,E Barker,ENG-W,1957-1969,15,20,1886,600,16,4/94,4/81,37.5,1.9,117.8,0,0,,,,2026-09-28
Test,female,55107,S Bayley,WI-W,1976-1979,11,14,1560,490,16,3/70,3/31,30.62,1.88,97.5,0,0,,,,2026-09-28
Test,female,53468,M Baylis,AUS-W,1948-1951,6,12,1242,314,16,2/20,4/95,19.62,1.51,77.6,0,0,,,,2026-09-28
Test,female,388845,D Brown,AUS-W,2021-2026,6,12,780,429,16,5/21,7/68,26.81,3.3,48.7,1,0,,,,2026-09-28
Test,female,53512,A Hudson,AUS-W,1935-1951,9,15,610,260,16,3/9,5/46,16.25,2.55,38.1,0,0,,,,2026-09-28
Test,female,53524,L Kutcher,AUS-W,1963-1969,4,8,881,298,16,5/49,6/68,18.62,2.02,55,2,0,,,,2026-09-28
Test,female,53721,K Smithies,ENG-W,1987-1999,15,20,2196,729,16,3/63,3/100,45.56,1.99,137.2,0,0,,,,2026-09-28
Test,female,54397,JE Harris,NZ-W,1990-1996,10,15,1796,691,15,4/119,4/119,46.06,2.3,119.7,0,0,,,,2026-09-28
Test,female,54333,KM Keenan,NZ-W,1995-1996,5,8,903,348,15,6/73,6/73,23.2,2.31,60.2,1,0,,,,2026-09-28
Test,female,944393,AM King,AUS-W,2022-2026,6,9,852,386,15,5/53,9/98,25.73,2.71,56.8,1,0,,,,2026-09-28
Test,female,53544,SA Moffat,AUS-W,1990-1991,5,9,1025,191,15,4/43,5/39,12.73,1.11,68.3,0,0,,,,2026-09-28
Test,female,53823,CM Mowat,ENG-W,1979-1984,5,10,726,263,15,4/25,7/55,17.53,2.17,48.4,0,0,,,,2026-09-28
Test,female,54051,P Rau,IND-W,1995-1999,5,8,1164,319,15,5/24,7/98,21.26,1.64,77.6,1,0,,,,2026-09-28
Test,female,53857,DA Stock,ENG-W,1992-1996,7,11,1150,430,15,4/32,7/76,28.66,2.24,76.6,0,0,,,,2026-09-28
Test,female,53859,HJ Stother,ENG-W,1984-1986,7,13,1185,460,15,3/58,4/87,30.66,2.32,79,0,0,,,,2026-09-28
Test,female,883413,P Vastrakar,IND-W,2021-2024,5,9,634,337,15,4/53,5/93,22.46,3.18,42.2,0,0,,,,2026-09-28
Test,female,55130,LG Williams,WI-W,1976-1979,11,16,965,408,15,4/30,4/30,27.2,2.53,64.3,0,0,,,,2026-09-28
ODI,female,53932,J Goswami,IND-W,2002-2022,204,203,,5622,255,6/31,,22.04,3.37,39.2,2,,7,1667.3,265,2026-09-28
ODI,female,276997,S Ismail,SA-W,2007-2022,127,126,,3812,191,6/10,,19.95,3.7,32.3,2,,6,1028.2,133,2026-09-28
ODI,female,351836,M Kapp,SA-W,2009-2025,162,152,,4388,181,5/20,,24.24,3.84,37.8,2,,4,1141.5,123,2026-09-28
ODI,female,53422,CL Fitzpatrick,AUS-W,1993-2007,109,109,,3023,180,5/14,,16.79,3.01,33.4,4,,7,1002.5,188,2026-09-28
ODI,female,55187,A Mohammed,WI-W,2003-2022,141,134,,3735,180,7/14,,20.75,3.58,34.7,6,,7,1042.0,102,2026-09-28
ODI,female,53906,K Sciver-Brunt,ENG-W,2005-2022,141,139,,4081,170,5/18,,24,3.57,40.2,5,,3,1141.1,157,2026-09-28
ODI,female,275487,EA Perry,AUS-W,2007-2026,168,139,,4243,166,7/22,,25.56,4.38,34.9,3,,1,967.4,83,2026-09-28
ODI,female,597811,DB Sharma,IND-W,2014-2026,124,123,,4598,166,6/20,,27.69,4.45,37.3,4,,3,1032.2,72,2026-09-28
ODI,female,355359,SR Taylor,WI-W,2008-2026,181,140,,3498,157,4/17,,22.28,3.58,37.2,0,,5,975.0,103,2026-09-28
ODI,female,387261,A Khaka,SA-W,2012-2026,121,120,,3970,151,6/56,,26.29,4.3,36.6,2,,2,921.1,91,2026-09-28
ODI,female,220668,Sana Mir,PAK-W,2005-2019,120,118,,3665,151,5/32,,24.27,3.7,39.3,1,,7,990.2,106,2026-09-28
ODI,female,420314,M Schutt,AUS-W,2012-2026,111,111,,3575,148,5/19,,24.15,4.3,33.7,1,,5,831.2,90,2026-09-28
ODI,female,53461,LC Sthalekar,AUS-W,2001-2013,125,123,,3646,146,5/35,,24.97,3.66,40.8,1,,1,994.0,107,2026-09-28
ODI,female,474308,HK Matthews,WI-W,2014-2026,110,103,,3402,142,4/15,,23.95,4.13,34.7,0,,5,823.2,57,2026-09-28
ODI,female,53912,N David,IND-W,1995-2008,97,97,,2305,141,5/20,,16.34,2.82,34.6,2,,4,815.2,189,2026-09-28
ODI,female,878039,S Ecclestone,ENG-W,2016-2026,84,82,,2732,141,6/36,,19.37,3.72,31.1,2,,5,733.1,86,2026-09-28
ODI,female,374936,JL Jonassen,AUS-W,2012-2023,93,92,,2765,141,5/27,,19.6,3.98,29.5,2,,6,693.3,49,2026-09-28
ODI,female,364413,D van Niekerk,SA-W,2009-2025,110,103,,2642,138,5/17,,19.14,3.46,33.1,2,,6,763.0,80,2026-09-28
ODI,female,53800,JL Gunn,ENG-W,2004-2019,144,136,,3822,136,5/22,,28.1,3.88,43.4,2,,4,984.2,95,2026-09-28
ODI,female,355351,ASS Fletcher,WI-W,2008-2026,100,92,,3163,131,4/20,,24.14,4.33,33.3,0,,4,728.5,35,2026-09-28
ODI,female,803971,AC Kerr,NZ-W,2016-2026,93,91,,3565,129,7/34,,27.63,4.62,35.8,3,,7,771.1,28,2026-09-28
ODI,female,249934,LA Marsh,ENG-W,2006-2019,103,102,,3463,129,5/15,,26.84,3.89,41.3,1,,3,888.0,67,2026-09-28
ODI,female,487007,S Luus,SA-W,2012-2026,151,109,,3067,128,6/36,,23.96,4.59,31.2,5,,3,667.3,20,2026-09-28
ODI,female,380929,LMM Tahuhu,NZ-W,2011-2025,103,102,,3502,125,5/37,,28.01,4.54,37,1,,3,771.2,48,2026-09-28
ODI,female,858809,A Gardner,AUS-W,2017-2026,93,89,,2782,124,5/30,,22.43,4.29,31.3,1,,0,647.1,35,2026-09-28
ODI,female,54850,HASD Siriwardene,SL-W,2003-2019,118,113,,3577,124,4/11,,28.84,3.93,43.9,0,,6,908.1,57,2026-09-28
ODI,female,941803,Nashra Sandhu,PAK-W,2017-2026,89,86,,3286,121,6/26,,27.15,4.36,37.3,1,,2,752.4,47,2026-09-28
ODI,female,231740,SFM Devine,NZ-W,2006-2025,159,133,,4027,111,3/24,,36.27,4.59,47.4,0,,0,877.0,55,2026-09-28
ODI,female,333355,Nida Dar,PAK-W,2010-2024,112,110,,3289,108,4/10,,30.45,4.17,43.7,0,,4,787.1,66,2026-09-28
ODI,female,254238,A Shrubsole,ENG-W,2008-2022,86,85,,2813,106,6/46,,26.53,4.21,37.7,2,,4,667.0,62,2026-09-28
ODI,female,53713,CE Taylor,ENG-W,1988-2005,105,104,,2443,102,4/13,,23.95,2.85,50.3,0,,2,856.4,205,2026-09-28
ODI,female,297085,KL Cross,ENG-W,2013-2025,76,75,,2508,101,6/30,,24.83,4.45,33.4,3,,3,563.2,40,2026-09-28
ODI,female,53726,IT Guha,ENG-W,2001-2011,83,81,,2345,101,5/14,,23.21,3.73,37.2,2,,2,627.5,85,2026-09-28
ODI,female,434844,I Ranaweera,SL-W,2012-2026,95,90,,3222,101,4/39,,31.9,4.49,42.5,0,,4,716.4,48,2026-09-28
ODI,female,54286,N Al Khadeer,IND-W,2002-2012,78,77,,2402,100,5/14,,24.02,3.57,40.3,1,,4,672.4,84,2026-09-28
ODI,female,709635,RS Gayakwad,IND-W,2014-2022,64,64,,2059,99,5/15,,20.79,3.63,34.3,1,,5,566.3,64,2026-09-28
ODI,female,442048,E Bisht,IND-W,2011-2022,63,63,,2140,98,5/8,,21.83,3.77,34.6,2,,1,566.3,73,2026-09-28
ODI,female,215501,HL Colvin,ENG-W,2006-2013,72,68,,2137,98,4/17,,21.8,3.58,36.5,0,,3,596.1,57,2026-09-28
ODI,female,53613,S Nitschke,AUS-W,2004-2011,80,78,,2170,98,7/24,,22.14,3.58,37,1,,2,605.2,56,2026-09-28
ODI,female,54300,AL Watkins,NZ-W,2002-2011,103,99,,2856,92,4/2,,31.04,3.9,47.7,0,,5,732.0,67,2026-09-28
ODI,female,1039421,CE Dean,ENG-W,2021-2026,59,57,,2108,89,5/31,,23.68,4.67,30.4,1,,6,451.0,20,2026-09-28
ODI,female,54504,NJ Browne,NZ-W,2002-2014,125,121,,3005,88,4/20,,34.14,3.94,51.9,0,,1,761.5,66,2026-09-28
ODI,female,515905,Nat Sciver-Brunt,ENG-W,2013-2025,129,108,,2735,88,4/59,,31.07,4.53,41.1,0,,1,603.2,37,2026-09-28
ODI,female,54172,A Sharma,IND-W,2002-2014,116,111,,2830,87,4/16,,32.52,3.73,52.3,0,,1,758.4,99,2026-09-28
ODI,female,364368,M Klaas,SA-W,2010-2026,88,85,,2762,86,4/25,,32.11,5.04,38.2,0,,2,547.4,21,2026-09-28
ODI,female,1144886,Fatima Sana,PAK-W,2019-2026,64,61,,2406,85,5/39,,28.3,5.44,31.1,1,,4,441.4,22,2026-09-28
ODI,female,944393,AM King,AUS-W,2022-2026,53,51,,1599,85,7/18,,18.81,4.28,26.3,3,,3,373.2,31,2026-09-28
ODI,female,53458,KL Rolton,AUS-W,1995-2009,141,92,,1769,85,4/29,,20.81,3.24,38.4,0,,1,544.3,84,2026-09-28
ODI,female,355349,DJS Dottin,WI-W,2008-2026,158,109,,2407,84,5/34,,28.65,4.95,34.7,1,,3,485.5,18,2026-09-28
ODI,female,54565,SW Bates,NZ-W,2006-2026,184,118,,2844,83,4/7,,34.26,4.99,41.1,0,,1,569.5,31,2026-09-28
ODI,female,53446,CL Mason,AUS-W,1997-2001,46,46,,1150,83,5/9,,13.85,2.91,28.5,2,,4,394.2,81,2026-09-28
ODI,female,355356,SC Selman,WI-W,2008-2022,100,95,,2223,82,5/15,,27.1,3.64,44.5,1,,1,609.3,59,2026-09-28
ODI,female,924183,Nahida Akter,BAN-W,2015-2026,63,61,,1854,81,5/21,,22.88,3.82,35.9,1,,2,485.0,49,2026-09-28
ODI,female,53693,CJ Connor,ENG-W,1995-2005,93,83,,2081,80,5/49,,26.01,3.48,44.7,1,,1,596.4,68,2026-09-28
ODI,female,276683,S Loubser,SA-W,2007-2014,60,57,,1392,80,5/27,,17.4,3.06,34,1,,2,454.0,65,2026-09-28
ODI,female,630972,Poonam Yadav,IND-W,2013-2022,58,58,,2012,80,4/13,,25.15,3.97,37.9,0,,4,506.0,34,2026-09-28
ODI,female,54288,CA Campbell,NZ-W,1988-2000,85,82,,2018,78,3/15,,25.87,2.67,57.9,0,,0,753.0,149,2026-09-28
ODI,female,317157,Sadia Yousuf,PAK-W,2008-2017,59,59,,1777,78,5/35,,22.78,3.75,36.3,1,,2,473.0,39,2026-09-28
ODI,female,442145,S Pandey,IND-W,2014-2021,55,55,,1644,75,4/18,,21.92,3.99,32.9,0,,2,412.0,39,2026-09-28
ODI,female,939249,N de Klerk,SA-W,2017-2026,64,61,,2177,74,4/32,,29.41,5.21,33.8,0,,1,417.2,23,2026-09-28
ODI,female,54319,RJ Pullar,NZ-W,1997-2005,51,51,,1220,74,5/7,,16.48,2.82,35,2,,2,432.0,82,2026-09-28
ODI,female,370132,SF Daley,WI-W,2008-2017,70,68,,1701,73,4/29,,23.3,3.42,40.7,0,,2,496.1,63,2026-09-28
ODI,female,53502,LA Fullston,AUS-W,1982-1988,41,39,,968,73,5/27,,13.26,2.45,32.4,2,,4,394.2,78,2026-09-28
ODI,female,54776,CR Seneviratna,SL-W,1997-2013,80,75,,1880,72,4/23,,26.11,3.42,45.7,0,,2,548.3,73,2026-09-28
ODI,female,220665,Asmavia Iqbal,PAK-W,2005-2017,92,92,,2534,70,3/15,,36.2,4.65,46.6,0,,0,544.0,40,2026-09-28
ODI,female,54333,KM Keenan,NZ-W,1995-2000,54,52,,1248,70,4/5,,17.82,2.77,38.5,0,,3,450.1,70,2026-09-28
ODI,female,1068933,JM Kerr,NZ-W,2020-2026,54,52,,1800,70,4/23,,25.71,4.41,34.9,0,,2,407.2,25,2026-09-28
ODI,female,418423,KJ Garth,AUS-W/IRE-W,2010-2026,66,58,,1709,68,4/11,,25.13,4.29,35,0,,1,397.3,44,2026-09-28
ODI,female,275483,EA Osborne,AUS-W,2009-2016,60,59,,1739,68,3/9,,25.57,4.02,38.1,0,,0,432.2,32,2026-09-28
ODI,female,53704,LC Pearson,ENG-W,1998-2005,62,60,,1562,68,3/14,,22.97,3.09,44.5,0,,0,504.2,92,2026-09-28
ODI,female,572638,Diana Baig,PAK-W,2015-2026,75,72,,2532,66,4/30,,38.36,5.07,45.3,0,,4,498.3,40,2026-09-28
ODI,female,54877,IMHC Joyce,IRE-W,1999-2018,79,75,,2010,66,4/20,,30.45,3.86,47.2,0,,3,519.4,55,2026-09-28
ODI,female,263980,G Sultana,IND-W,2008-2014,50,49,,1280,66,4/4,,19.39,3.32,34.9,0,,3,384.4,62,2026-09-28
ODI,female,53432,J Hayes,AUS-W,2000-2006,59,58,,1575,65,4/31,,24.23,2.98,48.6,0,,1,526.5,113,2026-09-28
ODI,female,306524,LM Kasperek,NZ-W,2015-2021,39,39,,1263,65,6/46,,19.43,3.98,29.2,2,,3,317.2,32,2026-09-28
ODI,female,543550,HM Rowe,NZ-W,2015-2025,60,57,,1809,65,5/55,,27.83,4.59,36.3,1,,2,393.2,25,2026-09-28
ODI,female,453370,CL Tryon,SA-W,2011-2026,130,98,,2673,65,5/34,,41.12,4.5,54.7,1,,0,592.5,40,2026-09-28
ODI,female,53426,ZJ Goss,AUS-W,1987-2000,65,58,,1226,64,4/10,,19.15,2.65,43.3,0,,1,462.1,96,2026-09-28
ODI,female,971203,N Mlaba,SA-W,2021-2026,54,53,,2116,64,4/33,,33.06,4.93,40.2,0,,3,428.5,24,2026-09-28
ODI,female,53721,K Smithies,ENG-W,1986-2000,69,56,,1194,64,3/6,,18.65,2.67,41.8,0,,0,446.5,111,2026-09-28
ODI,female,54114,R Dhar,IND-W,2003-2012,78,77,,1725,63,4/19,,27.38,3.43,47.8,0,,2,502.3,74,2026-09-28
ODI,female,55017,Shaiza Khan,PAK-W,1997-2004,40,40,,1509,63,5/35,,23.95,4.36,32.9,2,,3,346.0,24,2026-09-28
ODI,female,1071705,A Sutherland,AUS-W,2020-2026,52,48,,1372,63,5/40,,21.77,4.69,27.8,1,,2,292.3,15,2026-09-28
ODI,female,318853,AMCJK Athapaththu,SL-W,2010-2026,129,76,,2284,61,4/42,,37.44,5.21,43,0,,1,437.5,9,2026-09-28
ODI,female,54397,JE Harris,NZ-W,1987-1997,45,44,,1124,61,4/8,,18.42,2.71,40.7,0,,2,414.2,98,2026-09-28
ODI,female,1135028,C Murray,IRE-W,2018-2026,42,40,,1957,61,6/31,,32.08,6.28,30.6,2,,1,311.1,4,2026-09-28
ODI,female,54128,DM Marathe,IND-W,1997-2005,59,59,,1250,60,4/1,,20.83,2.79,44.7,0,,4,447.0,88,2026-09-28
ODI,female,54889,CJ Metcalfe,IRE-W,1999-2017,53,52,,1620,60,5/18,,27,4.08,39.6,1,,3,396.5,36,2026-09-28
ODI,female,297079,D Hazell,ENG-W,2009-2018,53,52,,1709,59,4/32,,28.96,3.92,44.2,0,,1,435.3,26,2026-09-28
ODI,female,54506,LE Milliken,NZ-W,2002-2007,48,46,,1409,59,5/25,,23.88,3.8,37.6,1,,1,370.0,45,2026-09-28
ODI,female,556537,S Rana,IND-W,2014-2026,45,45,,1847,59,5/43,,31.3,4.92,38.1,1,,2,375.2,22,2026-09-28
ODI,female,54778,SP de Alwis,SL-W,2005-2011,49,46,,1256,58,4/21,,21.65,3.58,36.2,0,,3,350.3,33,2026-09-28
ODI,female,53785,CA Hodges,ENG-W,1982-1993,47,41,,874,58,4/3,,15.06,2.37,38,0,,4,367.5,93,2026-09-28
ODI,female,54836,SS Weerakkody,SL-W,2006-2018,89,87,,2066,58,3/19,,35.62,4.06,52.5,0,,0,507.4,53,2026-09-28
ODI,female,358259,HC Knight,ENG-W,2010-2026,160,59,,1395,56,5/26,,24.91,4.35,34.3,1,,1,320.3,17,2026-09-28
ODI,female,769517,K Ramharack,WI-W,2019-2026,54,52,,1728,56,4/12,,30.85,4.66,39.6,0,,2,370.2,16,2026-09-28
ODI,female,946057,G Wareham,AUS-W,2018-2026,52,46,,1428,55,3/23,,25.96,4.34,35.8,0,,0,328.5,13,2026-09-28
ODI,female,53631,SJ Andrews,AUS-W,2006-2010,39,39,,1142,54,4/50,,21.14,4.11,30.8,0,,1,277.4,29,2026-09-28
ODI,female,53696,CM Edwards,ENG-W,1997-2016,191,51,,1174,54,4/30,,21.74,4.32,30.1,0,,2,271.1,17,2026-09-28
ODI,female,54883,BM McDonald,IRE-W,1993-2005,57,57,,1445,54,4/8,,26.75,3.01,53.2,0,,2,479.2,85,2026-09-28
ODI,female,54331,HM Watson,NZ-W,1999-2008,66,52,,1289,54,3/14,,23.87,3.1,46,0,,0,414.3,67,2026-09-28
ODI,female,661441,AA Alleyne,WI-W,2019-2026,57,51,,1488,53,4/39,,28.07,5.57,30.2,0,,1,267.0,11,2026-09-28
ODI,female,54374,KV Gunn,NZ-W,1985-1993,45,44,,1113,53,5/22,,21,2.42,51.9,1,,1,458.5,110,2026-09-28
ODI,female,324246,MJG Nielsen,NZ-W,2010-2016,52,50,,1418,53,5/21,,26.75,3.61,44.3,2,,0,392.0,54,2026-09-28
ODI,female,53485,KM Brown,AUS-W,1985-1993,43,42,,869,52,4/4,,16.71,2.09,47.7,0,,2,414.0,116,2026-09-28
ODI,female,301603,Salma Khatun,BAN-W,2011-2022,46,44,,1180,52,3/6,,22.69,3.58,37.9,0,,0,329.0,44,2026-09-28
ODI,female,53444,OJ Magno,AUS-W,1995-2001,44,42,,942,51,4/10,,18.47,2.81,39.3,0,,3,334.1,57,2026-09-28
ODI,female,55003,Sajjida Shah,PAK-W,2000-2009,60,59,,1473,51,7/4,,28.88,3.24,53.4,1,,1,454.0,58,2026-09-28
ODI,female,474191,SS Connell,WI-W,2014-2024,72,71,,2003,50,4/54,,40.06,4.75,50.6,0,,1,421.4,18,2026-09-28
ODI,female,220670,Qanita Jalil,PAK-W,2005-2015,66,66,,1462,50,5/62,,29.24,3.97,44.1,1,,0,368.0,32,2026-09-28
ODI,female,54051,P Rau,IND-W,1993-2000,33,33,,844,50,4/26,,16.88,3.25,31.1,0,,2,259.3,43,2026-09-28
ODI,female,343648,Rumana Ahmed,BAN-W,2011-2022,50,49,,1273,50,4/20,,25.46,3.69,41.3,0,,1,344.4,34,2026-09-28
ODI,female,1204917,Sadia Iqbal,PAK-W,2019-2026,39,37,,1267,50,4/13,,25.34,4.02,37.7,0,,1,314.5,27,2026-09-28
ODI,female,233007,AE Satterthwaite,NZ-W,2007-2022,145,66,,1486,50,4/13,,29.72,4.61,38.6,0,,1,321.4,19,2026-09-28
ODI,female,54594,AE Smith,SA-W,2003-2009,37,36,,1059,50,5/7,,21.18,3.73,33.9,1,,1,283.1,40,2026-09-28
ODI,female,878025,LK Bell,ENG-W,2022-2026,34,33,,1411,49,5/37,,28.79,5.43,31.7,1,,1,259.3,6,2026-09-28
ODI,female,53744,JM Chamberlain,ENG-W,1987-1995,39,39,,805,49,7/8,,16.42,2.5,39.3,2,,2,321.2,68,2026-09-28
ODI,female,54750,LE Kaushalya,SL-W,2005-2017,89,77,,1491,49,3/23,,30.42,4.27,42.7,0,,0,349.1,23,2026-09-28
ODI,female,54325,HM Tiffen,NZ-W,1999-2009,117,44,,955,49,4/43,,19.48,3.46,33.7,0,,1,276.0,43,2026-09-28
ODI,female,725879,Anam Amin,PAK-W,2014-2022,34,33,,994,48,5/35,,20.7,3.68,33.7,1,,3,269.4,35,2026-09-28
ODI,female,343649,Jahanara Alam,BAN-W,2011-2023,52,52,,1459,48,3/18,,30.39,4.26,42.7,0,,0,342.2,27,2026-09-28
ODI,female,53895,RA Birch,ENG-W,2003-2008,37,31,,830,46,5/50,,18.04,3.71,29.1,1,,4,223.4,17,2026-09-28
ODI,female,54044,DF Edulji,IND-W,1978-1993,34,34,,775,46,4/12,,16.84,2.37,42.6,0,,1,326.5,76,2026-09-28
ODI,female,233823,HR Huddleston,NZ-W,2014-2020,36,36,,1118,46,5/25,,24.3,4.39,33.1,3,,1,254.3,21,2026-09-28
ODI,female,53901,MA Reynard,ENG-W,1995-2002,54,50,,1338,46,4/6,,29.08,4.17,41.8,0,,1,320.3,39,2026-09-28
ODI,female,53733,NJ Shaw,ENG-W,1999-2010,70,62,,1353,46,4/34,,29.41,3.39,52,0,,1,399.0,58,2026-09-28
ODI,female,53861,JC Tedstone,ENG-W,1979-1992,38,37,,1031,46,4/17,,22.41,2.77,48.4,0,,2,371.1,85,2026-09-28
ODI,female,592593,AN Kelly,IRE-W,2022-2026,39,37,,1418,45,4/35,,31.51,4.92,38.4,0,,2,288.1,16,2026-09-28
ODI,female,631609,BMSM Kumari,SL-W,2015-2026,51,49,,1734,45,4/39,,38.53,5.04,45.8,0,,1,343.4,9,2026-09-28
ODI,female,54899,C O'Neill,IRE-W,1993-2003,41,41,,1028,45,4/10,,22.84,2.83,48.3,0,,2,362.4,75,2026-09-28
ODI,female,53679,CR Smith,AUS-W,2000-2011,48,48,,1156,45,4/32,,25.68,3.15,48.8,0,,1,366.2,82,2026-09-28
ODI,female,260229,Bismah Maroof,PAK-W,2006-2024,136,70,,1174,44,4/7,,26.68,4,39.9,0,,1,292.5,15,2026-09-28
ODI,female,374934,SJ Coyte,AUS-W,2011-2016,30,30,,980,44,4/39,,22.27,4.14,32.2,0,,1,236.2,17,2026-09-28
ODI,female,276682,MM Letsoalo,SA-W,2007-2017,68,66,,1502,44,3/13,,34.13,3.44,59.4,0,,0,435.5,65,2026-09-28
ODI,female,274423,EM Bermingham,NZ-W,2010-2017,34,34,,1047,43,4/16,,24.34,4.01,36.3,0,,2,260.5,19,2026-09-28
ODI,female,923703,WK Dilhari,SL-W,2018-2026,47,42,,1453,43,4/20,,33.79,4.95,40.9,0,,2,293.1,6,2026-09-28
ODI,female,54765,WRP Fernando,SL-W,1997-2009,37,35,,620,43,4/3,,14.41,2.28,37.9,0,,3,271.5,73,2026-09-28
ODI,female,275563,KM Beams,AUS-W,2014-2017,30,30,,943,42,4/15,,22.45,3.79,35.4,0,,2,248.2,22,2026-09-28
ODI,female,273004,RM Farrell,AUS-W,2007-2017,44,43,,1293,42,3/17,,30.78,4.15,44.5,0,,0,311.3,34,2026-09-28
ODI,female,535871,Khadija Tul Kubra,BAN-W,2011-2021,31,31,,834,42,6/20,,19.85,3.45,34.4,1,,2,241.1,23,2026-09-28
ODI,female,960853,Renuka Singh,IND-W,2022-2026,29,29,,1158,42,5/29,,27.57,4.92,33.6,1,,4,235.2,10,2026-09-28
ODI,female,627048,Fahima Khatun,BAN-W,2013-2026,55,50,,1398,41,5/21,,34.09,4.51,45.3,1,,0,309.5,12,2026-09-28
ODI,female,55126,VM Felicien,WI-W,1997-2005,36,35,,864,41,4/21,,21.07,2.89,43.6,0,,1,298.3,38,2026-09-28
ODI,female,335236,KDU Prabodhani,SL-W,2009-2025,73,68,,1922,41,3/35,,46.87,4.3,65.3,0,,0,446.3,41,2026-09-28
ODI,female,53847,GA Smith,ENG-W,1986-1993,31,30,,514,41,5/15,,12.53,2.02,37,2,,0,253.3,74,2026-09-28
ODI,female,429180,OU Ranasinghe,SL-W,2011-2024,41,39,,1270,40,5/34,,31.75,5.18,36.7,1,,0,244.5,8,2026-09-28
ODI,female,469886,A Hartley,ENG-W,2016-2019,28,28,,950,39,4/24,,24.35,4.1,35.6,0,,2,231.4,16,2026-09-28
ODI,female,53609,EM Sampson,AUS-W,2007-2009,30,30,,937,39,5/30,,24.02,3.74,38.4,1,,0,250.0,38,2026-09-28
ODI,female,53404,J Broadbent,AUS-W,1990-2000,60,37,,626,38,5/10,,16.47,2.76,35.7,1,,0,226.3,49,2026-09-28
ODI,female,54873,ME Grealey,IRE-W,1987-2005,79,69,,1699,38,2/5,,44.71,3.63,73.7,0,,0,467.1,62,2026-09-28
ODI,female,54082,S Kulkarni,IND-W,1978-1986,27,27,,669,38,4/27,,17.6,3.49,30.2,0,,2,191.4,17,2026-09-28
ODI,female,54310,CM Nicholson,NZ-W,1995-2000,35,34,,707,38,4/18,,18.6,2.59,43,0,,1,272.4,62,2026-09-28
ODI,female,54290,EC Drumm,NZ-W,1992-2006,101,42,,778,37,4/31,,21.02,3.02,41.6,0,,1,257.0,53,2026-09-28
ODI,female,53420,AJ Fahey,AUS-W,1997-2001,40,39,,812,37,3/11,,21.94,3,43.8,0,,0,270.3,55,2026-09-28
ODI,female,54663,CA Salomons,NL-W,1995-2011,51,35,,691,37,3/11,,18.67,2.89,38.7,0,,0,238.4,32,2026-09-28
ODI,female,424630,TD Smartt,WI-W,2009-2018,57,56,,1331,37,5/24,,35.97,3.76,57.3,1,,0,353.3,41,2026-09-28
ODI,female,53448,TA McGregor,AUS-W,1999-2002,26,26,,631,36,4/8,,17.52,2.81,37.3,0,,3,224.0,59,2026-09-28
ODI,female,55104,Urooj Mumtaz,PAK-W,2004-2009,38,31,,878,36,5/33,,24.38,4.85,30.1,2,,1,180.5,6,2026-09-28
ODI,female,54917,S Bray,IRE-W,1987-1996,34,33,,743,35,5/27,,21.22,2.15,59,1,,1,344.4,101,2026-09-28
ODI,female,53820,A Brindle,ENG-W,1999-2014,88,31,,776,35,3/0,,22.17,4.51,29.4,0,,0,172.0,8,2026-09-28
ODI,female,54962,J Jonsson,DNK-W,1989-1999,32,32,,867,35,4/38,,24.77,2.78,53.4,0,,1,311.4,54,2026-09-28
ODI,female,527656,SL Quintyne,WI-W,2011-2016,40,36,,857,35,4/14,,24.48,3.86,38,0,,1,221.4,12,2026-09-28
ODI,female,54321,KA Ramel,NZ-W,1997-2002,47,39,,729,35,3/26,,20.82,3.56,35,0,,0,204.2,26,2026-09-28
ODI,female,939229,TS Sekhukhune,SA-W,2018-2026,38,35,,1360,35,3/50,,38.85,5.05,46.1,0,,0,269.1,12,2026-09-28
ODI,female,54772,S Sivanantham,SL-W,1997-2003,27,25,,509,35,5/2,,14.54,2.69,32.4,1,,1,189.1,41,2026-09-28
ODI,female,54347,SJ Tsukigawa,NZ-W,2006-2009,42,37,,1121,35,4/43,,32.02,4.38,43.8,0,,1,255.5,19,2026-09-28
ODI,female,54854,PRCS Kumarihami,SL-W,2004-2018,75,57,,1126,34,4/26,,33.11,3.84,51.7,0,,1,293.0,31,2026-09-28
ODI,female,53664,KE Pike,AUS-W,2005-2008,26,26,,815,34,4/23,,23.97,3.78,37.9,0,,1,215.1,23,2026-09-28
ODI,female,1204964,Rabeya Khan,BAN-W,2022-2026,33,33,,1018,34,3/29,,29.94,3.95,45.4,0,,0,257.2,16,2026-09-28
ODI,female,54485,RJ Steele,NZ-W,2003-2005,32,31,,831,34,3/10,,24.44,2.83,51.7,0,,0,293.0,57,2026-09-28
ODI,female,1146129,L Filer,ENG-W,2023-2026,23,23,,834,33,3/10,,25.27,5.11,29.6,0,,0,163.1,5,2026-09-28
ODI,female,53707,LJ Harper,ENG-W,1999-2005,25,23,,538,33,5/12,,16.3,2.96,32.9,1,,3,181.1,34,2026-09-28
ODI,female,474190,CA Henry,WI-W,2014-2026,65,53,,1382,33,3/19,,41.87,5.13,48.9,0,,0,269.2,16,2026-09-28
ODI,female,54635,APC Kilowan,SA-W,2003-2009,32,31,,778,33,4/23,,23.57,3.46,40.8,0,,1,224.3,37,2026-09-28
ODI,female,53698,KM Leng,ENG-W,1995-2003,56,40,,976,33,4/31,,29.57,4,44.2,0,,2,243.3,19,2026-09-28
ODI,female,231311,LR Doolan,NZ-W,2008-2013,40,34,,1003,32,3/7,,31.34,4.67,40.2,0,,0,214.3,21,2026-09-28
ODI,female,53685,E Liddell,AUS-W,2002-2005,33,33,,941,32,4/17,,29.4,3.53,49.8,0,,1,265.5,37,2026-09-28
ODI,female,381311,TM McGrath,AUS-W,2016-2026,61,41,,1023,32,3/4,,31.96,5.23,36.6,0,,0,195.2,3,2026-09-28
ODI,female,944373,S Molineux,AUS-W,2018-2026,19,18,,544,32,4/14,,17,3.87,26.3,0,,1,140.2,20,2026-09-28
ODI,female,54969,S Neilsen,DNK-W,1989-1999,32,31,,882,32,4/9,,27.56,3.17,52,0,,2,277.3,42,2026-09-28
ODI,female,53576,SA Tredrea,AUS-W,1973-1988,31,31,,521,32,4/25,,16.28,1.86,52.5,0,,1,280.0,88,2026-09-28
ODI,female,54912,SA Young,IRE-W,1990-2001,36,35,,916,32,4/24,,28.62,3.98,43.1,0,,1,230.0,30,2026-09-28
ODI,female,418420,L Delany,IRE-W,2010-2025,75,50,,1430,31,3/26,,46.12,4.76,58,0,,0,300.0,4,2026-09-28
ODI,female,372317,H Kaur,IND-W,2009-2026,164,73,,1533,31,2/16,,49.45,5.28,56.1,0,,0,290.2,7,2026-09-28
ODI,female,54680,S Kottman,NL-W,1991-2003,32,31,,792,31,4/24,,25.54,3.21,47.6,0,,1,246.1,40,2026-09-28
ODI,female,54908,HE Whelan,IRE-W,1997-2010,39,39,,1197,31,3/14,,38.61,3.88,59.5,0,,0,307.5,45,2026-09-28
ODI,female,701751,RA Mair,NZ-W,2019-2026,31,30,,1136,30,5/50,,37.86,5.23,43.4,1,,0,217.1,13,2026-09-28
ODI,female,1150585,O Prendergast,IRE-W,2021-2026,50,38,,1139,30,3/25,,37.96,5.05,45.1,0,,0,225.3,22,2026-09-28
ODI,female,54317,KL Pulford,NZ-W,1999-2010,46,32,,791,30,4/5,,26.36,3.94,40,0,,1,200.2,17,2026-09-28
ODI,female,1171484,T Putthawong,THA-W,2022-2026,17,17,,508,30,6/6,,16.93,3.61,28,1,,0,140.2,18,2026-09-28
ODI,female,388845,D Brown,AUS-W,2021-2026,30,30,,925,29,4/33,,31.89,5.02,38,0,,2,184.0,5,2026-09-28
ODI,female,53410,BL Calver,AUS-W,1991-1998,34,34,,649,29,4/4,,22.37,2.34,57.2,0,,2,276.3,69,2026-09-28
ODI,female,55166,DA Lewis,WI-W,2003-2009,42,42,,857,29,3/16,,29.55,3.44,51.4,0,,0,248.5,31,2026-09-28
ODI,female,1332561,Marufa Akter,BAN-W,2022-2026,35,34,,928,29,4/29,,32,4.61,41.6,0,,1,201.1,17,2026-09-28
ODI,female,54928,E Owens,IRE-W,1987-1995,35,34,,1013,29,3/24,,34.93,3.12,67.1,0,,0,324.4,44,2026-09-28
ODI,female,54946,JA Whelan,IRE-W,2004-2011,29,28,,790,29,3/7,,27.24,3.85,42.3,0,,0,204.4,21,2026-09-28
ODI,female,54236,KS Bhatt,IND-W,1993-1997,22,22,,530,28,4/25,,18.92,2.74,41.3,0,,1,193.0,31,2026-09-28
ODI,female,478278,M Daniels,SA-W,2010-2017,33,33,,931,28,4/25,,33.25,3.99,49.8,0,,1,232.5,24,2026-09-28
ODI,female,53944,P Dimri,IND-W,2006-2010,23,23,,650,28,3/14,,23.21,3.2,43.4,0,,0,202.5,22,2026-09-28
ODI,female,54464,AM Dodd,NZ-W,2002-2006,31,29,,755,28,3/13,,26.96,3.64,44.3,0,,0,207.1,24,2026-09-28
ODI,female,54576,CE Eksteen,SA-W,1997-2004,36,32,,863,28,4/4,,30.82,3.48,53,0,,1,247.4,34,2026-09-28
ODI,female,439029,HNK Jensen,NZ-W,2014-2022,35,33,,1002,28,3/32,,35.78,4.94,43.4,0,,0,202.5,9,2026-09-28
ODI,female,934494,AM Maqsood,SCO-W,2023-2026,15,15,,504,28,4/30,,18,4.4,24.5,0,,2,114.2,4,2026-09-28
ODI,female,54454,JA Turner,NZ-W,1988-1994,30,30,,695,28,5/5,,24.82,2.61,56.8,1,,0,265.2,42,2026-09-28
ODI,female,1080011,Ghulam Fatima,PAK-W,2017-2023,15,15,,596,27,5/34,,22.07,4.56,29,1,,2,130.3,8,2026-09-28
ODI,female,53534,D Martin,AUS-W,1982-1987,17,17,,376,27,3/8,,13.92,2.07,40.2,0,,0,181.0,65,2026-09-28
ODI,female,53904,BL Morgan,ENG-W,1999-2011,72,40,,960,27,3/19,,35.55,4.23,50.3,0,,0,226.4,30,2026-09-28
ODI,female,329003,AM Peterson,NZ-W,2012-2019,32,24,,482,27,4/25,,17.85,3.5,30.5,0,,2,137.4,13,2026-09-28
ODI,female,1464461,N Shree Charani,IND-W,2025-2026,21,21,,1031,27,3/41,,38.18,5.68,40.2,0,,0,181.2,3,2026-09-28
ODI,female,883413,P Vastrakar,IND-W,2018-2024,33,31,,1075,27,4/34,,39.81,5.56,42.8,0,,1,193.0,5,2026-09-28
ODI,female,254168,DN Wyatt,ENG-W,2010-2025,120,32,,770,27,3/7,,28.51,5.03,34,0,,0,153.0,3,2026-09-28
ODI,female,1185795,IJR Zwilling,NL-W,2022-2026,15,13,,403,27,5/25,,14.92,3.43,26,1,,1,117.1,17,2026-09-28
ODI,female,54704,MEC de Fouw,NL-W,1991-2008,35,25,,658,26,3/23,,25.3,3.59,42.2,0,,0,183.1,21,2026-09-28
ODI,female,297036,GA Elwiss,ENG-W,2011-2019,36,29,,679,26,3/17,,26.11,3.71,42.1,0,,0,182.5,19,2026-09-28
ODI,female,944283,O Kamchomphu,THA-W,2022-2026,16,15,,391,26,3/2,,15.03,3.45,26.1,0,,0,113.2,12,2026-09-28
ODI,female,340004,KADA Kanchana,SL-W,2014-2024,34,30,,887,26,3/26,,34.11,5.45,37.5,0,,0,162.3,7,2026-09-28
ODI,female,54986,Khursheed Jabeen,PAK-W,2000-2006,30,29,,751,26,3/2,,28.88,3.3,52.4,0,,0,227.2,25,2026-09-28
ODI,female,312174,FL Mackay,NZ-W,2011-2022,30,23,,720,26,4/34,,27.69,4.34,38.2,0,,1,165.4,10,2026-09-28
ODI,female,638256,JN Nkomo,ZIM-W,2021-2026,20,17,,521,26,3/18,,20.03,3.85,31.1,0,,0,135.1,10,2026-09-28
ODI,female,54432,SJ Rattray,IntWn/NZ-W,1973-1985,30,27,,754,26,4/33,,29,3.13,55.4,0,,1,240.1,31,2026-09-28
ODI,female,54945,EAJ Richardson,IRE-W,2005-2023,34,29,,788,26,5/13,,30.3,3.69,49.1,1,,0,213.1,23,2026-09-28
ODI,female,54640,C van der Westhuizen,SA-W,2003-2009,33,30,,814,26,4/30,,31.3,3.21,58.4,0,,1,253.1,51,2026-09-28
ODI,female,53731,E Bakewell,ENG-W,1973-1982,23,23,,528,25,3/13,,21.12,2.41,52.5,0,,0,218.5,51,2026-09-28
ODI,female,54239,S Braganza,IND-W/IntWn,1982-1993,20,19,,506,25,4/24,,20.24,2.99,40.5,0,,1,169.0,21,2026-09-28
ODI,female,54529,SK Burke,NZ-W,2003-2008,36,36,,1019,25,3/17,,40.76,3.98,61.4,0,,0,256.0,27,2026-09-28
ODI,female,54840,SK Dolawatte,SL-W,2002-2013,53,33,,584,25,5/16,,23.36,4.02,34.8,1,,1,145.0,13,2026-09-28
ODI,female,1464471,K Gaud,IND-W,2025-2026,17,17,,744,25,6/52,,29.76,5.82,30.6,1,,0,127.4,6,2026-09-28
ODI,female,53717,D Holden,ENG-W,1999-2004,32,30,,776,25,3/29,,31.04,3.6,51.6,0,,0,215.1,20,2026-09-28
ODI,female,54410,J Lord,NZ-W,1973-1982,15,13,,318,25,6/10,,12.72,2.4,31.8,1,,1,132.3,25,2026-09-28
ODI,female,54661,CFF Oudolf,NL-W,1995-2009,36,29,,757,25,5/20,,30.28,3.82,47.5,1,,0,198.0,19,2026-09-28
ODI,female,53854,AM Starling,ENG-W,1982-1986,20,20,,454,25,3/7,,18.16,2.19,49.6,0,,0,207.0,68,2026-09-28
T20I,female,597811,DB Sharma,IND-W,2016-2026,157,154,,3435,189,5/10,,18.17,6.21,17.5,2,,1,553.0,15,2026-09-28
T20I,female,1171484,T Putthawong,THA-W,2019-2026,111,108,,1604,173,5/3,,9.27,4.13,13.4,3,,6,387.5,39,2026-09-28
T20I,female,1172634,H Ishimwe,RWA-W,2019-2026,134,128,,1796,164,5/6,,10.95,4.46,14.7,2,,7,402.1,23,2026-09-28
T20I,female,944283,O Kamchomphu,THA-W,2018-2026,143,130,,1838,156,5/18,,11.78,4.56,15.4,1,,5,402.3,17,2026-09-28
T20I,female,587502,KY Chan,HKG-W,2019-2026,117,116,,1827,155,5/4,,11.78,4.54,15.5,4,,3,401.5,18,2026-09-28
T20I,female,878039,S Ecclestone,ENG-W,2016-2026,113,112,,2532,154,4/18,,16.44,6.03,16.3,0,,2,419.3,10,2026-09-28
T20I,female,420314,M Schutt,AUS-W,2013-2026,126,125,,2713,152,5/15,,17.84,6.39,16.7,1,,4,424.1,11,2026-09-28
T20I,female,383879,C Aweko,UGA-W,2018-2026,122,121,,1780,145,4/6,,12.27,3.92,18.7,0,,2,453.3,37,2026-09-28
T20I,female,333355,Nida Dar,PAK-W,2010-2024,160,152,,2910,144,5/21,,20.2,5.7,21.2,1,,1,510.2,13,2026-09-28
T20I,female,587146,S Laomi,THA-W,2018-2026,122,118,,1658,140,4/9,,11.84,4.23,16.7,0,,4,391.2,20,2026-09-28
T20I,female,924183,Nahida Akter,BAN-W,2015-2026,113,112,,2295,132,5/8,,17.38,5.92,17.6,2,,2,387.4,14,2026-09-28
T20I,female,276997,S Ismail,SA-W,2007-2026,119,118,,2444,131,5/12,,18.65,5.83,19.1,2,,0,418.5,22,2026-09-28
T20I,female,275487,EA Perry,AUS-W,2008-2026,181,142,,2430,131,4/12,,18.54,5.84,19,0,,4,415.5,8,2026-09-28
T20I,female,231740,SFM Devine,NZ-W,2006-2026,158,134,,2541,130,4/12,,19.54,6.75,17.3,0,,2,376.2,6,2026-09-28
T20I,female,474308,HK Matthews,BRB-W/WI-W,2014-2026,127,120,,2467,130,4/10,,18.97,6.17,18.4,0,,4,399.2,4,2026-09-28
T20I,female,1171544,Vaishnave Mahesh,UAE-W,2019-2026,104,97,,1430,127,4/10,,11.25,4.77,14.1,0,,3,299.4,16,2026-09-28
T20I,female,301800,N Boochatham,THA-W,2018-2025,116,99,,1373,126,5/5,,10.89,4.12,15.8,1,,5,332.4,23,2026-09-28
T20I,female,55187,A Mohammed,WI-W,2008-2021,117,113,,2206,125,5/10,,17.64,5.57,18.9,3,,4,395.3,6,2026-09-28
T20I,female,1119460,J Mbabazi,UGA-W,2018-2026,126,98,,1546,120,4/12,,12.88,4.84,15.9,0,,6,319.1,10,2026-09-28
T20I,female,53906,K Sciver-Brunt,ENG-W,2005-2023,112,111,,2188,114,4/15,,19.19,5.57,20.6,0,,1,392.1,17,2026-09-28
T20I,female,803971,AC Kerr,NZ-W,2016-2026,104,102,,2302,111,4/20,,20.73,6.14,20.2,0,,2,374.5,4,2026-09-28
T20I,female,1185795,IJR Zwilling,NL-W,2019-2026,98,96,,1819,107,3/6,,17,5.42,18.7,0,,0,335.0,23,2026-09-28
T20I,female,355351,ASS Fletcher,WI-W,2008-2026,114,110,,2283,106,5/13,,21.53,6.28,20.5,1,,2,363.3,1,2026-09-28
T20I,female,960737,RP Yadav,IND-W,2018-2026,91,88,,2019,106,4/23,,19.04,6.65,17.1,0,,2,303.3,7,2026-09-28
T20I,female,1172637,MD Bimenyimana,RWA-W,2019-2026,129,90,,1291,104,5/3,,12.41,4.25,17.5,2,,0,303.4,24,2026-09-28
T20I,female,1126416,ER Oza,UAE-W,2018-2026,120,99,,1442,102,3/0,,14.13,4.94,17.1,0,,0,291.5,15,2026-09-28
T20I,female,254238,A Shrubsole,ENG-W,2008-2020,79,79,,1587,102,5/11,,15.55,5.95,15.6,1,,2,266.2,10,2026-09-28
T20I,female,351836,M Kapp,SA-W,2009-2026,126,112,,2072,101,4/6,,20.51,5.52,22.2,0,,1,375.0,15,2026-09-28
T20I,female,380929,LMM Tahuhu,NZ-W,2011-2026,104,103,,2019,100,4/6,,20.19,6.43,18.8,0,,2,313.5,7,2026-09-28
T20I,female,630972,Poonam Yadav,IND-W,2013-2022,72,72,,1495,98,4/9,,15.25,5.75,15.9,0,,3,260.0,5,2026-09-28
T20I,female,355359,SR Taylor,WI-W,2008-2026,139,89,,1653,98,4/12,,16.86,5.67,17.8,0,,2,291.3,4,2026-09-28
T20I,female,434844,I Ranaweera,SL-W,2012-2026,91,91,,1849,97,4/7,,19.06,5.95,19.1,0,,1,310.2,4,2026-09-28
T20I,female,418420,L Delany,IRE-W,2010-2026,132,108,,1816,96,4/9,,18.91,6.2,18.3,0,,2,292.5,4,2026-09-28
T20I,female,374936,JL Jonassen,AUS-W,2012-2023,105,101,,1884,96,5/12,,19.62,5.76,20.4,1,,3,327.0,7,2026-09-28
T20I,female,1119591,PZ Kamunya,TZN-W,2019-2026,82,80,,1186,96,4/7,,12.35,4.13,17.9,0,,1,286.3,19,2026-09-28
T20I,female,1119431,Q Abel,KEN-W,2019-2025,69,65,,1063,94,5/5,,11.3,4.73,14.3,2,,4,224.3,10,2026-09-28
T20I,female,587145,C Sutthiruang,THA-W,2018-2026,145,119,,1400,94,5/4,,14.89,4.25,20.9,1,,1,328.4,26,2026-09-28
T20I,female,318853,AMCJK Athapaththu,SL-W,2009-2026,173,114,,2132,92,7/5,,23.17,6.66,20.8,1,,1,320.0,2,2026-09-28
T20I,female,260141,Chan Ka Man,HKG-W,2019-2025,84,82,,1141,92,4/13,,12.4,4.13,18,0,,1,276.1,24,2026-09-28
T20I,female,941803,Nashra Sandhu,PAK-W,2017-2026,92,91,,1885,92,6/7,,20.48,5.59,21.9,1,,1,337.1,7,2026-09-28
T20I,female,1351975,R Irera,RWA-W,2023-2026,86,86,,1104,91,4/13,,12.13,3.91,18.6,0,,1,282.1,23,2026-09-28
T20I,female,592593,AN Kelly,IRE-W,2022-2026,71,71,,1408,91,5/12,,15.47,6.2,14.9,2,,3,226.5,4,2026-09-28
T20I,female,1158415,W Mwatile,NAM-W,2018-2026,110,104,,1571,91,5/6,,17.26,4.46,23.1,1,,2,351.4,25,2026-09-28
T20I,female,515905,Nat Sciver-Brunt,ENG-W,2013-2026,141,117,,2096,90,4/15,,23.28,6.61,21.1,0,,2,317.0,3,2026-09-28
T20I,female,914839,C de Lange,NL-W,2019-2026,92,90,,1683,89,4/6,,18.91,5.37,21.1,0,,2,313.2,9,2026-09-28
T20I,female,885837,S Glenn,ENG-W,2019-2025,73,70,,1467,89,4/12,,16.48,6.05,16.3,0,,4,242.2,3,2026-09-28
T20I,female,220668,Sana Mir,PAK-W,2009-2019,106,105,,2085,89,4/13,,23.42,5.51,25.5,0,,4,378.2,9,2026-09-28
T20I,female,1140108,M Wai Siu,HKG-W,2019-2026,101,97,,1456,88,5/8,,16.54,4.83,20.5,1,,2,301.2,21,2026-09-28
T20I,female,297079,D Hazell,ENG-W,2009-2018,85,85,,1764,85,4/12,,20.75,5.55,22.4,0,,1,317.3,6,2026-09-28
T20I,female,1204917,Sadia Iqbal,PAK-W,2019-2026,68,67,,1489,85,4/16,,17.51,5.82,18,0,,1,255.3,5,2026-09-28
T20I,female,858809,A Gardner,AUS-W,2017-2026,106,93,,1816,84,5/12,,21.61,6.66,19.4,1,,1,272.4,4,2026-09-28
T20I,female,1161402,NC Monteiro,BRA-W,2018-2026,70,69,,847,84,5/7,,10.08,4.34,13.9,1,,4,195.0,15,2026-09-28
T20I,female,335236,KDU Prabodhani,SL-W,2009-2024,106,104,,1881,84,3/13,,22.39,5.53,24.2,0,,0,339.5,9,2026-09-28
T20I,female,301603,Salma Khatun,BAN-W,2012-2023,95,93,,1560,84,4/6,,18.57,5.01,22.2,0,,1,311.0,17,2026-09-28
T20I,female,1119573,KA Green,NAM-W,2018-2026,116,89,,1326,83,3/8,,15.97,4.53,21.1,0,,0,292.1,21,2026-09-28
T20I,female,631609,BMSM Kumari,SL-W,2015-2026,109,108,,2265,83,3/17,,27.28,6.19,26.4,0,,0,365.4,8,2026-09-28
T20I,female,923703,WK Dilhari,SL-W,2018-2026,96,94,,1813,82,4/13,,22.1,6.53,20.2,0,,1,277.2,4,2026-09-28
T20I,female,306524,LM Kasperek,NZ-W,2015-2024,52,52,,1204,81,4/7,,14.86,6.4,13.9,0,,1,188.0,2,2026-09-28
T20I,female,387261,A Khaka,SA-W,2012-2026,89,88,,2115,81,4/23,,26.11,6.98,22.4,0,,3,302.5,7,2026-09-28
T20I,female,946057,G Wareham,AUS-W,2018-2026,82,77,,1298,81,3/11,,16.02,6,16,0,,0,216.0,2,2026-09-28
T20I,female,1171432,S Chaturongrattana,THA-W,2022-2026,76,69,,898,80,5/3,,11.22,4.27,15.7,1,,1,210.0,14,2026-09-28
T20I,female,1171417,K Kunwar,NEP-W,2019-2026,83,82,,1022,79,6/5,,12.93,4.12,18.7,1,,0,247.3,22,2026-09-28
T20I,female,971203,N Mlaba,SA-W,2019-2026,83,81,,1785,79,4/29,,22.59,6.39,21.2,0,,1,279.1,6,2026-09-28
T20I,female,1172642,A Ikuzwe,RWA-W,2019-2026,113,80,,1086,78,5/12,,13.92,4.7,17.7,1,,2,230.4,10,2026-09-28
T20I,female,1158367,G Matome,BOT-W,2018-2026,74,73,,1056,78,6/1,,13.53,4.43,18.3,1,,3,238.1,22,2026-09-28
T20I,female,1039421,CE Dean,ENG-W,2022-2026,58,57,,1411,77,4/19,,18.32,6.94,15.8,0,,2,203.1,2,2026-09-28
T20I,female,355349,DJS Dottin,BRB-W/WI-W,2008-2026,154,81,,1551,77,5/5,,20.14,6.8,17.7,1,,2,228.0,4,2026-09-28
T20I,female,54850,HASD Siriwardene,SL-W,2010-2020,81,78,,1598,77,4/9,,20.75,5.8,21.4,0,,3,275.3,4,2026-09-28
T20I,female,1140106,M Bibi,HKG-W,2019-2026,110,87,,1357,76,4/8,,17.85,5.92,18,0,,1,229.1,11,2026-09-28
T20I,female,1050033,Mahirah Izzati Ismail,MAL-W,2018-2026,91,80,,1248,76,5/11,,16.42,4.67,21,1,,1,266.5,14,2026-09-28
T20I,female,1171429,P Maya,THA-W,2022-2026,105,85,,1209,76,5/3,,15.9,5.53,17.2,1,,2,218.3,14,2026-09-28
T20I,female,53800,JL Gunn,ENG-W,2004-2018,104,76,,1487,75,5/18,,19.82,6.44,18.4,1,,2,230.5,1,2026-09-28
T20I,female,343648,Rumana Ahmed,BAN-W,2012-2024,87,85,,1426,75,3/2,,19.01,5.47,20.8,0,,0,260.2,9,2026-09-28
T20I,female,1199597,B Murekatete,RWA-W,2021-2026,94,84,,1072,74,4/17,,14.48,4.71,18.4,0,,1,227.1,13,2026-09-28
T20I,female,914675,KE Bryce,SCO-W,2018-2026,65,64,,1104,73,4/8,,15.12,5.12,17.7,0,,3,215.3,10,2026-09-28
T20I,female,934494,AM Maqsood,SCO-W,2018-2026,78,77,,1294,73,3/8,,17.72,5.63,18.8,0,,0,229.4,5,2026-09-28
T20I,female,1116785,NW Sariani,IDN-W,2019-2025,56,49,,577,73,4/2,,7.9,3.49,13.5,0,,3,165.0,13,2026-09-28
T20I,female,370132,SF Daley,WI-W,2009-2014,68,67,,1113,72,5/15,,15.45,4.89,18.9,1,,2,227.1,8,2026-09-28
T20I,female,1144886,Fatima Sana,PAK-W,2019-2026,70,67,,1618,72,4/26,,22.47,7.38,18.2,0,,2,219.1,7,2026-09-28
T20I,female,1283424,M Ribeiro,BRA-W,2021-2026,61,57,,856,71,5/14,,12.05,4.77,15.1,1,,2,179.1,9,2026-09-28
T20I,female,960853,Renuka Singh,IND-W,2021-2026,65,64,,1575,70,5/15,,22.5,6.64,20.3,1,,3,237.0,9,2026-09-28
T20I,female,1179492,T Shadrack,BOT-W,2019-2026,75,73,,1019,70,4/3,,14.55,4.14,21,0,,2,246.0,29,2026-09-28
T20I,female,1119436,E Wachira,KEN-W,2019-2025,75,67,,1003,70,4/1,,14.32,4.79,17.9,0,,1,209.0,10,2026-09-28
T20I,female,1150585,O Prendergast,IRE-W,2019-2026,88,74,,1348,69,4/22,,19.53,5.76,20.3,0,,1,234.0,10,2026-09-28
T20I,female,627048,Fahima Khatun,BAN-W,2013-2026,105,98,,1578,69,4/8,,22.86,5.78,23.7,0,,1,273.0,6,2026-09-28
T20I,female,1146661,K Fraser,SCO-W,2019-2026,65,61,,1107,69,4/19,,16.04,5.72,16.8,0,,1,193.2,3,2026-09-28
T20I,female,1119461,I Nakisuuyi,UGA-W,2018-2026,114,71,,1118,68,4/15,,16.44,5.05,19.5,0,,1,221.1,8,2026-09-28
T20I,female,638256,JN Nkomo,ZIM-W,2019-2026,71,64,,1009,68,5/6,,14.83,4.93,18,1,,3,204.2,16,2026-09-28
T20I,female,1116786,NMP Suwandewi,IDN-W,2019-2026,67,67,,745,68,5/8,,10.95,3.55,18.5,1,,1,209.5,27,2026-09-28
T20I,female,1311480,S Akiteng,UGA-W,2022-2026,73,71,,1163,67,5/14,,17.35,4.58,22.7,1,,1,253.4,12,2026-09-28
T20I,female,500726,RC Belbashi,NEP-W,2019-2026,100,83,,1084,67,4/2,,16.17,4.37,22.1,0,,2,247.3,16,2026-09-28
T20I,female,878025,LK Bell,ENG-W,2022-2026,48,48,,1264,67,4/12,,18.86,7.25,15.6,0,,1,174.2,1,2026-09-28
T20I,female,301637,WA Duraisingam,MAL-W,2018-2026,104,89,,1554,67,3/9,,23.19,5.52,25.1,0,,0,281.2,12,2026-09-28
T20I,female,1093508,N Navaika,VAN-W,2019-2026,56,54,,951,67,4/10,,14.19,5.5,15.4,0,,4,172.5,0,2026-09-28
T20I,female,1283421,L Cardoso,BRA-W,2021-2026,62,58,,762,66,9/4,,11.54,4.66,14.8,1,,1,163.3,13,2026-09-28
T20I,female,486890,SR Magar,NEP-W,2019-2026,77,71,,1048,66,5/12,,15.87,4.73,20.1,2,,0,221.3,12,2026-09-28
T20I,female,1050029,Ainna Hamizah Hashim,MAL-W,2018-2026,110,98,,1438,65,5/4,,22.12,5.2,25.4,1,,0,276.1,13,2026-09-28
T20I,female,364413,D van Niekerk,SA-W,2009-2026,94,82,,1363,65,4/17,,20.96,5.45,23,0,,1,250.0,4,2026-09-28
T20I,female,939249,N de Klerk,SA-W,2018-2026,87,76,,1737,64,3/7,,27.14,7.7,21.1,0,,0,225.3,3,2026-09-28
T20I,female,1186099,CM Greechan,JEY-W,2019-2026,51,50,,645,64,5/4,,10.07,3.49,17.2,1,,3,184.3,15,2026-09-28
T20I,female,1158417,V Hamunyela,NAM-W,2018-2026,76,66,,1016,64,4/8,,15.87,4.82,19.7,0,,2,210.4,7,2026-09-28
T20I,female,249934,LA Marsh,ENG-W,2007-2019,67,66,,1321,64,3/12,,20.64,5.29,23.3,0,,0,249.3,4,2026-09-28
T20I,female,215501,HL Colvin,ENG-W,2007-2013,50,50,,971,63,4/9,,15.41,5.19,17.7,0,,1,186.5,4,2026-09-28
T20I,female,54565,SW Bates,NZ-W,2007-2026,186,99,,1490,62,4/26,,24.03,6.66,21.6,0,,1,223.4,2,2026-09-28
T20I,female,1464461,N Shree Charani,IND-W,2025-2026,33,33,,779,62,4/10,,12.56,6.32,11.9,0,,4,123.1,6,2026-09-28
T20I,female,725879,Anam Amin,PAK-W,2014-2022,65,64,,1285,61,4/16,,21.06,5.5,22.9,0,,1,233.2,11,2026-09-28
T20I,female,709635,RS Gayakwad,IND-W,2014-2023,58,55,,1167,61,3/9,,19.13,6.15,18.6,0,,0,189.4,6,2026-09-28
T20I,female,1297136,Nur Dania Syuhada,MAL-W,2022-2026,87,81,,1276,61,4/14,,20.91,4.83,25.9,0,,1,264.0,8,2026-09-28
T20I,female,1119739,NN Saidi,TZN-W,2019-2026,57,53,,816,61,5/0,,13.37,4.68,17.1,1,,0,174.2,13,2026-09-28
T20I,female,1022083,SNL Siegers,NL-W,2018-2026,82,80,,1594,61,2/7,,26.13,6.16,25.4,0,,0,258.3,6,2026-09-28
T20I,female,1171937,S Dharnidharka,UAE-W,2019-2026,87,68,,899,60,4/5,,14.98,5.23,17.1,0,,2,171.5,8,2026-09-28
T20I,female,343649,Jahanara Alam,BAN-W,2012-2024,83,83,,1442,60,5/28,,24.03,5.69,25.3,1,,1,253.2,9,2026-09-28
T20I,female,54945,EAJ Richardson,IRE-W,2008-2024,75,68,,1280,60,3/8,,21.33,5.82,21.9,0,,0,219.4,8,2026-09-28
T20I,female,53461,LC Sthalekar,AUS-W,2005-2013,54,54,,1161,60,4/18,,19.35,5.82,19.9,0,,1,199.2,1,2026-09-28
T20I,female,944325,K Arua,PNG-W,2018-2024,47,42,,602,59,5/7,,10.2,4.2,14.5,2,,3,143.0,6,2026-09-28
T20I,female,418423,KJ Garth,AUS-W/IRE-W,2010-2026,73,65,,1365,59,3/6,,23.13,6.3,22,0,,0,216.4,6,2026-09-28
T20I,female,317139,P Marange,ZIM-W,2019-2026,64,62,,896,59,5/7,,15.18,4.24,21.4,1,,1,210.5,15,2026-09-28
T20I,female,1307999,L Udeh,NGA-W,2022-2026,50,50,,709,59,6/7,,12.01,4.28,16.8,1,,4,165.3,11,2026-09-28
T20I,female,1179941,L Idambo,KEN-W,2019-2025,68,67,,913,58,4/14,,15.74,4.8,19.6,0,,1,189.5,10,2026-09-28
T20I,female,429180,OU Ranasinghe,SL-W,2013-2023,66,65,,1363,58,3/18,,23.5,6.87,20.5,0,,0,198.1,2,2026-09-28
T20I,female,883413,P Vastrakar,IND-W,2018-2024,72,66,,1242,58,4/13,,21.41,6.39,20.1,0,,2,194.2,9,2026-09-28
T20I,female,1093518,R Andrew,VAN-W,2019-2026,61,59,,933,57,3/7,,16.36,4.95,19.8,0,,0,188.1,12,2026-09-28
T20I,female,1119571,JA Diergaardt,NAM-W,2018-2026,115,75,,1240,57,4/15,,21.75,5.68,22.9,0,,1,218.1,3,2026-09-28
T20I,female,1172330,F Eseigbe,NGA-W,2019-2026,74,50,,781,57,4/4,,13.7,4.63,17.7,0,,1,168.3,8,2026-09-28
T20I,female,487007,S Luus,SA-W,2012-2026,146,85,,1343,57,5/8,,23.56,6.61,21.3,2,,2,203.0,1,2026-09-28
T20I,female,1204964,Rabeya Khan,BAN-W,2019-2026,59,57,,1090,57,4/8,,19.12,5.59,20.4,0,,2,194.4,6,2026-09-28
T20I,female,317157,Sadia Yousuf,PAK-W,2010-2017,51,50,,1016,57,4/9,,17.82,5.81,18.3,0,,1,174.4,2,2026-09-28
T20I,female,1172331,R Samson,NGA-W,2019-2026,64,62,,875,57,4/13,,15.35,4.49,20.5,0,,2,194.5,9,2026-09-28
T20I,female,53932,J Goswami,IND-W,2006-2018,68,67,,1229,56,5/11,,21.94,5.45,24.1,1,,0,225.1,14,2026-09-28
T20I,female,944373,S Molineux,AUS-W,2018-2026,51,48,,1012,56,4/16,,18.07,6.11,17.7,0,,1,165.3,3,2026-09-28
T20I,female,54776,CR Seneviratna,SL-W/UAE-W,2010-2022,55,51,,770,56,5/3,,13.75,4.72,17.4,1,,3,162.5,10,2026-09-28
T20I,female,1080012,N Sibanda,ZIM-W,2019-2026,68,68,,1146,56,5/14,,20.46,5.81,21.1,1,,0,197.0,15,2026-09-28
T20I,female,1093523,S Solman,VAN-W,2019-2026,54,53,,834,56,5/9,,14.89,5.01,17.8,1,,1,166.1,6,2026-09-28
T20I,female,1150581,I Toua,PNG-W,2018-2026,63,58,,763,56,4/5,,13.62,4.27,19.1,0,,2,178.4,10,2026-09-28
T20I,female,273004,RM Farrell,AUS-W,2009-2016,54,54,,1150,55,4/15,,20.9,6.19,20.2,0,,1,185.3,5,2026-09-28
T20I,female,1236147,Iqra Sahar,HKG-W,2021-2026,83,82,,1311,55,4/4,,23.83,5.2,27.4,0,,1,251.5,12,2026-09-28
T20I,female,1119577,SN Shihepo,NAM-W,2018-2026,107,64,,822,55,3/6,,14.94,5.22,17.1,0,,0,157.2,7,2026-09-28
T20I,female,1174341,Aisya Eleesa,MAL-W,2018-2026,82,74,,1066,54,3/11,,19.74,5.17,22.9,0,,0,206.1,10,2026-09-28
T20I,female,442048,E Bisht,IND-W,2011-2019,42,42,,780,53,4/21,,14.71,5.3,16.6,0,,1,147.1,5,2026-09-28
T20I,female,338483,Mengting Liu,CHN-W,2023-2025,29,29,,414,53,4/1,,7.81,4.01,11.6,0,,3,103.0,12,2026-09-28
T20I,female,1203213,L Moises,BRA-W,2019-2026,54,51,,701,53,3/6,,13.22,4.29,18.4,0,,0,163.1,13,2026-09-28
T20I,female,1272406,MPM Pathirannehelage,AUT-W,2021-2026,49,49,,796,53,5/16,,15.01,4.5,19.9,1,,0,176.3,6,2026-09-28
T20I,female,1182743,AJ Qwele,TZN-W,2022-2026,51,49,,721,53,4/7,,13.6,4.76,17.1,0,,2,151.1,10,2026-09-28
T20I,female,546086,SA Wittmann,NAM-W,2019-2026,108,64,,865,53,5/10,,16.32,4.94,19.7,1,,1,174.5,7,2026-09-28
T20I,female,474191,SS Connell,BRB-W/WI-W,2014-2024,78,75,,1504,52,3/14,,28.92,6.72,25.7,0,,0,223.3,3,2026-09-28
T20I,female,944357,S Jimmy,PNG-W,2018-2026,58,56,,751,52,4/13,,14.44,4.49,19.2,0,,2,167.1,9,2026-09-28
T20I,female,1349092,MI Khagoitsa,KEN-W,2021-2025,51,51,,714,52,5/13,,13.73,3.88,21.2,1,,1,184.0,15,2026-09-28
T20I,female,1172646,M Vumiliya,RWA-W,2019-2023,61,53,,659,52,4/0,,12.67,4.01,18.9,0,,3,164.0,10,2026-09-28
T20I,female,1213630,PE Mendonca,OMA-W,2020-2026,49,44,,762,51,5/8,,14.94,4.67,19.1,1,,1,163.0,7,2026-09-28
T20I,female,478808,Ritu Moni,BAN-W,2012-2026,97,66,,1072,51,4/12,,21.01,6.03,20.8,0,,2,177.3,6,2026-09-28
T20I,female,355356,SC Selman,BRB-W/WI-W,2008-2023,96,87,,1440,51,3/23,,28.23,5.85,28.9,0,,0,246.0,7,2026-09-28
T20I,female,301738,S Tippoch,THA-W,2018-2023,75,62,,695,51,4/4,,13.62,4.03,20.2,0,,2,172.1,10,2026-09-28
T20I,female,453370,CL Tryon,SA-W,2010-2026,131,97,,1766,51,4/15,,34.62,6.9,30,0,,1,255.5,1,2026-09-28
T20I,female,301718,GK Diviya,SIN-W,2018-2025,62,58,,756,50,4/14,,15.12,3.96,22.8,0,,1,190.4,20,2026-09-28
T20I,female,1272397,C Mahamalage,ITA-W,2022-2026,52,52,,884,50,4/17,,17.68,5.21,20.3,0,,2,169.4,4,2026-09-28
T20I,female,1175151,Mariamma Hyder,KUW-W,2019-2026,61,57,,973,50,4/8,,19.46,5.11,22.8,0,,1,190.1,6,2026-09-28
T20I,female,522740,SAN Maypriani,IDN-W,2022-2026,52,50,,593,50,4/4,,11.86,3.59,19.8,0,,1,165.1,12,2026-09-28
T20I,female,1172638,I Muhawenimana,RWA-W,2019-2025,62,59,,765,50,4/6,,15.3,4.54,20.2,0,,1,168.3,11,2026-09-28
T20I,female,1119438,F Odhiambo,KEN-W,2019-2024,56,48,,642,50,4/10,,12.84,5.27,14.6,0,,4,121.4,6,2026-09-28
T20I,female,1071705,A Sutherland,AUS-W,2020-2026,55,51,,979,50,4/8,,19.58,6.62,17.7,0,,2,147.5,1,2026-09-28
T20I,female,1323105,NLKWR Dewi,IDN-W,2023-2026,59,44,,546,49,3/10,,11.14,4.31,15.5,0,,0,126.4,7,2026-09-28
T20I,female,1171666,S Kotte,UAE-W,2019-2026,64,57,,606,49,4/11,,12.36,4.02,18.4,0,,1,150.4,11,2026-09-28
T20I,female,1135028,C Murray,IRE-W,2018-2026,67,66,,1270,49,3/9,,25.91,6.93,22.4,0,,0,183.0,2,2026-09-28
T20I,female,944339,R Oa,PNG-W,2018-2023,36,35,,510,49,5/13,,10.4,4.46,14,1,,2,114.2,6,2026-09-28
T20I,female,526987,PA Chatterji,SCO-W,2018-2026,83,68,,1038,48,3/5,,21.62,5.86,22.1,0,,0,177.0,9,2026-09-28
T20I,female,439029,HNK Jensen,NZ-W,2014-2023,53,48,,986,48,3/5,,20.54,6.58,18.7,0,,0,149.4,2,2026-09-28
T20I,female,1276637,SF Jerome,TZN-W,2021-2026,50,46,,625,48,4/13,,13.02,4.35,17.9,0,,1,143.3,3,2026-09-28
T20I,female,1290387,Khushi Sharma,UAE-W,2021-2024,68,54,,769,48,5/22,,16.02,5.5,17.4,1,,2,139.4,7,2026-09-28
T20I,female,364368,M Klaas,SA-W,2010-2026,74,70,,1622,48,4/21,,33.79,7.76,26.1,0,,1,208.5,2,2026-09-28
T20I,female,1175161,Maria Jasvi,KUW-W,2019-2026,60,56,,937,48,5/6,,19.52,5.65,20.7,1,,0,165.5,3,2026-09-28
T20I,female,275483,EA Osborne,AUS-W,2009-2016,59,59,,1080,48,4/19,,22.5,5.76,23.4,0,,1,187.2,0,2026-09-28
T20I,female,578451,AA Patil,IND-W,2012-2019,50,50,,1008,48,3/14,,21,5.83,21.5,0,,0,172.4,2,2026-09-28
T20I,female,960867,A Reddy,IND-W,2018-2026,54,53,,1402,48,4/22,,29.2,7.83,22.3,0,,1,178.5,1,2026-09-28
T20I,female,538593,L Tshuma,ZIM-W,2021-2026,55,51,,892,48,4/11,,18.58,5.76,19.3,0,,1,154.4,5,2026-09-28
T20I,female,1179937,E Anyipo,UGA-W,2019-2025,60,57,,771,47,4/1,,16.4,4.55,21.5,0,,1,169.1,12,2026-09-28
T20I,female,54504,NJ Browne,NZ-W,2004-2014,54,46,,814,47,4/15,,17.31,5.57,18.6,0,,1,146.0,4,2026-09-28
T20I,female,374934,SJ Coyte,AUS-W,2010-2016,47,46,,979,47,4/5,,20.82,6.1,20.4,0,,1,160.2,1,2026-09-28
T20I,female,343129,M Hill,HKG-W,2019-2026,106,62,,873,47,5/2,,18.57,5.07,21.9,1,,0,172.0,4,2026-09-28
T20I,female,1150575,H Hotchandani,UAE-W,2018-2026,51,50,,700,47,4/8,,14.89,4.6,19.4,0,,1,152.0,7,2026-09-28
T20I,female,1190585,A Kohli,GER-W,2020-2026,47,46,,929,47,4/16,,19.76,5.8,20.4,0,,1,160.0,3,2026-09-28
T20I,female,1034903,T Iosefo,SAM-W,2019-2025,41,39,,586,47,3/5,,12.46,5.09,14.6,0,,0,115.0,4,2026-09-28
T20I,female,1119469,S Nampiina,UGA-W,2018-2026,111,41,,615,47,6/8,,13.08,5.35,14.6,1,,1,114.5,3,2026-09-28
T20I,female,939229,TS Sekhukhune,SA-W,2018-2026,44,42,,961,47,3/20,,20.44,7.44,16.4,0,,0,129.0,0,2026-09-28
T20I,female,1171471,TT Soe,MYA-W,2019-2026,56,50,,712,47,3/17,,15.14,4.35,20.8,0,,0,163.3,7,2026-09-28
T20I,female,546085,I van Zyl,NAM-W,2019-2024,67,61,,905,47,4/7,,19.25,4.64,24.8,0,,1,194.4,11,2026-09-28
T20I,female,1394373,V Vira,VAN-W,2023-2026,36,36,,531,47,3/8,,11.29,4.29,15.7,0,,0,123.3,16,2026-09-28
T20I,female,1126415,Chaya Mughal,UAE-W,2018-2023,66,61,,842,46,3/4,,18.3,4.51,24.3,0,,0,186.4,14,2026-09-28
T20I,female,1276837,M Mwatile,NAM-W,2021-2026,67,46,,703,46,3/10,,15.28,5.83,15.7,0,,0,120.3,4,2026-09-28
T20I,female,254168,DN Wyatt,ENG-W,2010-2026,187,45,,715,46,4/11,,15.54,5.65,16.5,0,,1,126.3,3,2026-09-28
T20I,female,263473,DM Kimmince,AUS-W,2008-2020,44,42,,949,45,3/20,,21.08,6.73,18.8,0,,0,141.0,0,2026-09-28
T20I,female,1148032,EN Lynch,NL-W,2019-2025,50,48,,799,45,4/24,,17.75,5.08,20.9,0,,1,157.0,3,2026-09-28
T20I,female,1332561,Marufa Akter,BAN-W,2022-2026,52,51,,1060,45,3/21,,23.55,6.57,21.4,0,,0,161.1,5,2026-09-28
T20I,female,1172644,J Nyirankundineza,RWA-W,2019-2024,53,52,,691,45,3/0,,15.35,4.55,20.2,0,,0,151.5,11,2026-09-28
T20I,female,1333943,M Syrioti,GRC-W,2022-2026,42,39,,677,45,5/20,,15.04,5.07,17.8,1,,1,133.3,9,2026-09-28
T20I,female,220665,Asmavia Iqbal,PAK-W,2009-2016,68,60,,1001,44,4/16,,22.75,5.97,22.8,0,,2,167.3,2,2026-09-28
T20I,female,1438821,S Dunukedeniya,CYP-W,2024-2026,30,26,,362,44,7/15,,8.22,4.62,10.6,1,,2,78.2,2,2026-09-28
T20I,female,1184105,HWA Landheer,NL-W,2019-2026,61,49,,773,44,3/10,,17.56,6.15,17.1,0,,0,125.4,1,2026-09-28
T20I,female,1116789,Mas Elysa,MAL-W,2018-2026,110,55,,812,44,6/3,,18.45,5.48,20.2,1,,0,148.1,4,2026-09-28
T20I,female,1250707,KT Ndhlovu,ZIM-W,2022-2026,73,47,,871,44,3/12,,19.79,5.89,20.1,0,,0,147.5,5,2026-09-28
T20I,female,1126419,KKN Egodage,UAE-W,2018-2024,88,50,,690,43,3/3,,16.04,5.02,19.1,0,,0,137.2,2,2026-09-28
T20I,female,535871,Khadija Tul Kubra,BAN-W,2012-2020,49,48,,794,43,3/5,,18.46,5.28,20.9,0,,0,150.2,4,2026-09-28
T20I,female,1318955,CS Nascimento,BRA-W,2022-2026,50,43,,623,43,5/12,,14.48,4.99,17.3,1,,1,124.4,8,2026-09-28
T20I,female,53613,S Nitschke,AUS-W,2005-2011,36,35,,705,43,4/21,,16.39,5.5,17.8,0,,1,128.0,4,2026-09-28
T20I,female,1185796,F Overdijk,NL-W,2019-2026,70,48,,777,43,7/3,,18.06,6.63,16.3,1,,1,117.1,7,2026-09-28
T20I,female,442145,S Pandey,IND-W,2014-2023,62,56,,1125,43,3/14,,26.16,6.49,24.1,0,,0,173.2,4,2026-09-28
T20I,female,769517,K Ramharack,WI-W,2019-2026,60,59,,1198,43,4/15,,27.86,6.8,24.5,0,,2,176.0,1,2026-09-28
T20I,female,1400003,S Tuhadeleni,NAM-W,2023-2026,38,37,,635,43,3/12,,14.76,5,17.7,0,,0,127.0,4,2026-09-28
T20I,female,1365288,A Adekunle,NGA-W,2023-2026,43,38,,579,42,4/13,,13.78,4.74,17.4,0,,1,122.0,3,2026-09-28
T20I,female,1175152,Amna Tariq,KUW-W,2019-2026,63,59,,998,42,4/9,,23.76,4.97,28.6,0,,1,200.4,5,2026-09-28
T20I,female,1323102,NK Ariani,IDN-W,2023-2026,46,41,,619,42,3/7,,14.73,4.45,19.8,0,,0,139.0,9,2026-09-28
T20I,female,1140101,A Gurung,BHU-W,2019-2026,43,43,,620,42,3/6,,14.76,3.97,22.2,0,,0,156.0,10,2026-09-28
T20I,female,1393635,Puja Mahato,NEP-W,2023-2026,64,58,,761,42,3/2,,18.11,5.25,20.6,0,,0,144.5,8,2026-09-28
T20I,female,1196299,P Sabu,AUT-W,2019-2026,60,38,,621,42,3/4,,14.78,5.4,16.4,0,,0,115.0,2,2026-09-28
T20I,female,1341621,A Chandel,JPN-W,2022-2026,49,49,,784,41,4/8,,19.12,4.76,24,0,,2,164.3,7,2026-09-28
T20I,female,1306424,A Dcosta,OMA-W,2022-2026,38,37,,676,41,5/11,,16.48,5.23,18.9,1,,2,129.1,7,2026-09-28
T20I,female,572638,Diana Baig,PAK-W,2015-2026,59,58,,1173,41,3/26,,28.6,6.52,26.3,0,,0,179.5,6,2026-09-28
T20I,female,1395415,L Malino,MLW-W,2023-2026,33,33,,588,41,4/3,,14.34,4.87,17.6,0,,3,120.4,9,2026-09-28
T20I,female,324246,MJG Nielsen,NZ-W,2012-2016,44,44,,753,41,4/10,,18.36,4.8,22.9,0,,1,156.5,4,2026-09-28
T20I,female,1050031,Nur Arianna Natsya,MAL-W,2019-2026,88,53,,855,41,4/11,,20.85,5.49,22.7,0,,1,155.4,6,2026-09-28
T20I,female,577359,HDJ Siegers,NL-W,2018-2026,76,46,,832,41,3/27,,20.29,6.11,19.9,0,,0,136.1,6,2026-09-28
T20I,female,666573,A Stocks,ARG-W,2019-2025,38,37,,543,41,7/3,,13.24,4.62,17.1,1,,1,117.2,8,2026-09-28
T20I,female,500984,I Barma,NEP-W,2019-2026,100,47,,636,41,3/5,,15.51,4.6,20.2,0,,0,138.1,6,2026-09-28
T20I,female,1184969,RE Slater,SCO-W,2022-2026,42,41,,815,40,5/17,,20.37,6.58,18.5,1,,0,123.5,3,2026-09-28
T20I,female,371194,SIP Fernando,SL-W,2014-2025,40,39,,731,40,4/10,,18.27,6.07,18,0,,1,120.2,3,2026-09-28
T20I,female,1453572,Ma Ruike,CHN-W,2024-2026,38,38,,563,40,4/1,,14.07,4.84,17.4,0,,2,116.1,9,2026-09-28
T20I,female,274569,SEA Ruck,NZ-W,2009-2013,37,37,,688,40,3/12,,17.2,5.5,18.7,0,,0,125.0,5,2026-09-28
T20I,female,1186106,F Tanguy,JEY-W,2019-2026,33,33,,592,40,3/11,,14.8,5.23,16.9,0,,0,113.0,2,2026-09-28
T20I,female,1034917,LO Telea,SAM-W,2019-2024,28,26,,381,40,4/16,,9.52,4.5,12.6,0,,1,84.3,6,2026-09-28
T20I,female,1182776,HJ Thomas,PNG-W,2019-2026,48,43,,679,40,5/13,,16.97,4.7,21.6,1,,0,144.2,8,2026-09-28
T20I,female,1344430,L Barnett,IOM-W,2022-2026,38,37,,509,39,3/10,,13.05,3.73,20.9,0,,0,136.2,7,2026-09-28
T20I,female,1161401,LV Boas,BRA-W,2018-2026,69,47,,637,39,5/10,,16.33,5.41,18.1,1,,1,117.4,5,2026-09-28
T20I,female,1169661,EJ Carson,NZ-W,2022-2025,37,35,,745,39,3/18,,19.1,6.53,17.5,0,,0,114.0,1,2026-09-28
T20I,female,1344436,J Hicks,IOM-W,2022-2026,31,28,,414,39,5/10,,10.61,4.35,14.6,3,,1,95.0,7,2026-09-28
T20I,female,1068933,JM Kerr,NZ-W,2020-2026,57,56,,1229,39,3/16,,31.51,6.76,27.9,0,,0,181.4,3,2026-09-28
T20I,female,527656,SL Quintyne,WI-W,2011-2016,45,41,,779,39,5/16,,19.97,5.74,20.8,1,,0,135.3,3,2026-09-28
T20I,female,944351,M Tom,PNG-W,2018-2026,48,47,,721,39,4/24,,18.48,5.13,21.5,0,,1,140.2,8,2026-09-28
T20I,female,1080010,V Araa,PNG-W,2018-2024,44,40,,507,38,4/6,,13.34,4.75,16.8,0,,2,106.4,2,2026-09-28
T20I,female,1395406,S Kananji,MLW-W,2023-2026,35,33,,469,38,3/7,,12.34,4.67,15.8,0,,0,100.2,12,2026-09-28
T20I,female,1158371,S Mosweu,BOT-W,2018-2024,47,42,,629,38,6/3,,16.55,5.26,18.8,1,,1,119.3,8,2026-09-28
T20I,female,1306438,I Nandakumar,UAE-W,2022-2026,66,57,,811,38,4/10,,21.34,4.92,26,0,,1,164.4,9,2026-09-28
T20I,female,1121148,Ruchitha Venkatesh,HKG-W,2019-2026,76,66,,970,38,3/8,,25.52,5.13,29.8,0,,0,189.0,5,2026-09-28
T20I,female,424630,TD Smartt,WI-W,2009-2018,58,52,,770,38,3/9,,20.26,5.51,22,0,,0,139.4,4,2026-09-28
T20I,female,1171415,ZL Win,MYA-W,2019-2026,57,41,,604,38,3/14,,15.89,4.33,22,0,,0,139.2,4,2026-09-28
T20I,female,1320240,Ada Bhasin,SIN-W,2022-2025,41,38,,541,37,5/6,,14.62,4.57,19.1,2,,0,118.1,11,2026-09-28
T20I,female,1333944,A Savvani,GRC-W,2022-2026,40,38,,617,37,6/5,,16.67,5.63,17.7,1,,2,109.3,3,2026-09-28
T20I,female,1050043,Shafina Mahesh,SIN-W,2018-2026,70,49,,916,37,4/2,,24.75,6.2,23.9,0,,1,147.4,6,2026-09-28
T20I,female,1140102,T Zangmo,BHU-W,2019-2026,41,39,,617,37,3/16,,16.67,4.69,21.3,0,,0,131.3,5,2026-09-28
T20I,female,1308000,P Agboya,NGA-W,2022-2025,40,38,,482,36,3/11,,13.38,4.01,20,0,,0,120.0,9,2026-09-28
T20I,female,260229,Bismah Maroof,PAK-W,2009-2023,140,63,,820,36,3/21,,22.77,5.62,24.2,0,,0,145.4,0,2026-09-28
T20I,female,1158420,AM Kamara,SLE-W,2018-2025,51,49,,808,36,3/20,,22.44,5.1,26.3,0,,0,158.1,13,2026-09-28
T20I,female,54750,LE Kaushalya,SL-W,2009-2018,68,49,,712,36,4/18,,19.77,5.82,20.3,0,,1,122.2,3,2026-09-28
T20I,female,1158416,EU Kejarukua,NAM-W,2018-2026,46,45,,707,36,3/2,,19.63,4.78,24.6,0,,0,147.4,6,2026-09-28
T20I,female,1333946,A Makri,GRC-W,2022-2026,46,42,,769,36,3/16,,21.36,5.84,21.9,0,,0,131.4,3,2026-09-28
T20I,female,879287,I Sims,ITA-W,2024-2026,31,29,,517,36,3/0,,14.36,5.62,15.3,0,,0,91.5,1,2026-09-28
T20I,female,1331889,RP Singh,USA-W,2022-2026,43,39,,597,36,4/3,,16.58,5.35,18.5,0,,1,111.3,6,2026-09-28
T20I,female,1203423,M Upadhayay,NEP-W,2025-2026,27,26,,431,36,4/17,,11.97,4.63,15.5,0,,2,93.0,7,2026-09-28
T20I,female,1333941,M Vervitsioti,GRC-W,2022-2026,46,40,,642,36,3/8,,17.83,5.89,18.1,0,,0,108.5,5,2026-09-28
T20I,female,1171482,Zon Lin,MYA-W,2019-2026,55,41,,558,36,6/10,,15.5,5.15,18,1,,1,108.1,4,2026-09-28
T20I,female,1213637,Aysha,QAT-W,2020-2026,53,46,,804,35,3/10,,22.97,6.52,21.1,0,,0,123.1,1,2026-09-28
T20I,female,1229015,A Canning,IRE-W,2021-2026,48,48,,797,35,3/27,,22.77,5.42,25.1,0,,0,146.5,7,2026-09-28
T20I,female,1352080,AI Chudasama,USA-W,2023-2026,38,37,,638,35,4/11,,18.22,5.15,21.2,0,,2,123.5,3,2026-09-28
T20I,female,1158405,P Cuinica,MOZ-W,2018-2026,44,39,,638,35,3/4,,18.22,5.06,21.6,0,,0,126.0,4,2026-09-28
T20I,female,1333942,S Georgota,GRC-W,2022-2026,45,41,,735,35,3/4,,21,5.46,23,0,,0,134.3,7,2026-09-28
T20I,female,746839,CM Gough,GER-W,2019-2025,53,43,,628,35,3/7,,17.94,5.05,21.2,0,,0,124.1,5,2026-09-28
T20I,female,1158408,C Magaia,MOZ-W,2018-2026,57,20,,280,35,4/24,,8,4.61,10.4,0,,1,60.4,7,2026-09-28
T20I,female,1186107,A Merritt,JEY-W,2019-2026,48,46,,827,35,4/22,,23.62,5.87,24.1,0,,1,140.5,1,2026-09-28
T20I,female,1216160,Nonoha Yasumoto,JPN-W,2023-2026,37,37,,484,35,4/11,,13.82,4.2,19.7,0,,2,115.0,10,2026-09-28
T20I,female,333936,P Siaka,PNG-W,2018-2026,59,28,,399,35,5/1,,11.4,4.3,15.8,1,,2,92.4,8,2026-09-28
T20I,female,517577,LCN Smith,ENG-W,2018-2026,34,34,,858,35,3/18,,24.51,6.65,22.1,0,,0,129.0,3,2026-09-28
T20I,female,1394372,E Toguchi-Quinn,JPN-W,2023-2026,32,31,,454,35,5/6,,12.97,5.01,15.5,2,,1,90.3,5,2026-09-28
T20I,female,1276639,MH Ushanga,TZN-W,2021-2025,39,36,,520,35,3/1,,14.85,4.73,18.8,0,,0,109.5,7,2026-09-28
T20I,female,1313557,Uswa Syed,ESP-W,2022-2026,28,26,,463,35,4/24,,13.22,5.27,15,0,,1,87.5,3,2026-09-28
T20I,female,388845,D Brown,AUS-W,2021-2026,41,41,,857,34,3/20,,25.2,6.64,22.7,0,,0,129.0,2,2026-09-28
T20I,female,424631,SA Campbelle,WI-W,2009-2026,160,44,,676,34,3/7,,19.88,5.11,23.3,0,,0,132.1,1,2026-09-28
T20I,female,1317021,NP Dalgaard,DNK-W,2022-2026,41,32,,598,34,3/10,,17.58,4.9,21.5,0,,0,122.0,0,2026-09-28
T20I,female,1171472,LL Htun,MYA-W,2019-2026,55,46,,623,34,3/7,,18.32,4.59,23.9,0,,0,135.4,6,2026-09-28
T20I,female,944393,AM King,AUS-W,2022-2026,34,34,,613,34,4/8,,18.02,6.37,16.9,0,,1,96.1,3,2026-09-28
T20I,female,1229018,J Maguire,IRE-W,2022-2026,40,40,,781,34,3/9,,22.97,6.58,20.9,0,,0,118.4,2,2026-09-28
T20I,female,1182778,V Mansale,VAN-W,2019-2025,47,33,,577,34,4/15,,16.97,5.65,18,0,,1,102.0,1,2026-09-28
T20I,female,1343590,DAL Paramitha,IDN-W,2019-2026,38,37,,447,34,5/5,,13.14,4.19,18.7,1,,0,106.3,5,2026-09-28
T20I,female,1272400,K Peddrick,ITA-W,2021-2026,48,39,,574,34,4/10,,16.88,5.25,19.2,0,,1,109.2,6,2026-09-28
T20I,female,1265231,L Piety,NGA-W,2021-2026,50,34,,431,34,4/10,,12.67,4.57,16.6,0,,1,94.1,3,2026-09-28
T20I,female,1116783,NKF Rada Rani,IDN-W,2019-2026,60,31,,357,34,4/11,,10.5,3.86,16.2,0,,1,92.2,8,2026-09-28
T20I,female,1205142,Sanjida Akter Meghla,BAN-W,2019-2026,33,33,,638,34,4/14,,18.76,5.65,19.9,0,,1,112.5,5,2026-09-28
T20I,female,1158421,Aminata Kamara,SLE-W,2018-2025,46,39,,649,33,3/3,,19.66,5.56,21.2,0,,0,116.4,11,2026-09-28
T20I,female,274423,EM Bermingham,NZ-W,2010-2017,31,30,,569,33,2/12,,17.24,5.41,19,0,,0,105.0,3,2026-09-28
T20I,female,1161404,RD de Sousa,BRA-W,2018-2023,36,36,,407,33,4/12,,12.33,3.26,22.6,0,,1,124.3,15,2026-09-28
T20I,female,1190574,A Doddaballapur,GER-W,2020-2024,34,28,,343,33,5/1,,10.39,4,15.5,1,,1,85.4,5,2026-09-28
T20I,female,53674,JL Hunter,AUS-W,2010-2014,32,32,,605,33,5/22,,18.33,5.87,18.7,1,,1,103.0,3,2026-09-28
T20I,female,54877,IMHC Joyce,IRE-W,2008-2018,55,54,,1017,33,3/16,,30.81,5.83,31.6,0,,0,174.2,3,2026-09-28
T20I,female,1333799,Joyleen Kaur,HKG-W,2024-2026,34,28,,432,33,4/19,,13.09,5.32,14.7,0,,1,81.1,3,2026-09-28
T20I,female,1175149,Maryam Omar,KUW-W,2019-2026,47,38,,594,33,4/14,,18,4.88,22.1,0,,1,121.4,8,2026-09-28
T20I,female,885737,K McGill,SCO-W,2018-2022,34,32,,528,33,3/13,,16,6.15,15.6,0,,0,85.5,2,2026-09-28
T20I,female,1344423,Mirab Razwan,NOR-W,2022-2026,33,27,,575,33,6/7,,17.42,6.19,16.8,1,,0,92.5,2,2026-09-28
T20I,female,1161398,RD Moretti,BRA-W,2018-2026,70,33,,266,33,3/1,,8.06,4.72,10.2,0,,0,56.2,2,2026-09-28
T20I,female,922493,AC Mushangwe,ZIM-W,2019-2022,21,21,,245,33,3/6,,7.42,3.1,14.3,0,,0,78.5,7,2026-09-28
T20I,female,1119585,TS Omary,TZN-W,2019-2025,27,23,,254,33,4/8,,7.69,3.54,13,0,,4,71.4,7,2026-09-28
T20I,female,301600,Panna Ghosh,BAN-W,2012-2020,40,38,,584,33,5/16,,17.69,5.33,19.9,1,,0,109.3,4,2026-09-28
T20I,female,1289948,SR Patil,IND-W,2023-2026,27,27,,606,33,3/19,,18.36,6.75,16.3,0,,0,89.4,1,2026-09-28
T20I,female,1275220,G Shukla,SWE-W,2021-2025,29,29,,441,33,5/7,,13.36,4.68,17.1,1,,1,94.1,10,2026-09-28
T20I,female,1204959,Tuba Hassan,PAK-W,2022-2026,54,50,,989,33,3/8,,29.96,6.47,27.7,0,,0,152.5,1,2026-09-28
T20I,female,1164390,Xu Qian,CHN-W,2018-2025,35,34,,486,33,3/5,,14.72,4.05,21.7,0,,0,119.5,13,2026-09-28
T20I,female,1196284,AM Zepeda,AUT-W,2019-2026,49,41,,695,33,4/14,,21.06,4.63,27.2,0,,2,150.0,9,2026-09-28
T20I,female,701751,RA Mair,NZ-W,2019-2026,48,45,,1012,32,4/19,,31.62,6.7,28.3,0,,1,151.0,3,2026-09-28
T20I,female,372317,H Kaur,IND-W,2009-2026,210,62,,795,32,4/23,,24.84,6.27,23.7,0,,1,126.4,0,2026-09-28
T20I,female,1438827,D Koralalage,CYP-W,2024-2026,30,28,,393,32,4/9,,12.28,4.3,17.1,0,,1,91.2,4,2026-09-28
T20I,female,1158427,J Kowa,SLE-W,2018-2024,32,31,,497,32,3/7,,15.53,4.79,19.4,0,,0,103.4,9,2026-09-28
T20I,female,1158369,A Mokgotlhe,BOT-W,2018-2026,67,59,,795,32,3/2,,24.84,5.28,28.2,0,,0,150.3,6,2026-09-28
T20I,female,1190587,JE Ronalds,GER-W,2019-2025,51,22,,322,32,5/7,,10.06,4.63,13,1,,1,69.3,4,2026-09-28
T20I,female,1158411,A Salomao,MOZ-W,2018-2026,44,37,,642,32,3/15,,20.06,5.12,23.4,0,,0,125.1,5,2026-09-28
T20I,female,1276640,I Alumo,UGA-W,2021-2023,31,30,,403,31,3/3,,13,4.09,19,0,,0,98.2,8,2026-09-28
T20I,female,1116777,A Andriani,IDN-W,2019-2024,26,19,,244,31,4/8,,7.87,3.38,13.9,0,,4,72.0,10,2026-09-28
T20I,female,1196292,V Avdylaj,AUT-W,2019-2024,42,42,,913,31,4/12,,29.45,5.78,30.5,0,,1,157.5,4,2026-09-28
T20I,female,474190,CA Henry,WI-W,2013-2026,78,56,,945,31,3/26,,30.48,6.88,26.5,0,,0,137.1,4,2026-09-28
T20I,female,276683,S Loubser,SA-W,2007-2014,43,43,,831,31,3/22,,26.8,6.12,26.2,0,,0,135.4,3,2026-09-28
T20I,female,1276669,F Pessima,SLE-W,2021-2025,32,26,,346,31,4/14,,11.16,4.46,15,0,,2,77.3,4,2026-09-28
T20I,female,877469,R Rijke,NL-W,2018-2026,102,36,,489,31,4/7,,15.77,5.37,17.6,0,,2,91.0,0,2026-09-28
T20I,female,1413838,Riya Sharma,NEP-W,2025-2026,38,36,,622,31,3/20,,20.06,5.33,22.5,0,,0,116.3,4,2026-09-28
T20I,female,1203218,C Sosa,ARG-W,2019-2026,36,33,,477,31,3/4,,15.38,4.85,19,0,,0,98.1,3,2026-09-28
T20I,female,1283439,IM Vaghela,USA-W,2021-2026,47,31,,436,31,4/7,,14.06,5.11,16.4,0,,2,85.1,2,2026-09-28
T20I,female,1394110,M Valner,EST-W,2023-2026,28,28,,455,31,4/10,,14.67,4.94,17.8,0,,2,92.0,4,2026-09-28
T20I,female,54836,SS Weerakkody,SL-W,2009-2018,58,54,,909,31,3/23,,29.32,6.31,27.8,0,,0,143.5,2,2026-09-28
T20I,female,1137522,MD Botha,UAE-W,2025-2025,22,21,,268,30,4/6,,8.93,3.99,13.4,0,,1,67.1,4,2026-09-28
T20I,female,1116791,H Dhavina,SIN-W,2018-2026,57,48,,869,30,3/17,,28.96,5.6,31,0,,0,155.1,7,2026-09-28
T20I,female,1283417,A Galan,ARG-W,2021-2026,33,28,,411,30,3/0,,13.7,4.5,18.2,0,,0,91.1,3,2026-09-28
T20I,female,1208952,FC Jonas,NZ-W,2022-2024,39,38,,756,30,4/22,,25.2,5.96,25.3,0,,1,126.5,3,2026-09-28
T20I,female,1195947,FG Kemp,ENG-W,2022-2026,38,31,,614,30,4/22,,20.46,7.77,15.8,0,,1,79.0,0,2026-09-28
T20I,female,1026403,L Paul,IRE-W,2019-2026,78,37,,571,30,4/16,,19.03,5.85,19.5,0,,1,97.3,3,2026-09-28
T20I,female,1175166,Priyada Murali,KUW-W,2019-2026,60,47,,731,30,3/11,,24.36,6.19,23.6,0,,0,118.0,0,2026-09-28
T20I,female,1344434,A Thorpe,IOM-W,2022-2026,34,29,,491,30,4/24,,16.36,5.79,16.9,0,,1,84.4,3,2026-09-28
T20I,female,941805,Aiman Anwer,PAK-W,2016-2023,37,37,,854,29,3/30,,29.44,6.98,25.3,0,,0,122.2,1,2026-09-28
T20I,female,1339880,Amarpal Kaur,CAN-W,2023-2025,21,20,,295,29,4/1,,10.17,4.35,14,0,,2,67.4,4,2026-09-28
T20I,female,789163,I Chathurani,CYP-W,2024-2026,30,25,,352,29,3/6,,12.13,4.01,18.1,0,,0,87.4,6,2026-09-28
T20I,female,1341624,A Fujikawa,JPN-W,2022-2026,34,31,,518,29,4/4,,17.86,5.51,19.4,0,,1,94.0,1,2026-09-28
T20I,female,1196334,R Immadi,NOR-W,2019-2026,44,34,,757,29,4/15,,26.1,6.62,23.6,0,,1,114.2,0,2026-09-28
T20I,female,1432245,L Ostergaard,DNK-W,2024-2026,35,33,,551,29,4/10,,19,5.24,21.7,0,,1,105.0,2,2026-09-28
T20I,female,263980,G Sultana,IND-W,2008-2014,37,37,,762,29,3/17,,26.27,5.73,27.4,0,,0,132.5,1,2026-09-28
T20I,female,1320247,Vinu Kumar,SIN-W,2022-2026,53,37,,539,29,3/8,,18.58,5.5,20.2,0,,0,98.0,5,2026-09-28
T20I,female,1186115,G Wetherall,JEY-W,2019-2026,50,34,,584,29,4/17,,20.13,5.94,20.3,0,,1,98.1,4,2026-09-28
T20I,female,684055,Aarti Priya,LUX-W,2023-2026,25,25,,485,28,4/19,,17.32,5.66,18.3,0,,1,85.4,3,2026-09-28
T20I,female,1337687,AF Aoina,SAM-W,2022-2025,27,23,,347,28,4/9,,12.39,5.96,12.4,0,,1,58.1,1,2026-09-28
T20I,female,1158424,L Bull,SLE-W,2018-2025,45,27,,363,28,4/10,,12.96,4.87,15.9,0,,1,74.3,6,2026-09-28
T20I,female,478278,M Daniels,SA-W,2010-2019,40,39,,662,28,3/13,,23.64,4.95,28.6,0,,0,133.3,8,2026-09-28
T20I,female,231311,LR Doolan,NZ-W,2008-2013,33,31,,602,28,3/16,,21.5,6.02,21.4,0,,0,100.0,2,2026-09-28
T20I,female,1317016,D Golechha,DNK-W,2022-2026,29,29,,445,28,3/11,,15.89,4.26,22.3,0,,0,104.2,4,2026-09-28
T20I,female,1395407,P Maziya,MLW-W,2024-2026,31,22,,405,28,3/2,,14.46,5.13,16.8,0,,0,78.5,5,2026-09-28
T20I,female,1119435,M Mwangi,KEN-W,2019-2025,47,34,,440,28,4/9,,15.71,5,18.8,0,,1,88.0,6,2026-09-28
T20I,female,1333953,N Nojic,SRB-W,2022-2026,29,29,,554,28,3/9,,19.78,5.38,22,0,,0,102.5,5,2026-09-28
T20I,female,1344439,C Perry,IOM-W,2022-2025,35,35,,690,28,4/10,,24.64,5.91,25,0,,1,116.4,1,2026-09-28
T20I,female,1158399,V Phiri,MLW-W,2018-2026,27,23,,357,28,4/9,,12.75,5.62,13.6,0,,2,63.3,0,2026-09-28
T20I,female,1352323,L Qiao,IDN-W,2022-2026,27,24,,269,28,4/9,,9.6,3.49,16.5,0,,1,77.0,5,2026-09-28
T20I,female,1331998,A Rameshan,MLT-W,2022-2026,25,25,,490,28,4/20,,17.5,5.57,18.8,0,,1,87.5,1,2026-09-28
T20I,female,54842,HMD Rasangika,BHR-W/SL-W,2009-2026,72,38,,742,28,3/9,,26.5,7.18,22.1,0,,0,103.2,1,2026-09-28
T20I,female,1318451,Sonam,BHU-W,2022-2026,34,29,,539,28,4/13,,19.25,5.76,20,0,,1,93.3,2,2026-09-28
T20I,female,1488305,K Amuge,UGA-W,2025-2025,20,20,,273,27,5/19,,10.11,4.33,14,1,,1,63.0,2,2026-09-28
T20I,female,885797,EL Bartram,ITA-W,2022-2026,46,39,,575,27,3/6,,21.29,5.52,23.1,0,,0,104.1,7,2026-09-28
T20I,female,1332610,O Bell,SCO-W,2022-2026,24,24,,432,27,5/8,,16,6.17,15.5,1,,0,70.0,5,2026-09-28
T20I,female,1344427,N Hillman-Bermejo,ESP-W,2022-2026,24,22,,357,27,4/10,,13.22,5.18,15.2,0,,1,68.5,7,2026-09-28
T20I,female,543955,C Chukwuonye,NGA-W,2023-2026,40,19,,270,27,4/18,,10,4.76,12.5,0,,1,56.4,3,2026-09-28
T20I,female,646693,LK O'Reilly,IRE-W,2013-2018,32,30,,676,27,4/28,,25.03,6.66,22.5,0,,1,101.3,2,2026-09-28
T20I,female,1135025,L Phiri,ZIM-W,2019-2026,39,34,,468,27,5/6,,17.33,5.81,17.8,1,,1,80.3,5,2026-09-28
T20I,female,1272405,SK Reddy,AUT-W,2021-2026,35,35,,567,27,4/2,,21,5.22,24.1,0,,1,108.3,0,2026-09-28
T20I,female,540354,M Yanagida,JPN-W,2019-2026,62,33,,422,27,4/8,,15.62,4.85,19.2,0,,1,86.5,2,2026-09-28
T20I,female,661441,AA Alleyne,BRB-W/WI-W,2019-2026,68,54,,1034,26,4/27,,39.76,7.9,30.1,0,,1,130.5,1,2026-09-28
T20I,female,1365290,E Kamara,SLE-W,2023-2025,34,28,,433,26,4/7,,16.65,5.34,18.6,0,,1,81.0,3,2026-09-28
T20I,female,1203227,M Martinez,ARG-W,2019-2025,36,35,,621,26,2/10,,23.88,5.67,25.2,0,,0,109.2,3,2026-09-28
T20I,female,1182756,O Matsolo,MOZ-W,2018-2025,32,28,,512,26,4/13,,19.69,5.55,21.2,0,,2,92.1,5,2026-09-28
T20I,female,538592,A Mazvishaya,ZIM-W,2019-2026,29,29,,524,26,4/27,,20.15,5.83,20.7,0,,1,89.5,6,2026-09-28
T20I,female,1272399,D Nanayakkara,ITA-W,2021-2026,52,43,,654,26,3/19,,25.15,5.77,26.1,0,,0,113.1,6,2026-09-28
T20I,female,1174326,Nik Nur Atiela,MAL-W,2018-2024,34,30,,382,26,3/6,,14.69,5.09,17.3,0,,0,75.0,3,2026-09-28
T20I,female,486906,K Ota,JPN-W,2023-2026,38,35,,513,26,3/13,,19.73,5.72,20.6,0,,0,89.4,2,2026-09-28
T20I,female,1354165,Phoup Srey Pheak,CAM-W,2022-2025,14,14,,198,26,6/9,,7.61,4.43,10.3,1,,2,44.4,6,2026-09-28
T20I,female,1095834,HRA Rainey,SCO-W,2018-2026,43,39,,565,26,3/15,,21.73,5.59,23.3,0,,0,101.0,2,2026-09-28
T20I,female,556537,S Rana,IND-W,2014-2025,31,31,,628,26,3/9,,24.15,6.34,22.8,0,,0,99.0,1,2026-09-28
T20I,female,1158374,F Samanyika,BOT-W,2018-2023,48,35,,518,26,4/16,,19.92,5.5,21.7,0,,1,94.1,2,2026-09-28
T20I,female,1050035,Sasha Azmi,MAL-W,2018-2022,27,23,,369,26,4/20,,14.19,4.49,18.9,0,,1,82.1,2,2026-09-28
T20I,female,233007,AE Satterthwaite,NZ-W,2007-2021,111,35,,609,26,6/17,,23.42,7.12,19.7,1,,1,85.3,0,2026-09-28
T20I,female,1453573,Wang Huiying,CHN-W,2024-2026,38,37,,545,26,3/8,,20.96,4.85,25.8,0,,0,112.1,2,2026-09-28
T20I,female,1275236,P Agrawal,NOR-W,2022-2025,21,21,,330,25,3/11,,13.2,4.71,16.8,0,,0,70.0,1,2026-09-28
T20I,female,1453564,Cai Yuzhi,CHN-W,2024-2026,38,31,,375,25,4/10,,15,5.29,17,0,,1,70.5,0,2026-09-28
T20I,female,1140105,R Choden,BHU-W,2019-2026,27,26,,415,25,3/12,,16.6,5.13,19.4,0,,0,80.5,2,2026-09-28
T20I,female,1438817,A Dirannehelage,CYP-W,2024-2026,29,23,,321,25,3/5,,12.84,4.32,17.8,0,,0,74.1,3,2026-09-28
T20I,female,546018,B Etim,NGA-W,2019-2024,62,31,,539,25,4/0,,21.56,5.29,24.4,0,,1,101.5,6,2026-09-28
T20I,female,322731,TI Gajanayake,BHR-W,2022-2026,36,33,,648,25,3/4,,25.92,6.2,25,0,,0,104.3,4,2026-09-28
T20I,female,1184545,G Kodali,USA-W,2019-2026,40,40,,599,25,3/25,,23.96,6.03,23.8,0,,0,99.2,4,2026-09-28
T20I,female,1302733,L Mabhero,ZIM-W,2023-2026,34,34,,669,25,2/15,,26.76,6.39,25.1,0,,0,104.4,2,2026-09-28
T20I,female,312174,FL Mackay,NZ-W,2011-2021,30,28,,576,25,3/18,,23.04,6.57,21,0,,0,87.4,1,2026-09-28
T20I,female,1432244,C Ostergaard,DNK-W,2024-2026,29,29,,477,25,3/24,,19.08,5.33,21.4,0,,0,89.2,3,2026-09-28
T20I,female,1352206,Shorna Akter,BAN-W,2023-2026,60,39,,546,25,5/28,,21.84,7.13,18.3,1,,0,76.3,0,2026-09-28
T20I,female,1316846,A Vaidya,SWE-W,2022-2026,34,31,,465,25,2/6,,18.6,5.91,18.8,0,,0,78.4,3,2026-09-28
T20I,female,1337671,KV Vakuruivalu,FJI-W,2022-2025,30,28,,575,25,4/14,,23,6.77,20.3,0,,1,84.5,1,2026-09-28
T20I,female,1430000,Viktoria Frey,EST-W,2023-2025,26,24,,514,25,5/13,,20.56,6.54,18.8,1,,0,78.3,1,2026-09-28
T20I,female,1180468,S Walaza,UGA-W,2019-2026,41,35,,570,25,3/6,,22.8,5.48,24.9,0,,0,103.5,4,2026-09-28
T20I,female,1438826,C Wijesinghe,CYP-W,2024-2026,29,19,,270,25,4/23,,10.8,4.57,14.1,0,,1,59.0,2,2026-09-28
